발생시간,발생지역,검토상태,쓰나미여부,영향도,데이터유형,규모,지역,경도,위도,진원깊이,발생일시,cluster,c,cluster_4
1649437689213,"55 km S of Whites City, New Mexico",reviewed,0,89,earthquake,2.4, New Mexico,-104.4450381,31.68202509,4.923291016,2022-04-08 17:08:09.213000+00:00,0,red,0
1642062926050,southern Idaho,reviewed,0,65,earthquake,2.06,southern Idaho,-115.2041667,44.2723333,10.06,2022-01-13 08:35:26.050000+00:00,0,red,0
1678884847830,"13km N of Deep Springs, CA",reviewed,0,119,earthquake,2.78,California,-117.9975,37.4855,7.77,2023-03-15 12:54:07.830000+00:00,0,red,0
1658212724463,"61 km SE of Denali National Park, Alaska",reviewed,0,50,earthquake,1.8, Alaska,-150.7501,63.2003,125.1,2022-07-19 06:38:44.463000+00:00,0,red,0
1665400218360,"2 km W of Tallaboa, Puerto Rico",reviewed,0,81,earthquake,2.3, Puerto Rico,-66.7418333333333,17.992,13.33,2022-10-10 11:10:18.360000+00:00,0,red,0
1641549816360,"5 km WSW of Volcano, Hawaii",reviewed,0,26,earthquake,1.3, Hawaii,-155.284,19.4196666666667,10.87,2022-01-07 10:03:36.360000+00:00,1,blue,1
1677821628200,"10km NNE of Julian, CA",reviewed,0,6,earthquake,0.62,California,-116.5745,33.1651667,14.17,2023-03-03 05:33:48.200000+00:00,1,blue,1
1668497658332,"18 km SE of Denali National Park, Alaska",reviewed,0,10,earthquake,0.8, Alaska,-151.4619,63.4179,1.0,2022-11-15 07:34:18.332000+00:00,1,blue,1
1659397374434,"262 km ESE of Chiniak, Alaska",reviewed,0,121,earthquake,2.8, Alaska,-148.5988,56.3844,10.0,2022-08-01 23:42:54.434000+00:00,0,red,0
1641233913009,"21 km ENE of Denali Park, Alaska",reviewed,0,39,earthquake,1.6, Alaska,-148.5304,63.8251,102.1,2022-01-03 18:18:33.009000+00:00,0,red,0
1671587741250,"23 km ESE of Port Heiden, Alaska",reviewed,0,0,earthquake,0.17, Alaska,-158.294166666667,56.8308333333333,4.12,2022-12-21 01:55:41.250000+00:00,1,blue,1
1681640326284,"103 km E of McCarthy, Alaska",reviewed,0,26,earthquake,1.3, Alaska,-141.0147,61.6275,2.8,2023-04-16 10:18:46.284000+00:00,1,blue,1
1664984450160,"18km ESE of Anza, CA",reviewed,0,8,earthquake,0.72,California,-116.501,33.4895,10.92,2022-10-05 15:40:50.160000+00:00,1,blue,1
1679713080182,"13 km WNW of Tyonek, Alaska",reviewed,0,26,earthquake,1.3, Alaska,-151.3656,61.1235,81.1,2023-03-25 02:58:00.182000+00:00,0,red,0
1682128296328,"91 km ESE of Ugashik, Alaska",reviewed,0,50,earthquake,1.8, Alaska,-156.0456,57.129,70.4,2023-04-22 01:51:36.328000+00:00,0,red,0
1648450828436,"53 km SSE of Adak, Alaska",reviewed,0,35,earthquake,1.5, Alaska,-176.2071,51.4684,25.2,2022-03-28 07:00:28.436000+00:00,1,blue,1
1682798435420,"6km NW of The Geysers, CA",automatic,0,15,earthquake,1.0,California,-122.8054962,38.8198318,2.94,2023-04-29 20:00:35.420000+00:00,1,blue,1
1647810053210,"10km NW of The Geysers, CA",automatic,0,11,earthquake,0.86,California,-122.8336639,38.8413315,2.61,2022-03-20 21:00:53.210000+00:00,1,blue,1
1689252040930,"4km SE of Yucaipa, CA",reviewed,0,32,earthquake,1.44,California,-117.0108333,34.0151667,17.36,2023-07-13 12:40:40.930000+00:00,1,blue,1
1686239418070,"6km W of Cobb, CA",reviewed,0,13,earthquake,0.93,California,-122.7933333,38.8308333,1.12,2023-06-08 15:50:18.070000+00:00,1,blue,1
1676792919290,"4km WNW of Frazier Park, CA",reviewed,0,15,earthquake,1.0,California,-118.9875,34.8411667,12.08,2023-02-19 07:48:39.290000+00:00,1,blue,1
1664556976620,"24km NNW of Borrego Springs, CA",reviewed,0,11,earthquake,0.85,California,-116.4326667,33.4685,6.52,2022-09-30 16:56:16.620000+00:00,1,blue,1
1676710447929,"3 km SE of Meno, Oklahoma",reviewed,0,50,earthquake,1.81, Oklahoma,-98.15283333,36.36366667,7.0,2023-02-18 08:54:07.929000+00:00,0,red,0
1668672159689,"3 km WSW of Minco, Oklahoma",reviewed,0,47,earthquake,1.74, Oklahoma,-97.97966667,35.307,5.63,2022-11-17 08:02:39.689000+00:00,0,red,0
1650776414872,"68 km ENE of Teller, Alaska",reviewed,0,35,earthquake,1.5, Alaska,-165.1373,65.598,12.0,2022-04-24 05:00:14.872000+00:00,1,blue,1
1662093390752,"67 km SW of Nanwalek, Alaska",reviewed,0,35,earthquake,1.5, Alaska,-152.8896,59.0051,69.9,2022-09-02 04:36:30.752000+00:00,0,red,0
1676518276463,"116 km E of McCarthy, Alaska",reviewed,0,19,earthquake,1.1, Alaska,-140.7386,61.5201,9.0,2023-02-16 03:31:16.463000+00:00,1,blue,1
1644766690270,South Sandwich Islands region,reviewed,0,340,earthquake,4.7,South Sandwich Islands region,-26.3091,-56.2952,35.0,2022-02-13 15:38:10.270000+00:00,2,green,2
1670928770790,"Andreanof Islands, Aleutian Islands, Alaska",reviewed,0,22,earthquake,1.2, Aleutian Islands,-177.965666666667,51.8761666666667,6.02,2022-12-13 10:52:50.790000+00:00,1,blue,1
1683860878742,"56 km NNW of Petersville, Alaska",reviewed,0,26,earthquake,1.3, Alaska,-151.2626,62.9478,104.5,2023-05-12 03:07:58.742000+00:00,0,red,0
1684506012580,"Island of Hawaii, Hawaii",reviewed,0,8,earthquake,0.74, Hawaii,-155.3175,19.4155,1.91,2023-05-19 14:20:12.580000+00:00,1,blue,1
1665637210657,"17 km WSW of Point MacKenzie, Alaska",reviewed,0,19,earthquake,1.1, Alaska,-150.2926,61.3293,10.0,2022-10-13 05:00:10.657000+00:00,1,blue,1
1664594171660,"12km ENE of Cloverdale, CA",automatic,0,11,earthquake,0.84,California,-122.8801651,38.8344994,1.98,2022-10-01 03:16:11.660000+00:00,1,blue,1
1664741304750,"27km SSW of Ocotillo Wells, CA",reviewed,0,30,earthquake,1.4,California,-116.2413333,32.918,10.82,2022-10-02 20:08:24.750000+00:00,1,blue,1
1681406898170,"4 km SW of Cromberg, California",reviewed,0,8,earthquake,0.7, California,-120.7221,39.8254,8.4,2023-04-13 17:28:18.170000+00:00,1,blue,1
1649684849477,"49 km SE of Hengchun, Taiwan",reviewed,0,432,earthquake,5.3, Taiwan,121.0639,21.6724,10.0,2022-04-11 13:47:29.477000+00:00,2,green,2
1654361816910,"40 km NNE of Miches, Dominican Republic",reviewed,0,181,earthquake,3.43, Dominican Republic,-68.9686666666667,19.3383333333333,53.8,2022-06-04 16:56:56.910000+00:00,2,green,2
1679879281270,"Andreanof Islands, Aleutian Islands, Alaska",reviewed,0,18,earthquake,1.08, Aleutian Islands,-178.0845,51.8523333333333,3.25,2023-03-27 01:08:01.270000+00:00,1,blue,1
1648651797130,"8 km NNE of P?hala, Hawaii",automatic,0,52,earthquake,1.83000004, Hawaii,-155.440994262695,19.2674999237061,31.6000003814697,2022-03-30 14:49:57.130000+00:00,0,red,0
1678680996890,"3km W of Cobb, CA",automatic,0,19,earthquake,1.12,California,-122.7618332,38.8190002,1.6,2023-03-13 04:16:36.890000+00:00,1,blue,1
1663909233730,"12 km SSE of P?hala, Hawaii",automatic,0,47,earthquake,1.74000001, Hawaii,-155.419494628906,19.1096668243408,30.9500007629395,2022-09-23 05:00:33.730000+00:00,0,red,0
1646446949879,Southern Alaska,reviewed,0,39,earthquake,1.6,Southern Alaska,-152.5953,59.9947,89.2,2022-03-05 02:22:29.879000+00:00,0,red,0
1686917212029,"182 km W of Adak, Alaska",reviewed,0,68,earthquake,2.1, Alaska,-179.2778,51.799,97.4,2023-06-16 12:06:52.029000+00:00,0,red,0
1649692693790,"8 km S of Volcano, Hawaii",reviewed,0,92,earthquake,2.44, Hawaii,-155.235666666667,19.3686666666667,28.28,2022-04-11 15:58:13.790000+00:00,0,red,0
1644772886892,"9 km W of Point Possession, Alaska",reviewed,0,12,earthquake,0.9, Alaska,-150.8665,60.934,39.2,2022-02-13 17:21:26.892000+00:00,1,blue,1
1677954056760,"Andreanof Islands, Aleutian Islands, Alaska",reviewed,0,168,earthquake,3.3, Aleutian Islands,-176.5667,51.0152,35.0,2023-03-04 18:20:56.760000+00:00,0,red,0
1648950052279,"67 km E of Port Alsworth, Alaska",reviewed,0,35,earthquake,1.5, Alaska,-153.1023,60.1399,126.2,2022-04-03 01:40:52.279000+00:00,0,red,0
1669032617484,"38 km NE of Arctic Village, Alaska",reviewed,0,35,earthquake,1.5, Alaska,-144.8742,68.3734,12.0,2022-11-21 12:10:17.484000+00:00,1,blue,1
1690099006276,California-Nevada border region,reviewed,0,62,earthquake,2.0,California-Nevada border region,-118.1612,38.5397,10.2,2023-07-23 07:56:46.276000+00:00,0,red,0
1657861774550,"78 km N of Arecibo, Puerto Rico",reviewed,0,137,earthquake,2.98, Puerto Rico,-66.5806666666667,19.1665,20.34,2022-07-15 05:09:34.550000+00:00,0,red,0
1668837145850,"2 km S of Guánica, Puerto Rico",reviewed,0,54,earthquake,1.87, Puerto Rico,-66.9073333333333,17.9478333333333,9.64,2022-11-19 05:52:25.850000+00:00,0,red,0
1677644847379,"40 km S of Skwentna, Alaska",reviewed,0,62,earthquake,2.0, Alaska,-151.5019,61.6327,78.1,2023-03-01 04:27:27.379000+00:00,0,red,0
1678037899580,"9km NW of The Geysers, CA",reviewed,0,4,earthquake,0.48,California,-122.826,38.8375,1.88,2023-03-05 17:38:19.580000+00:00,1,blue,1
1675504619310,"3 km SSW of P?hala, Hawaii",automatic,0,60,earthquake,1.97000003, Hawaii,-155.485336303711,19.1711673736572,35.0099983215332,2023-02-04 09:56:59.310000+00:00,0,red,0
1666674338350,"11km NNE of Borrego Springs, CA",reviewed,0,6,earthquake,0.61,California,-116.3408333,33.3541667,14.33,2022-10-25 05:05:38.350000+00:00,1,blue,1
1643230145600,"6km E of Yucaipa, CA",reviewed,0,12,earthquake,0.89,California,-116.9755,34.0333333,12.84,2022-01-26 20:49:05.600000+00:00,1,blue,1
1688262824590,Alaska Peninsula,reviewed,0,0,earthquake,0.04,Alaska Peninsula,-155.278833333333,58.1871666666667,1.68,2023-07-02 01:53:44.590000+00:00,1,blue,1
1665222163750,"6km NW of The Geysers, CA",automatic,0,11,earthquake,0.84,California,-122.8006668,38.815834,0.11,2022-10-08 09:42:43.750000+00:00,1,blue,1
1664329542783,Reykjanes Ridge,reviewed,0,340,earthquake,4.7,Reykjanes Ridge,-35.3643,53.8309,10.0,2022-09-28 01:45:42.783000+00:00,2,green,2
1641704590520,"7 km E of La Parguera, Puerto Rico",reviewed,0,77,earthquake,2.24, Puerto Rico,-66.9808,17.9636,7.0,2022-01-09 05:03:10.520000+00:00,0,red,0
1670416074771,"112 km ESE of Akutan, Alaska",reviewed,0,96,earthquake,2.5, Alaska,-164.1223,53.8618,35.0,2022-12-07 12:27:54.771000+00:00,0,red,0
1661524242045,"18 km SE of Ackerly, Texas",reviewed,0,149,earthquake,3.1, Texas,-101.598347,32.394104,11.37145996,2022-08-26 14:30:42.045000+00:00,0,red,0
1655537842977,"40 km E of Chase, Alaska",reviewed,0,15,earthquake,1.0, Alaska,-149.3335,62.5035,60.4,2022-06-18 07:37:22.977000+00:00,1,blue,1
1684147105129,"48 km ENE of Fort Bidwell, California",reviewed,0,4,earthquake,0.5, California,-119.5947,41.9865,0.3,2023-05-15 10:38:25.129000+00:00,1,blue,1
1646943102292,"19 km NW of Chase, Alaska",reviewed,0,22,earthquake,1.2, Alaska,-150.339,62.5864,57.0,2022-03-10 20:11:42.292000+00:00,1,blue,1
1660343631370,"2km NNW of The Geysers, CA",automatic,0,11,earthquake,0.85,California,-122.7669983,38.7906685,1.32,2022-08-12 22:33:51.370000+00:00,1,blue,1
1651128409402,"36 km SW of Hihifo, Tonga",reviewed,0,312,earthquake,4.5, Tonga,-174.0642,-16.1621,138.05,2022-04-28 06:46:49.402000+00:00,2,green,2
1641286249400,"6km E of San Ardo, CA",reviewed,0,10,earthquake,0.8,California,-120.8381667,36.0186667,8.81,2022-01-04 08:50:49.400000+00:00,1,blue,1
1685786156410,"16km N of Borrego Springs, CA",reviewed,0,10,earthquake,0.81,California,-116.3893333,33.3988333,6.1,2023-06-03 09:55:56.410000+00:00,1,blue,1
1651487031275,"24 km SSW of Karluk, Alaska",reviewed,0,30,earthquake,1.4, Alaska,-154.6346,57.3734,15.3,2022-05-02 10:23:51.275000+00:00,1,blue,1
1684189975299,"10 km W of Lamont, Oklahoma",reviewed,0,81,earthquake,2.3, Oklahoma,-97.66933333,36.70133333,7.44,2023-05-15 22:32:55.299000+00:00,0,red,0
1646460464870,"7 km SE of Bondurant, Wyoming",reviewed,0,54,earthquake,1.88, Wyoming,-110.3323333,43.1655,4.82,2022-03-05 06:07:44.870000+00:00,0,red,0
1658713465264,"70 km WNW of Petersville, Alaska",reviewed,0,15,earthquake,1.0, Alaska,-152.0753,62.6897,13.7,2022-07-25 01:44:25.264000+00:00,1,blue,1
1642777370792,"59 km N of Petersville, Alaska",reviewed,0,35,earthquake,1.5, Alaska,-150.8452,63.0257,1.5,2022-01-21 15:02:50.792000+00:00,1,blue,1
1671985176588,"10 km S of Trapper Creek, Alaska",reviewed,0,15,earthquake,1.0, Alaska,-150.2433,62.2263,15.7,2022-12-25 16:19:36.588000+00:00,1,blue,1
1689570720720,"86 km NNW of Karluk, Alaska",reviewed,0,9,earthquake,0.77, Alaska,-155.130666666667,58.26,32.48,2023-07-17 05:12:00.720000+00:00,1,blue,1
1681627662088,"8 km ESE of Happy Valley, Alaska",reviewed,0,30,earthquake,1.4, Alaska,-151.5848,59.9236,69.0,2023-04-16 06:47:42.088000+00:00,0,red,0
1673438045933,"31 km NW of Nanwalek, Alaska",reviewed,0,50,earthquake,1.8, Alaska,-152.2913,59.5696,78.4,2023-01-11 11:54:05.933000+00:00,0,red,0
1666561983847,"61 km NE of Nikolski, Alaska",reviewed,0,35,earthquake,1.5, Alaska,-168.1421,53.278,20.5,2022-10-23 21:53:03.847000+00:00,1,blue,1
1669002458402,"8 km NNW of Meadow Lakes, Alaska",reviewed,0,26,earthquake,1.3, Alaska,-149.6727,61.6939,50.6,2022-11-21 03:47:38.402000+00:00,0,red,0
1658944039890,"3km SE of The Geysers, CA",automatic,0,2,earthquake,0.33,California,-122.7303314,38.760334,2.92,2022-07-27 17:47:19.890000+00:00,1,blue,1
1662286781920,"6km NW of The Geysers, CA",automatic,0,10,earthquake,0.82,California,-122.8065033,38.8154984,1.82,2022-09-04 10:19:41.920000+00:00,1,blue,1
1672235568200,Bismarck Sea,reviewed,0,312,earthquake,4.5,Bismarck Sea,146.4344,-3.3418,10.0,2022-12-28 13:52:48.200000+00:00,2,green,2
1657325246486,Mariana Islands region,reviewed,0,326,earthquake,4.6,Mariana Islands region,147.4118,18.8349,10.0,2022-07-09 00:07:26.486000+00:00,2,green,2
1678504971980,"25 km W of Petersville, Alaska",reviewed,0,19,earthquake,1.1, Alaska,-151.2485,62.4684,75.8,2023-03-11 03:22:51.980000+00:00,0,red,0
1653189711570,"22 km WSW of Puerto Real, Puerto Rico",reviewed,0,136,earthquake,2.97, Puerto Rico,-67.3963333333333,18.0231666666667,2.62,2022-05-22 03:21:51.570000+00:00,0,red,0
1681623925941,"11 km SSW of Point Possession, Alaska",reviewed,0,22,earthquake,1.2, Alaska,-150.7788,60.8262,15.8,2023-04-16 05:45:25.941000+00:00,1,blue,1
1644203195737,"28 km SSE of Mina, Nevada",reviewed,0,6,earthquake,0.6, Nevada,-118.0061,38.148,7.8,2022-02-07 03:06:35.737000+00:00,1,blue,1
1652133020539,"6 km NW of Jefferson, Oklahoma",reviewed,0,76,earthquake,2.22, Oklahoma,-97.83416667,36.76516667,6.0,2022-05-09 21:50:20.539000+00:00,0,red,0
1651912737608,"36 km ENE of Yakutat, Alaska",reviewed,0,39,earthquake,1.6, Alaska,-139.0922,59.6253,9.6,2022-05-07 08:38:57.608000+00:00,1,blue,1
1647239384029,"20 km WNW of Konibodom, Tajikistan",reviewed,0,313,earthquake,4.5, Tajikistan,70.2011,40.3332,10.0,2022-03-14 06:29:44.029000+00:00,2,green,2
1686766131141,"242 km SSE of Sarangani, Philippines",reviewed,0,312,earthquake,4.5, Philippines,126.5868,3.5269,49.776,2023-06-14 18:08:51.141000+00:00,2,green,2
1679511389146,"87 km ESE of Akutan, Alaska",reviewed,0,81,earthquake,2.3, Alaska,-164.6472,53.7132,45.3,2023-03-22 18:56:29.146000+00:00,0,red,0
1652099699601,"30 km WNW of Minto, Alaska",reviewed,0,44,earthquake,1.7, Alaska,-149.9733,65.2288,13.5,2022-05-09 12:34:59.601000+00:00,0,red,0
1674286265590,"6km W of Cobb, CA",reviewed,0,1,earthquake,0.23,California,-122.7935,38.8258333,1.06,2023-01-21 07:31:05.590000+00:00,1,blue,1
1656722575649,"57 km WSW of Tatitlek, Alaska",reviewed,0,26,earthquake,1.3, Alaska,-147.6269,60.6366,18.1,2022-07-02 00:42:55.649000+00:00,1,blue,1
1645429098726,"34 km N of Chickaloon, Alaska",reviewed,0,62,earthquake,2.0, Alaska,-148.5869,62.1035,20.3,2022-02-21 07:38:18.726000+00:00,0,red,0
1652944678159,"128 km SSE of Sand Point, Alaska",reviewed,0,35,earthquake,1.5, Alaska,-159.9168,54.2306,25.2,2022-05-19 07:17:58.159000+00:00,1,blue,1
1650505107244,"60 km W of Cantwell, Alaska",reviewed,0,19,earthquake,1.1, Alaska,-150.169,63.4084,108.7,2022-04-21 01:38:27.244000+00:00,0,red,0
1656454304490,"9km E of Mammoth Lakes, CA",reviewed,0,1,earthquake,0.31,California,-118.8771667,37.626,1.59,2022-06-28 22:11:44.490000+00:00,1,blue,1
1688640026359,"36 km WSW of Manley Hot Springs, Alaska",reviewed,0,8,earthquake,0.7, Alaska,-151.3315,64.8529,11.9,2023-07-06 10:40:26.359000+00:00,1,blue,1
1647541464350,"2km NNW of Loma Linda, CA",reviewed,0,29,earthquake,1.37,California,-117.2658333,34.0625,15.23,2022-03-17 18:24:24.350000+00:00,1,blue,1
1680848693494,"14 km NNW of Four Mile Road, Alaska",reviewed,0,2,earthquake,0.4, Alaska,-149.2203,64.7252,14.8,2023-04-07 06:24:53.494000+00:00,1,blue,1
1650423761693,"41 km ENE of Pilar, Philippines",reviewed,0,298,earthquake,4.4, Philippines,126.44,10.0367,10.0,2022-04-20 03:02:41.693000+00:00,2,green,2
1656770029420,"11 km ESE of P?hala, Hawaii",automatic,0,52,earthquake,1.83000004, Hawaii,-155.381500244141,19.1494998931885,30.0100002288818,2022-07-02 13:53:49.420000+00:00,0,red,0
1643876403490,"7 km ESE of Amber, Oklahoma",reviewed,0,28,earthquake,1.35, Oklahoma,-97.80283333,35.14583333,7.33,2022-02-03 08:20:03.490000+00:00,1,blue,1
1653586382207,"49 km S of King Cove, Alaska",reviewed,0,30,earthquake,1.4, Alaska,-162.1699,54.6223,24.4,2022-05-26 17:33:02.207000+00:00,1,blue,1
1668882104351,Carlsberg Ridge,reviewed,0,298,earthquake,4.4,Carlsberg Ridge,67.3686,2.1292,10.0,2022-11-19 18:21:44.351000+00:00,2,green,2
1684447938865,"Andreanof Islands, Aleutian Islands, Alaska",reviewed,0,138,earthquake,3.0, Aleutian Islands,-173.2308,50.987,10.0,2023-05-18 22:12:18.865000+00:00,0,red,0
1670672211100,"102 km N of San Juan, Puerto Rico",reviewed,0,171,earthquake,3.33, Puerto Rico,-65.9236666666667,19.379,10.29,2022-12-10 11:36:51.100000+00:00,0,red,0
1665406571364,"57 km E of Port Alsworth, Alaska",reviewed,0,56,earthquake,1.9, Alaska,-153.2817,60.2183,131.1,2022-10-10 12:56:11.364000+00:00,0,red,0
1652942474240,"1km NE of Mira Loma, CA",reviewed,0,40,earthquake,1.61,California,-117.5075,34.002,2.67,2022-05-19 06:41:14.240000+00:00,1,blue,1
1676188789880,"8 km SW of Corinne, Utah",reviewed,0,8,earthquake,0.74, Utah,-112.1816667,41.5021667,6.34,2023-02-12 07:59:49.880000+00:00,1,blue,1
1648547152391,"50 km NE of Chase, Alaska",reviewed,0,26,earthquake,1.3, Alaska,-149.3191,62.7185,65.8,2022-03-29 09:45:52.391000+00:00,0,red,0
1661250351540,Pacific-Antarctic Ridge,reviewed,0,449,earthquake,5.4,Pacific-Antarctic Ridge,-158.7594,-62.5792,10.0,2022-08-23 10:25:51.540000+00:00,2,green,2
1688304457294,"31 km S of Alamo, Nevada",reviewed,0,10,earthquake,0.8, Nevada,-115.1038,37.0817,0.0,2023-07-02 13:27:37.294000+00:00,1,blue,1
1671480650096,"38 km ENE of Calama, Chile",reviewed,0,369,earthquake,4.9, Chile,-68.5982,-22.292,112.952,2022-12-19 20:10:50.096000+00:00,2,green,2
1647520215808,"81 km SE of Ishinomaki, Japan",reviewed,0,340,earthquake,4.7, Japan,142.0485,37.975,56.4,2022-03-17 12:30:15.808000+00:00,2,green,2
1661709837010,"64 km ENE of Pedro Bay, Alaska",reviewed,0,0,earthquake,0.09, Alaska,-153.136,60.1033333333333,17.78,2022-08-28 18:03:57.010000+00:00,1,blue,1
1678290607682,"56 km W of Kalifornsky, Alaska",reviewed,0,30,earthquake,1.4, Alaska,-152.3125,60.4717,95.2,2023-03-08 15:50:07.682000+00:00,0,red,0
1650887431413,"1 km WSW of Minden, Nevada",reviewed,0,19,earthquake,1.1, Nevada,-119.7762,38.9493,5.3,2022-04-25 11:50:31.413000+00:00,1,blue,1
1674336211220,"68 km ENE of Pedro Bay, Alaska",reviewed,0,56,earthquake,1.9, Alaska,-153.0281,60.0833,109.8,2023-01-21 21:23:31.220000+00:00,0,red,0
1680769259580,"4km NE of Westmorland, CA",reviewed,0,24,earthquake,1.25,California,-115.5833333,33.0611667,5.76,2023-04-06 08:20:59.580000+00:00,1,blue,1
1669778963410,"31 km WNW of Haines Junction, Canada",reviewed,0,130,earthquake,2.9, Canada,-137.9986,60.8998,5.946,2022-11-30 03:29:23.410000+00:00,0,red,0
1655627339432,"15 km SE of Gonzales, Texas",reviewed,0,81,earthquake,2.3, Texas,-97.36523437,29.38934326,5.991414388,2022-06-19 08:28:59.432000+00:00,0,red,0
1689423026720,"5 km WNW of Cobb, CA",reviewed,0,44,earthquake,1.7,California,-122.7801667,38.8353333,1.93,2023-07-15 12:10:26.720000+00:00,1,blue,1
1665387815376,south of Alaska,reviewed,0,96,earthquake,2.5,south of Alaska,-159.334,54.4907,35.0,2022-10-10 07:43:35.376000+00:00,0,red,0
1676124198124,"47 km WNW of Beluga, Alaska",reviewed,0,44,earthquake,1.7, Alaska,-151.8853,61.3239,86.5,2023-02-11 14:03:18.124000+00:00,0,red,0
1649507433996,"20 km NE of Chase, Alaska",reviewed,0,15,earthquake,1.0, Alaska,-149.7877,62.5686,54.2,2022-04-09 12:30:33.996000+00:00,1,blue,1
1647412127520,"17km ESE of Anza, CA",reviewed,0,0,earthquake,0.1,California,-116.4968333,33.5056667,14.1,2022-03-16 06:28:47.520000+00:00,1,blue,1
1687231082820,"62 km E of Adak, Alaska",reviewed,0,50,earthquake,1.8, Alaska,-175.7331,51.859,66.2,2023-06-20 03:18:02.820000+00:00,0,red,0
1681985157010,"3km WSW of Anderson Springs, CA",automatic,0,9,earthquake,0.77,California,-122.723999,38.762001,3.35,2023-04-20 10:05:57.010000+00:00,1,blue,1
1682750811260,"16km S of Valle Vista, CA",reviewed,0,2,earthquake,0.36,California,-116.8781667,33.6046667,14.24,2023-04-29 06:46:51.260000+00:00,1,blue,1
1642352378471,"131 km SW of Nikolski, Alaska",reviewed,0,158,earthquake,3.2, Alaska,-170.3421,52.1745,35.0,2022-01-16 16:59:38.471000+00:00,0,red,0
1662695944360,"8km W of Holtville, CA",reviewed,0,50,earthquake,1.81,California,-115.469,32.811,12.02,2022-09-09 03:59:04.360000+00:00,0,red,0
1670681371309,"53 km S of Whites City, New Mexico",reviewed,0,81,earthquake,2.3, New Mexico,-104.3651636,31.69059085,6.491479492,2022-12-10 14:09:31.309000+00:00,0,red,0
1681235363230,"10 km S of Okarche, Oklahoma",reviewed,0,34,earthquake,1.48, Oklahoma,-97.9805,35.62983333,3.07,2023-04-11 17:49:23.230000+00:00,1,blue,1
1654592354860,"8km ESE of Pinnacles, CA",reviewed,0,19,earthquake,1.11,California,-121.0718333,36.4968333,5.82,2022-06-07 08:59:14.860000+00:00,1,blue,1
1668545464754,"82 km ESE of Denali Park, Alaska",reviewed,0,12,earthquake,0.9, Alaska,-147.3042,63.5464,9.1,2022-11-15 20:51:04.754000+00:00,1,blue,1
1683231555506,"41 km ENE of Adak, Alaska",reviewed,0,68,earthquake,2.1, Alaska,-176.0844,52.0264,143.3,2023-05-04 20:19:15.506000+00:00,0,red,0
1645887211880,"38 km WNW of Rincón, Puerto Rico",reviewed,0,58,earthquake,1.95, Puerto Rico,-67.572,18.509,17.27,2022-02-26 14:53:31.880000+00:00,0,red,0
1667633821802,"109 km SW of La Esperanza (El Zapotal), Mexico",reviewed,0,246,earthquake,4.0, Mexico,-93.7517,14.6367,29.535,2022-11-05 07:37:01.802000+00:00,2,green,2
1686846114210,"22km SSW of Ocotillo Wells, CA",reviewed,0,5,earthquake,0.55,California,-116.2565,32.9736667,11.45,2023-06-15 16:21:54.210000+00:00,1,blue,1
1665686632470,"85 km NW of Karluk, Alaska",reviewed,0,2,earthquake,0.33, Alaska,-155.360166666667,58.1696666666667,2.54,2022-10-13 18:43:52.470000+00:00,1,blue,1
1679872350250,"12km ESE of Puebla, B.C., MX",reviewed,0,83,earthquake,2.32, B.C.,-115.2271667,32.5371667,23.41,2023-03-26 23:12:30.250000+00:00,0,red,0
1667544224820,"3km WSW of Cobb, CA",automatic,0,3,earthquake,0.45,California,-122.7611694,38.815834,1.85,2022-11-04 06:43:44.820000+00:00,1,blue,1
1665759269530,"9km SSE of Mammoth Lakes, CA",reviewed,0,25,earthquake,1.27,California,-118.9283333,37.5641667,7.71,2022-10-14 14:54:29.530000+00:00,1,blue,1
1686476959053,"23 km S of Mina, Nevada",reviewed,0,10,earthquake,0.8, Nevada,-118.156,38.1834,1.7,2023-06-11 09:49:19.053000+00:00,1,blue,1
1659844656207,"16 km ESE of Kelly, Wyoming",reviewed,0,26,earthquake,1.3, Wyoming,-110.4185,43.5927,9.923,2022-08-07 03:57:36.207000+00:00,1,blue,1
1679479726483,"175 km ESE of Cordova, Alaska",reviewed,0,39,earthquake,1.6, Alaska,-143.0774,59.7071,10.0,2023-03-22 10:08:46.483000+00:00,1,blue,1
1676003380180,"6km NW of The Geysers, CA",automatic,0,18,earthquake,1.09,California,-122.8044968,38.8223343,2.68,2023-02-10 04:29:40.180000+00:00,1,blue,1
1650400208420,"8km SSE of Brawley, CA",reviewed,0,236,earthquake,3.72,California,-115.5138333,32.9105,11.46,2022-04-19 20:30:08.420000+00:00,2,green,2
1664945607810,"42 km SSW of Snowville, Utah",reviewed,0,15,earthquake,0.98, Utah,-112.9195,41.6161667,1.28,2022-10-05 04:53:27.810000+00:00,1,blue,1
1686652070642,"26 km W of Petersville, Alaska",reviewed,0,22,earthquake,1.2, Alaska,-151.2726,62.5201,80.6,2023-06-13 10:27:50.642000+00:00,0,red,0
1685137140691,Southern Alaska,reviewed,0,39,earthquake,1.6,Southern Alaska,-153.0648,59.556,98.6,2023-05-26 21:39:00.691000+00:00,0,red,0
1642458690120,"37 km NNE of Amboy, Washington",reviewed,0,3,earthquake,0.41, Washington,-122.1905,46.1936666666667,3.45,2022-01-17 22:31:30.120000+00:00,1,blue,1
1664874012511,"48 km SSW of Cantwell, Alaska",reviewed,0,12,earthquake,0.9, Alaska,-149.3103,62.989,65.8,2022-10-04 09:00:12.511000+00:00,1,blue,1
1689471155819,"96 km NE of Sanana, Indonesia",reviewed,0,284,earthquake,4.3, Indonesia,126.6071,-1.4645,10.0,2023-07-16 01:32:35.819000+00:00,2,green,2
1685954680427,"7 km S of Cold Springs, Nevada",reviewed,0,19,earthquake,1.1, Nevada,-119.9803,39.6158,5.1,2023-06-05 08:44:40.427000+00:00,1,blue,1
1656418960050,"7km W of Cobb, CA",reviewed,0,3,earthquake,0.41,California,-122.8003333,38.8273333,2.2,2022-06-28 12:22:40.050000+00:00,1,blue,1
1641380176774,"34 km SE of Mina, Nevada",reviewed,0,22,earthquake,1.2, Nevada,-117.8201,38.1797,6.8,2022-01-05 10:56:16.774000+00:00,1,blue,1
1647650708567,"17 km SSE of Ackerly, Texas",reviewed,0,158,earthquake,3.2, Texas,-101.638005,32.38586426,5.135498046999999,2022-03-19 00:45:08.567000+00:00,0,red,0
1672806139270,"8km NW of The Geysers, CA",automatic,0,9,earthquake,0.77,California,-122.8190002,38.831501,1.65,2023-01-04 04:22:19.270000+00:00,1,blue,1
1674284935054,Central Alaska,reviewed,0,12,earthquake,0.9,Central Alaska,-148.102,64.6161,14.2,2023-01-21 07:08:55.054000+00:00,1,blue,1
1677250646140,"11km S of Borrego Springs, CA",reviewed,0,23,earthquake,1.23,California,-116.3745,33.157,11.38,2023-02-24 14:57:26.140000+00:00,1,blue,1
1656302217061,"69 km SW of Nanwalek, Alaska",reviewed,0,35,earthquake,1.5, Alaska,-152.7573,58.8983,64.8,2022-06-27 03:56:57.061000+00:00,0,red,0
1656414428940,"10km NE of San Martin, CA",reviewed,0,40,earthquake,1.61,California,-121.5391667,37.1506667,5.78,2022-06-28 11:07:08.940000+00:00,1,blue,1
1661463219863,"39 km NW of Valdez, Alaska",reviewed,0,30,earthquake,1.4, Alaska,-146.8349,61.3988,11.2,2022-08-25 21:33:39.863000+00:00,1,blue,1
1688640621803,"51 km S of Denali National Park, Alaska",reviewed,0,15,earthquake,1.0, Alaska,-151.5971,63.0784,10.9,2023-07-06 10:50:21.803000+00:00,1,blue,1
1675817493791,"29 km NNE of Paxson, Alaska",reviewed,0,30,earthquake,1.4, Alaska,-145.387,63.3371,9.4,2023-02-08 00:51:33.791000+00:00,1,blue,1
1642046043370,"23km SSW of La Quinta, CA",reviewed,0,21,earthquake,1.09,California,-116.4283333,33.4775,14.34,2022-01-13 03:54:03.370000+00:00,1,blue,1
1658705866340,"11km NE of Maricopa, CA",reviewed,0,41,earthquake,1.63,California,-119.3311667,35.1393333,11.03,2022-07-24 23:37:46.340000+00:00,1,blue,1
1675521187040,"4km E of Loma Linda, CA",reviewed,0,13,earthquake,0.93,California,-117.2225,34.0481667,12.29,2023-02-04 14:33:07.040000+00:00,1,blue,1
1641440605141,"57 km E of Port Alsworth, Alaska",reviewed,0,50,earthquake,1.8, Alaska,-153.2783,60.1546,142.1,2022-01-06 03:43:25.141000+00:00,0,red,0
1672437377368,"73 km SE of Perryville, Alaska",reviewed,0,104,earthquake,2.6, Alaska,-158.3426,55.4322,16.4,2022-12-30 21:56:17.368000+00:00,0,red,0
1676977600910,"87 km NW of Karluk, Alaska",reviewed,0,1,earthquake,0.2, Alaska,-155.379833333333,58.1833333333333,2.8,2023-02-21 11:06:40.910000+00:00,1,blue,1
1682526936310,"14 km S of Fern Forest, Hawaii",automatic,0,48,earthquake,1.76, Hawaii,-155.11833190918,19.3330001831055,1.37000000476837,2023-04-26 16:35:36.310000+00:00,0,red,0
1685898517874,"35 km NNW of Toyah, Texas",reviewed,0,68,earthquake,2.1, Texas,-103.9668833,31.60100146,8.445288086,2023-06-04 17:08:37.874000+00:00,0,red,0
1674661856400,"158 km NW of Tobelo, Indonesia",reviewed,0,271,earthquake,4.2, Indonesia,127.0816,2.8144,46.865,2023-01-25 15:50:56.400000+00:00,2,green,2
1654687821589,"101 km NNE of Arctic Village, Alaska",reviewed,0,26,earthquake,1.3, Alaska,-144.3191,68.9154,9.2,2022-06-08 11:30:21.589000+00:00,1,blue,1
1643690983156,"46 km NNW of Nuku‘alofa, Tonga",reviewed,0,298,earthquake,4.4, Tonga,-175.4248,-20.775,10.0,2022-02-01 04:49:43.156000+00:00,2,green,2
1670907730260,"89 km W of Adak, Alaska",reviewed,0,25,earthquake,1.28, Alaska,-177.930833333333,51.8631666666667,5.86,2022-12-13 05:02:10.260000+00:00,1,blue,1
1689491193741,"81 km SSW of Sand Point, Alaska",reviewed,0,104,earthquake,2.6, Alaska,-160.863,54.6337,14.9,2023-07-16 07:06:33.741000+00:00,0,red,0
1663318181870,"5km NW of Parkfield, CA",reviewed,0,75,earthquake,2.21,California,-120.4773333,35.9265,4.94,2022-09-16 08:49:41.870000+00:00,0,red,0
1680378868164,"70 km ENE of Cantwell, Alaska",reviewed,0,26,earthquake,1.3, Alaska,-147.5632,63.526,5.7,2023-04-01 19:54:28.164000+00:00,1,blue,1
1671090941168,"34 km NW of Pahrump, Nevada",reviewed,0,0,earthquake,0.1, Nevada,-116.2276,36.447,0.5,2022-12-15 07:55:41.168000+00:00,1,blue,1
1660243242950,"1km NW of Anderson Springs, CA",reviewed,0,10,earthquake,0.79,California,-122.7023333,38.7816667,1.9,2022-08-11 18:40:42.950000+00:00,1,blue,1
1673369264740,"9 km NE of Dutch Harbor, Alaska",reviewed,0,41,earthquake,1.64, Alaska,-166.4255,53.9396666666667,9.87,2023-01-10 16:47:44.740000+00:00,1,blue,1
1645191617030,"0 km ENE of Fuig, Puerto Rico",reviewed,0,89,earthquake,2.41, Puerto Rico,-66.9115,17.989,10.01,2022-02-18 13:40:17.030000+00:00,0,red,0
1671626005970,"4 km WSW of Volcano, Hawaii",reviewed,0,117,earthquake,2.76, Hawaii,-155.273,19.4226666666667,0.37,2022-12-21 12:33:25.970000+00:00,0,red,0
1657021295242,"32 km SE of Mina, Nevada",reviewed,0,8,earthquake,0.7, Nevada,-117.9031,38.149,8.9,2022-07-05 11:41:35.242000+00:00,1,blue,1
1682761171790,"7km NE of Alum Rock, CA",reviewed,0,56,earthquake,1.91,California,-121.7745,37.4183333,4.59,2023-04-29 09:39:31.790000+00:00,0,red,0
1645143782026,"64 km S of Shungnak, Alaska",reviewed,0,19,earthquake,1.1, Alaska,-157.1927,66.3057,8.6,2022-02-18 00:23:02.026000+00:00,1,blue,1
1646094296842,"73 km ESE of Sand Point, Alaska",reviewed,0,129,earthquake,2.9, Alaska,-159.4399,55.0841,12.82,2022-03-01 00:24:56.842000+00:00,0,red,0
1686323424285,"28 km S of Denali National Park, Alaska",reviewed,0,104,earthquake,2.6, Alaska,-151.6985,63.286,5.8,2023-06-09 15:10:24.285000+00:00,0,red,0
1641792276870,"10km ENE of Ocotillo Wells, CA",reviewed,0,28,earthquake,1.36,California,-116.0353333,33.1821667,7.83,2022-01-10 05:24:36.870000+00:00,1,blue,1
1648184229179,"11 km ESE of Crowder, Oklahoma",reviewed,0,21,earthquake,1.16, Oklahoma,-95.54433333,35.10033333,7.3,2022-03-25 04:57:09.179000+00:00,1,blue,1
1661656648680,"21 km NE of West Yellowstone, Montana",reviewed,0,17,earthquake,1.05, Montana,-110.9083333,44.7946667,5.03,2022-08-28 03:17:28.680000+00:00,1,blue,1
1648367011252,"28 km SSE of Mina, Nevada",automatic,0,15,earthquake,1.0, Nevada,-117.9424,38.1737,8.0,2022-03-27 07:43:31.252000+00:00,1,blue,1
1677181086719,"0 km NW of Cole, Oklahoma",reviewed,0,38,earthquake,1.57, Oklahoma,-97.57783333,35.10666667,7.97,2023-02-23 19:38:06.719000+00:00,1,blue,1
1641023880085,"16 km WNW of Gabbs, Nevada",automatic,0,56,earthquake,1.9, Nevada,-118.1077,38.9086,10.0,2022-01-01 07:58:00.085000+00:00,0,red,0
1685246364550,"3km SSW of Anza, CA",reviewed,0,12,earthquake,0.89,California,-116.6836667,33.5298333,9.85,2023-05-28 03:59:24.550000+00:00,1,blue,1
1657939840700,"18km W of Searles Valley, CA",reviewed,0,16,earthquake,1.03,California,-117.6081667,35.7865,10.7,2022-07-16 02:50:40.700000+00:00,1,blue,1
1646601487810,"6km NW of The Geysers, CA",automatic,0,19,earthquake,1.12,California,-122.7968369,38.8191681,2.52,2022-03-06 21:18:07.810000+00:00,1,blue,1
1663093179282,"113 km WSW of Adak, Alaska",reviewed,0,35,earthquake,1.5, Alaska,-178.1649,51.5004,13.2,2022-09-13 18:19:39.282000+00:00,1,blue,1
1660033825029,"6 km ENE of Coleville, California",reviewed,0,22,earthquake,1.2, California,-119.4433,38.5918,6.7,2022-08-09 08:30:25.029000+00:00,1,blue,1
1644379551690,"42km WSW of Olancha, CA",reviewed,0,115,earthquake,2.73,California,-118.4408333,36.1376667,3.29,2022-02-09 04:05:51.690000+00:00,0,red,0
1683562206047,"249 km SSW of Prince Rupert, Canada",reviewed,1,271,earthquake,4.2, Canada,-132.0576,52.3272,10.0,2023-05-08 16:10:06.047000+00:00,2,green,2
1669794090180,"4km NNW of Fontana, CA",reviewed,0,21,earthquake,1.16,California,-117.48,34.127,4.48,2022-11-30 07:41:30.180000+00:00,1,blue,1
1652950837610,"4 km ENE of Oso, Washington",reviewed,0,10,earthquake,0.8, Washington,-121.8805,48.29216666666667,8.25,2022-05-19 09:00:37.610000+00:00,1,blue,1
1660649318232,"19 km W of Anchorage, Alaska",reviewed,0,22,earthquake,1.2, Alaska,-150.2548,61.21,42.0,2022-08-16 11:28:38.232000+00:00,1,blue,1
1675928201384,"70 km SE of Denali National Park, Alaska",reviewed,0,30,earthquake,1.4, Alaska,-150.5804,63.1732,115.7,2023-02-09 07:36:41.384000+00:00,0,red,0
1663676704884,northern Mid-Atlantic Ridge,reviewed,0,271,earthquake,4.2,northern Mid-Atlantic Ridge,-31.8093,52.65,10.0,2022-09-20 12:25:04.884000+00:00,2,green,2
1648937115183,"127 km SSW of Hihifo, Tonga",reviewed,0,416,earthquake,5.2, Tonga,-174.396,-16.9547,10.0,2022-04-02 22:05:15.183000+00:00,2,green,2
1641678935465,"67 km S of Shungnak, Alaska",reviewed,0,30,earthquake,1.4, Alaska,-157.0879,66.2842,10.4,2022-01-08 21:55:35.465000+00:00,1,blue,1
1647791473660,"24 km SSW of Kanosh, Utah",reviewed,0,17,earthquake,1.04, Utah,-112.5465,38.5935,2.23,2022-03-20 15:51:13.660000+00:00,1,blue,1
1646971320304,"114 km ESE of Akutan, Alaska",reviewed,0,50,earthquake,1.8, Alaska,-164.2916,53.5919,11.9,2022-03-11 04:02:00.304000+00:00,0,red,0
1678669000270,"93 km W of Adak, Alaska",reviewed,0,6,earthquake,0.6, Alaska,-177.985333333333,51.8726666666667,5.38,2023-03-13 00:56:40.270000+00:00,1,blue,1
1689641374980,"84 km NNW of Karluk, Alaska",reviewed,0,3,earthquake,0.46, Alaska,-155.069,58.2536666666667,4.17,2023-07-18 00:49:34.980000+00:00,1,blue,1
1656218300280,"11km S of Olancha, CA",reviewed,0,32,earthquake,1.44,California,-118.0078333,36.1851667,2.6,2022-06-26 04:38:20.280000+00:00,1,blue,1
1654447169752,"18 km ENE of Nikiski, Alaska",reviewed,0,22,earthquake,1.2, Alaska,-150.9716,60.7533,63.4,2022-06-05 16:39:29.752000+00:00,0,red,0
1661334025820,"5km WNW of Dublin, CA",reviewed,0,26,earthquake,1.3,California,-121.9858333,37.7276667,8.91,2022-08-24 09:40:25.820000+00:00,1,blue,1
1669720055930,"54 km S of Whites City, New Mexico",reviewed,0,62,earthquake,2.0, New Mexico,-104.3979807,31.68762444,6.080151367,2022-11-29 11:07:35.930000+00:00,0,red,0
1653814742410,"15 km NNW of Finschhafen, Papua New Guinea",reviewed,0,340,earthquake,4.7, Papua New Guinea,147.7792,-6.4311,61.93,2022-05-29 08:59:02.410000+00:00,2,green,2
1675120619216,"116 km E of McCarthy, Alaska",reviewed,0,44,earthquake,1.7, Alaska,-140.7426,61.4915,4.5,2023-01-30 23:16:59.216000+00:00,1,blue,1
1667577607270,"7km ESE of Mesa Vista, CA",reviewed,0,37,earthquake,1.56,California,-119.7388333,38.7648333,2.13,2022-11-04 16:00:07.270000+00:00,1,blue,1
1676694304396,"39 km S of Cantwell, Alaska",reviewed,0,26,earthquake,1.3, Alaska,-149.054,63.0363,71.1,2023-02-18 04:25:04.396000+00:00,0,red,0
1644667949281,"67 km W of Salamatof, Alaska",reviewed,0,68,earthquake,2.1, Alaska,-152.5457,60.5489,5.2,2022-02-12 12:12:29.281000+00:00,0,red,0
1660916220804,"16 km SSE of Skwentna, Alaska",reviewed,0,30,earthquake,1.4, Alaska,-151.2587,61.8557,62.6,2022-08-19 13:37:00.804000+00:00,0,red,0
1676740409885,"95 km W of Adak, Alaska",reviewed,0,68,earthquake,2.1, Alaska,-178.017,51.8488,4.1,2023-02-18 17:13:29.885000+00:00,0,red,0
1661449442850,"1 km NNE of Minco, Oklahoma",reviewed,0,7,earthquake,0.69, Oklahoma,-97.93983333,35.32666667,3.97,2022-08-25 17:44:02.850000+00:00,1,blue,1
1644166497417,"55 km NW of Toyah, Texas",reviewed,0,89,earthquake,2.4, Texas,-104.2157719,31.65512824,7.725463867,2022-02-06 16:54:57.417000+00:00,0,red,0
1644894757250,"2 km W of Fuig, Puerto Rico",reviewed,0,51,earthquake,1.82, Puerto Rico,-66.9433333333333,17.9886666666667,10.08,2022-02-15 03:12:37.250000+00:00,0,red,0
1677792526380,"2km WNW of The Geysers, CA",automatic,0,8,earthquake,0.73,California,-122.7796631,38.7890015,3.41,2023-03-02 21:28:46.380000+00:00,1,blue,1
1673361471075,"89 km SE of King Cove, Alaska",reviewed,0,74,earthquake,2.2, Alaska,-161.4885,54.4111,6.6,2023-01-10 14:37:51.075000+00:00,0,red,0
1648600747819,"9 km NE of Kamárai, Greece",reviewed,0,259,earthquake,4.1, Greece,22.0743,38.3629,10.0,2022-03-30 00:39:07.819000+00:00,2,green,2
1683155249450,"4km NNW of The Geysers, CA",automatic,0,17,earthquake,1.05,California,-122.7751694,38.8120003,0.13,2023-05-03 23:07:29.450000+00:00,1,blue,1
1680668798929,"5 km WNW of Helena, Oklahoma",reviewed,0,30,earthquake,1.4, Oklahoma,-98.32533333,36.56383333,5.48,2023-04-05 04:26:38.929000+00:00,1,blue,1
1661431890415,"55 km S of Whites City, New Mexico",reviewed,0,81,earthquake,2.3, New Mexico,-104.4420533,31.67951775,6.851391602,2022-08-25 12:51:30.415000+00:00,0,red,0
1643239674074,"13 km NNW of Sutcliffe, Nevada",reviewed,0,1,earthquake,0.3, Nevada,-119.6777,40.0581,9.4,2022-01-26 23:27:54.074000+00:00,1,blue,1
1673681695490,"3km W of Brawley, CA",reviewed,0,28,earthquake,1.35,California,-115.5656667,32.9818333,3.35,2023-01-14 07:34:55.490000+00:00,1,blue,1
1650961409884,"60 km ENE of Ouzinkie, Alaska",reviewed,0,30,earthquake,1.4, Alaska,-151.5455,58.1058,6.3,2022-04-26 08:23:29.884000+00:00,1,blue,1
1669066231250,"10 km ENE of P?hala, Hawaii",automatic,0,77,earthquake,2.24, Hawaii,-155.391006469727,19.2561664581299,30.1100006103516,2022-11-21 21:30:31.250000+00:00,0,red,0
1679344956520,"6km WNW of Cobb, CA",reviewed,0,2,earthquake,0.36,California,-122.791,38.8326667,1.83,2023-03-20 20:42:36.520000+00:00,1,blue,1
1664107296802,"12 km NNE of Houston, Alaska",reviewed,0,68,earthquake,2.1, Alaska,-149.7408,61.7368,26.8,2022-09-25 12:01:36.802000+00:00,0,red,0
1664977732380,"2km NE of Hayward, CA",reviewed,0,26,earthquake,1.3,California,-122.0596667,37.6573333,5.05,2022-10-05 13:48:52.380000+00:00,1,blue,1
1682360632103,"17 km SSE of Golovin, Alaska",reviewed,0,35,earthquake,1.5, Alaska,-162.8898,64.3947,12.7,2023-04-24 18:23:52.103000+00:00,1,blue,1
1675095126659,"41 km SSE of Denali National Park, Alaska",reviewed,0,12,earthquake,0.9, Alaska,-151.4087,63.1924,5.4,2023-01-30 16:12:06.659000+00:00,1,blue,1
1680932816393,"56 km NNW of Petersville, Alaska",reviewed,0,15,earthquake,1.0, Alaska,-151.368,62.9247,107.7,2023-04-08 05:46:56.393000+00:00,0,red,0
1649465040620,"10km WNW of The Geysers, CA",automatic,0,11,earthquake,0.85,California,-122.855835,38.8260002,2.42,2022-04-09 00:44:00.620000+00:00,1,blue,1
1647931226308,South Sandwich Islands region,reviewed,0,284,earthquake,4.3,South Sandwich Islands region,-24.3152,-58.3479,10.0,2022-03-22 06:40:26.308000+00:00,2,green,2
1648499979006,"65 km WNW of Petersville, Alaska",reviewed,0,19,earthquake,1.1, Alaska,-151.8475,62.8015,5.6,2022-03-28 20:39:39.006000+00:00,1,blue,1
1686064334190,"8km NW of The Geysers, CA",automatic,0,11,earthquake,0.83,California,-122.8178329,38.8305016,1.82,2023-06-06 15:12:14.190000+00:00,1,blue,1
1684954689757,"54 km SSE of Denali National Park, Alaska",reviewed,0,15,earthquake,1.0, Alaska,-151.4426,63.0685,18.6,2023-05-24 18:58:09.757000+00:00,1,blue,1
1681045519314,"27 km WNW of Rachel, Nevada",reviewed,0,22,earthquake,1.2, Nevada,-116.031,37.7385,0.0,2023-04-09 13:05:19.314000+00:00,1,blue,1
1657858436339,"91 km SSW of Unalaska, Alaska",reviewed,0,50,earthquake,1.8, Alaska,-167.0311,53.1049,25.7,2022-07-15 04:13:56.339000+00:00,0,red,0
1644222519030,"22 km E of Honaunau-Napoopoo, Hawaii",reviewed,0,16,earthquake,1.03, Hawaii,-155.648666666667,19.486,5.6,2022-02-07 08:28:39.030000+00:00,1,blue,1
1645079686836,"8 km ESE of Walker, California",reviewed,0,26,earthquake,1.3, California,-119.3949,38.472,0.0,2022-02-17 06:34:46.836000+00:00,1,blue,1
1671163849960,"4 km S of P?hala, Hawaii",automatic,0,54,earthquake,1.87, Hawaii,-155.47883605957,19.1648330688477,34.060001373291,2022-12-16 04:10:49.960000+00:00,0,red,0
1681459600292,"191 km W of Adak, Alaska",reviewed,0,74,earthquake,2.2, Alaska,-179.4086,51.8501,95.7,2023-04-14 08:06:40.292000+00:00,0,red,0
1653010019739,"7 km W of Unalaska, Alaska",reviewed,0,35,earthquake,1.5, Alaska,-166.6392,53.8633,6.7,2022-05-20 01:26:59.739000+00:00,1,blue,1
1677162123310,"81 km NNW of Karluk, Alaska",reviewed,0,1,earthquake,0.23, Alaska,-154.9335,58.2581666666667,12.53,2023-02-23 14:22:03.310000+00:00,1,blue,1
1687875362040,"13km SE of Anza, CA",reviewed,0,1,earthquake,0.22,California,-116.5763333,33.4658333,8.83,2023-06-27 14:16:02.040000+00:00,1,blue,1
1679103606005,"29 km SSE of Göksun, Turkey",reviewed,0,259,earthquake,4.1, Turkey,36.6794,37.7982,7.657,2023-03-18 01:40:06.005000+00:00,2,green,2
1664179536710,"2 km SSW of P?hala, Hawaii",automatic,0,51,earthquake,1.82000005, Hawaii,-155.491500854492,19.1811676025391,31.3099994659424,2022-09-26 08:05:36.710000+00:00,0,red,0
1658675325943,southern Mid-Atlantic Ridge,reviewed,0,340,earthquake,4.7,southern Mid-Atlantic Ridge,-13.913,-14.0681,10.0,2022-07-24 15:08:45.943000+00:00,2,green,2
1642467780885,"237 km NNE of Opotiki, New Zealand",reviewed,0,312,earthquake,4.5, New Zealand,178.2818,-36.0209,10.0,2022-01-18 01:03:00.885000+00:00,2,green,2
1655304961550,"7km SE of Loma Linda, CA",reviewed,0,26,earthquake,1.3,California,-117.2161667,33.9998333,10.92,2022-06-15 14:56:01.550000+00:00,1,blue,1
1669761731780,"31 km NNE of Dorado, Puerto Rico",reviewed,0,155,earthquake,3.17, Puerto Rico,-66.2035,18.7408333333333,53.78,2022-11-29 22:42:11.780000+00:00,0,red,0
1675567555471,"162 km SSE of Atka, Alaska",reviewed,0,158,earthquake,3.2, Alaska,-173.2924,50.8462,10.0,2023-02-05 03:25:55.471000+00:00,0,red,0
1659536431462,"90 km S of Atka, Alaska",reviewed,0,121,earthquake,2.8, Alaska,-173.959,51.3966,35.0,2022-08-03 14:20:31.462000+00:00,0,red,0
1681546479110,"55 km WNW of Ninilchik, Alaska",reviewed,0,39,earthquake,1.6, Alaska,-152.5849,60.2593,83.5,2023-04-15 08:14:39.110000+00:00,0,red,0
1666817585246,"57 km N of Petersville, Alaska",reviewed,0,35,earthquake,1.5, Alaska,-150.6646,63.012,108.4,2022-10-26 20:53:05.246000+00:00,0,red,0
1658856268800,"12km S of Olancha, CA",reviewed,0,26,earthquake,1.3,California,-118.0108333,36.1716667,0.5,2022-07-26 17:24:28.800000+00:00,1,blue,1
1666958887760,"20km ESE of Anza, CA",reviewed,0,12,earthquake,0.9,California,-116.4735,33.4841667,15.15,2022-10-28 12:08:07.760000+00:00,1,blue,1
1690181715190,"Hawaii region, Hawaii",reviewed,0,63,earthquake,2.02, Hawaii,-155.658166666667,20.2503333333333,35.04,2023-07-24 06:55:15.190000+00:00,0,red,0
1670350938038,"48 km N of Petersville, Alaska",reviewed,0,35,earthquake,1.5, Alaska,-150.9195,62.9297,97.4,2022-12-06 18:22:18.038000+00:00,0,red,0
1643182539330,"2 km S of P?hala, Hawaii",automatic,0,51,earthquake,1.82000005, Hawaii,-155.473327636719,19.1765003204346,30.4200000762939,2022-01-26 07:35:39.330000+00:00,0,red,0
1682501692480,"5km NNW of San Jacinto, CA",reviewed,0,2,earthquake,0.33,California,-116.9745,33.8281667,9.05,2023-04-26 09:34:52.480000+00:00,1,blue,1
1669988715245,South Sandwich Islands region,reviewed,0,284,earthquake,4.3,South Sandwich Islands region,-24.8602,-58.2052,10.0,2022-12-02 13:45:15.245000+00:00,2,green,2
1646638165055,"13 km ENE of Willow, Alaska",reviewed,0,15,earthquake,1.0, Alaska,-149.8149,61.804,46.5,2022-03-07 07:29:25.055000+00:00,1,blue,1
1673260637610,"12km NNW of Mojave, CA",reviewed,0,9,earthquake,0.76,California,-118.2351667,35.1426667,8.2,2023-01-09 10:37:17.610000+00:00,1,blue,1
1646107557330,"30 km ENE of Beluga, Alaska",reviewed,0,10,earthquake,0.8, Alaska,-150.5608,61.2366,48.6,2022-03-01 04:05:57.330000+00:00,1,blue,1
1669487461805,"83 km NNW of Karluk, Alaska",reviewed,0,8,earthquake,0.7, Alaska,-155.0788,58.2402,0.5,2022-11-26 18:31:01.805000+00:00,1,blue,1
1664581704330,"4km S of Banning, CA",reviewed,0,8,earthquake,0.7,California,-116.874,33.8865,16.27,2022-09-30 23:48:24.330000+00:00,1,blue,1
1669541848140,"8 km WSW of Minco, Oklahoma",reviewed,0,41,earthquake,1.64, Oklahoma,-98.03166667,35.27733333,6.93,2022-11-27 09:37:28.140000+00:00,1,blue,1
1655605203473,"34 km NW of Toyah, Texas",reviewed,0,81,earthquake,2.3, Texas,-104.0287912,31.55735996,6.157275391,2022-06-19 02:20:03.473000+00:00,0,red,0
1641062426680,"3 km NE of P?hala, Hawaii",automatic,0,66,earthquake,2.06999993, Hawaii,-155.458831787109,19.2299995422363,32.3499984741211,2022-01-01 18:40:26.680000+00:00,0,red,0
1649308377870,"33 km NE of Amboy, Washington",reviewed,0,1,earthquake,0.27, Washington,-122.16033333333333,46.13183333333333,6.12,2022-04-07 05:12:57.870000+00:00,1,blue,1
1666648502865,"25 km NNW of Eureka Roadhouse, Alaska",reviewed,0,15,earthquake,1.0, Alaska,-147.3663,62.1448,35.6,2022-10-24 21:55:02.865000+00:00,1,blue,1
1688053981070,"12km NNE of Cabazon, CA",reviewed,0,26,earthquake,1.3,California,-116.7526667,34.0221667,16.14,2023-06-29 15:53:01.070000+00:00,1,blue,1
1649600664030,"50 km W of Tyonek, Alaska",reviewed,0,26,earthquake,1.3, Alaska,-152.0645,60.9992,92.1,2022-04-10 14:24:24.030000+00:00,0,red,0
1648500891150,"11 km ENE of P?hala, Hawaii",reviewed,0,92,earthquake,2.44, Hawaii,-155.3855,19.2516666666667,31.33,2022-03-28 20:54:51.150000+00:00,0,red,0
1647620363730,"18km ESE of Pinnacles, CA",reviewed,0,29,earthquake,1.38,California,-120.9485,36.4866667,9.73,2022-03-18 16:19:23.730000+00:00,1,blue,1
1649588112808,"31 km NW of Valdez, Alaska",reviewed,0,19,earthquake,1.1, Alaska,-146.7286,61.3437,10.8,2022-04-10 10:55:12.808000+00:00,1,blue,1
1641384219090,"8km WNW of Cobb, CA",automatic,0,11,earthquake,0.83,California,-122.8106689,38.8388329,2.04,2022-01-05 12:03:39.090000+00:00,1,blue,1
1644899921030,"43 km SSW of Beaver, Alaska",reviewed,0,44,earthquake,1.7, Alaska,-147.9324,66.0352,10.4,2022-02-15 04:38:41.030000+00:00,0,red,0
1680145828110,"56 km SSE of Mammoth, Wyoming",reviewed,0,65,earthquake,2.05, Wyoming,-110.3655,44.5265,3.88,2023-03-30 03:10:28.110000+00:00,0,red,0
1656663943330,"13 km N of Stanley, Idaho",reviewed,0,62,earthquake,2.0, Idaho,-114.9293333,44.3348333,5.7,2022-07-01 08:25:43.330000+00:00,0,red,0
1645604829340,"7km NW of The Geysers, CA",automatic,0,11,earthquake,0.84,California,-122.80233,38.8241653,2.59,2022-02-23 08:27:09.340000+00:00,1,blue,1
1673715702626,"15 km N of Meadow Lakes, Alaska",reviewed,0,74,earthquake,2.2, Alaska,-149.6068,61.7619,3.2,2023-01-14 17:01:42.626000+00:00,0,red,0
1645444150830,"7 km E of P?hala, Hawaii",automatic,0,77,earthquake,2.23, Hawaii,-155.404830932617,19.2134990692139,32.25,2022-02-21 11:49:10.830000+00:00,0,red,0
1667448158059,"85 km NNW of Karluk, Alaska",reviewed,0,30,earthquake,1.4, Alaska,-155.1747,58.2304,1.4,2022-11-03 04:02:38.059000+00:00,1,blue,1
1656495168180,"3km ESE of Lake Henshaw, CA",reviewed,0,4,earthquake,0.53,California,-116.7343333,33.2308333,11.49,2022-06-29 09:32:48.180000+00:00,1,blue,1
1676656837408,"24 km SE of Point Possession, Alaska",reviewed,0,44,earthquake,1.7, Alaska,-150.4342,60.74,48.4,2023-02-17 18:00:37.408000+00:00,0,red,0
1651068833891,"110 km ENE of Iquique, Chile",reviewed,0,314,earthquake,4.5, Chile,-69.1458,-19.8958,104.86,2022-04-27 14:13:53.891000+00:00,2,green,2
1643039499930,"157 km W of Adak, Alaska",reviewed,0,5,earthquake,0.57, Alaska,-178.919333333333,51.8011666666667,8.42,2022-01-24 15:51:39.930000+00:00,1,blue,1
1663679066180,"2km NW of The Geysers, CA",automatic,0,3,earthquake,0.46,California,-122.7753296,38.7890015,3.88,2022-09-20 13:04:26.180000+00:00,1,blue,1
1667174209398,"56 km SW of Atka, Alaska",reviewed,0,50,earthquake,1.8, Alaska,-174.7015,51.7983,48.0,2022-10-30 23:56:49.398000+00:00,0,red,0
1686009712940,"65 km ENE of Pedro Bay, Alaska",reviewed,0,7,earthquake,0.66, Alaska,-153.043833333333,60.0443333333333,5.35,2023-06-06 00:01:52.940000+00:00,1,blue,1
1688300419680,Alaska Peninsula,reviewed,0,10,earthquake,0.82,Alaska Peninsula,-155.338333333333,58.176,2.19,2023-07-02 12:20:19.680000+00:00,1,blue,1
1665507735857,"39 km W of Susitna, Alaska",reviewed,0,22,earthquake,1.2, Alaska,-151.2452,61.583,7.1,2022-10-11 17:02:15.857000+00:00,1,blue,1
1661691872140,"8 km WSW of Unalaska, Alaska",reviewed,0,10,earthquake,0.8, Alaska,-166.6525,53.8548333333333,8.91,2022-08-28 13:04:32.140000+00:00,1,blue,1
1653557426717,"57 km S of Whites City, New Mexico",reviewed,0,129,earthquake,2.9, New Mexico,-104.36841,31.66138635,7.391259766,2022-05-26 09:30:26.717000+00:00,0,red,0
1674950812310,"6km WNW of The Geysers, CA",reviewed,0,4,earthquake,0.51,California,-122.8186667,38.8003333,6.69,2023-01-29 00:06:52.310000+00:00,1,blue,1
1655905331070,"33 km SSE of False Pass, Alaska",reviewed,0,13,earthquake,0.92, Alaska,-163.298166666667,54.5636666666667,11.2,2022-06-22 13:42:11.070000+00:00,1,blue,1
1667082214698,"97 km NW of Yakutat, Alaska",reviewed,0,30,earthquake,1.4, Alaska,-140.8433,60.2142,9.7,2022-10-29 22:23:34.698000+00:00,1,blue,1
1686492613344,"40 km SW of Shishmaref, Alaska",reviewed,0,81,earthquake,2.3, Alaska,-166.7004,65.9992,8.0,2023-06-11 14:10:13.344000+00:00,0,red,0
1682367763340,"12km ENE of Borrego Springs, CA",reviewed,0,34,earthquake,1.48,California,-116.2538333,33.2978333,9.82,2023-04-24 20:22:43.340000+00:00,1,blue,1
1690526302562,"70 km ENE of Pedro Bay, Alaska",automatic,0,62,earthquake,2.0, Alaska,-152.9862,60.0787,109.7,2023-07-28 06:38:22.562000+00:00,0,red,0
1663856636330,"12km E of Mammoth Lakes, CA",reviewed,0,8,earthquake,0.74,California,-118.8431667,37.6441667,5.76,2022-09-22 14:23:56.330000+00:00,1,blue,1
1663105943782,"42 km ENE of Susitna North, Alaska",reviewed,0,30,earthquake,1.4, Alaska,-149.1017,62.3114,0.3,2022-09-13 21:52:23.782000+00:00,1,blue,1
1655976805730,"15 km SE of Fern Forest, Hawaii",automatic,0,46,earthquake,1.73, Hawaii,-155.032669067383,19.3649997711182,3.39000010490417,2022-06-23 09:33:25.730000+00:00,0,red,0
1660875944640,"12km SE of Bodfish, CA",reviewed,0,69,earthquake,2.12,California,-118.4003333,35.508,3.26,2022-08-19 02:25:44.640000+00:00,0,red,0
1669590607695,"50 km NNW of Lake Minchumina, Alaska",reviewed,0,39,earthquake,1.6, Alaska,-152.5842,64.3233,12.3,2022-11-27 23:10:07.695000+00:00,1,blue,1
1662329275820,"10km N of Indio, CA",reviewed,0,8,earthquake,0.7,California,-116.197,33.8115,8.19,2022-09-04 22:07:55.820000+00:00,1,blue,1
1686275006020,"29km SE of Bodie, CA",reviewed,0,63,earthquake,2.03,California,-118.7473333,38.0483333,19.5,2023-06-09 01:43:26.020000+00:00,0,red,0
1641221846155,"8 km NNW of Milan, Kansas",reviewed,0,112,earthquake,2.7, Kansas,-97.7059,37.3287,5.0,2022-01-03 14:57:26.155000+00:00,0,red,0
1646646477364,"45 km WNW of Mentasta Lake, Alaska",reviewed,0,10,earthquake,0.8, Alaska,-144.5248,63.1373,5.8,2022-03-07 09:47:57.364000+00:00,1,blue,1
1680723616201,"140 km ESE of Attu Station, Alaska",reviewed,0,129,earthquake,2.9, Alaska,174.9825,52.2161,35.0,2023-04-05 19:40:16.201000+00:00,0,red,0
1688606719469,"13 km SE of Silver Springs, Nevada",reviewed,0,19,earthquake,1.1, Nevada,-119.095,39.3442,9.5,2023-07-06 01:25:19.469000+00:00,1,blue,1
1675857169027,"72 km WNW of Petersville, Alaska",reviewed,0,39,earthquake,1.6, Alaska,-152.1353,62.6351,5.3,2023-02-08 11:52:49.027000+00:00,1,blue,1
1652207800660,"7km WNW of The Geysers, CA",automatic,0,8,earthquake,0.74,California,-122.8221664,38.8083344,2.09,2022-05-10 18:36:40.660000+00:00,1,blue,1
1651409640137,"49 km SSE of Denali National Park, Alaska",reviewed,0,22,earthquake,1.2, Alaska,-151.4493,63.1152,5.4,2022-05-01 12:54:00.137000+00:00,1,blue,1
1665064165510,"10km SW of Cathedral City, CA",reviewed,0,3,earthquake,0.42,California,-116.5541667,33.7246667,15.49,2022-10-06 13:49:25.510000+00:00,1,blue,1
1664408929870,"242 km NE of Saipan, Northern Mariana Islands",reviewed,0,340,earthquake,4.7, Northern Mariana Islands,147.0135,17.0382,44.171,2022-09-28 23:48:49.870000+00:00,2,green,2
1662498928452,"26 km ENE of Sibolga, Indonesia",reviewed,0,259,earthquake,4.1, Indonesia,99.0127,1.8093,128.468,2022-09-06 21:15:28.452000+00:00,2,green,2
1690589066252,"81 km NW of Karluk, Alaska",automatic,0,22,earthquake,1.2, Alaska,-155.2357,58.1659,0.0,2023-07-29 00:04:26.252000+00:00,1,blue,1
1661070662310,"8km W of Cobb, CA",automatic,0,5,earthquake,0.57,California,-122.8113327,38.8336678,2.08,2022-08-21 08:31:02.310000+00:00,1,blue,1
1668498964689,"104 km E of Chignik, Alaska",reviewed,0,234,earthquake,3.9, Alaska,-156.716,56.3007,27.7,2022-11-15 07:56:04.689000+00:00,2,green,2
1665824685927,"130 km SW of Nikolski, Alaska",reviewed,0,222,earthquake,3.8, Alaska,-170.4763,52.2941,45.87,2022-10-15 09:04:45.927000+00:00,2,green,2
1664566779814,"off the east coast of the Kamchatka Peninsula, Russia",reviewed,0,312,earthquake,4.5, Russia,160.2577,51.781,10.0,2022-09-30 19:39:39.814000+00:00,2,green,2
1671665864893,"53 km NNE of Kobuk, Alaska",reviewed,0,62,earthquake,2.0, Alaska,-156.2307,67.3164,13.9,2022-12-21 23:37:44.893000+00:00,0,red,0
1679524787640,"6km WNW of Cobb, CA",reviewed,0,1,earthquake,0.27,California,-122.7935,38.8363333,1.96,2023-03-22 22:39:47.640000+00:00,1,blue,1
1688932701850,"4 km SW of Big Arm, Montana",reviewed,0,3,earthquake,0.46, Montana,-114.337333333333,47.7703333333333,3.17,2023-07-09 19:58:21.850000+00:00,1,blue,1
1641540827749,"74 km WSW of False Pass, Alaska",reviewed,0,56,earthquake,1.9, Alaska,-164.4733,54.5809,6.1,2022-01-07 07:33:47.749000+00:00,0,red,0
1661218396497,Fiji region,reviewed,0,284,earthquake,4.3,Fiji region,-178.5504,-15.0688,376.238,2022-08-23 01:33:16.497000+00:00,2,pink,3
1679192216240,"11km NNE of Trabuco Canyon, CA",reviewed,0,15,earthquake,0.99,California,-117.5313333,33.7466667,5.36,2023-03-19 02:16:56.240000+00:00,1,blue,1
1665297888880,"31km WNW of Crescent City, CA",reviewed,0,103,earthquake,2.59,California,-124.566,41.8303333,18.99,2022-10-09 06:44:48.880000+00:00,0,red,0
1684347532510,"8km W of Cobb, CA",automatic,0,9,earthquake,0.76,California,-122.8098297,38.8349991,2.13,2023-05-17 18:18:52.510000+00:00,1,blue,1
1663144162788,"54 km W of Cantwell, Alaska",reviewed,0,22,earthquake,1.2, Alaska,-150.0402,63.4459,108.2,2022-09-14 08:29:22.788000+00:00,0,red,0
1663549139140,"27 km E of Honaunau-Napoopoo, Hawaii",automatic,0,60,earthquake,1.98, Hawaii,-155.605331420898,19.4524993896484,0.0399999991059303,2022-09-19 00:58:59.140000+00:00,0,red,0
1672834217260,"4 km SSE of P?hala, Hawaii",automatic,0,63,earthquake,2.01999998, Hawaii,-155.464172363281,19.1679992675781,33.2299995422363,2023-01-04 12:10:17.260000+00:00,0,red,0
1682114849478,"178 km SE of Vilyuchinsk, Russia",reviewed,0,259,earthquake,4.1, Russia,159.8978,51.6131,10.0,2023-04-21 22:07:29.478000+00:00,2,green,2
1651627961111,Fiji region,reviewed,0,326,earthquake,4.6,Fiji region,-178.7438,-20.4418,597.59,2022-05-04 01:32:41.111000+00:00,2,pink,3
1667407827170,"7 km SW of Corinne, Utah",reviewed,0,39,earthquake,1.6, Utah,-112.1783333,41.5078333,6.59,2022-11-02 16:50:27.170000+00:00,1,blue,1
1652690710186,"55 km S of Whites City, New Mexico",reviewed,0,81,earthquake,2.3, New Mexico,-104.4288793,31.68121566,7.288427734,2022-05-16 08:45:10.186000+00:00,0,red,0
1648994357950,"73 km ESE of Denali National Park, Alaska",reviewed,0,30,earthquake,1.4, Alaska,-150.4058,63.2498,121.5,2022-04-03 13:59:17.950000+00:00,0,red,0
1682486493880,"5 km SW of Volcano, Hawaii",reviewed,0,57,earthquake,1.93, Hawaii,-155.274833333333,19.4106666666667,0.62,2023-04-26 05:21:33.880000+00:00,0,red,0
1674872420140,"8 km NE of P?hala, Hawaii",automatic,0,73,earthquake,2.18000007, Hawaii,-155.417007446289,19.2588329315186,31.3500003814697,2023-01-28 02:20:20.140000+00:00,0,red,0
1656235676652,"10 km SE of Huangala, Peru",reviewed,0,259,earthquake,4.1, Peru,-80.542,-4.92,68.33,2022-06-26 09:27:56.652000+00:00,2,green,2
1650045344790,"8km W of Cobb, CA",automatic,0,2,earthquake,0.36,California,-122.8171692,38.8358345,0.93,2022-04-15 17:55:44.790000+00:00,1,blue,1
1657424954380,"73 km N of Culebra, Puerto Rico",reviewed,0,167,earthquake,3.29, Puerto Rico,-65.1923333333333,18.9626666666667,23.92,2022-07-10 03:49:14.380000+00:00,0,red,0
1676261571530,"0 km SSE of Guánica, Puerto Rico",reviewed,0,105,earthquake,2.61, Puerto Rico,-66.9048333333333,17.9638333333333,14.17,2023-02-13 04:12:51.530000+00:00,0,red,0
1670414353690,near the coast of Washington,reviewed,0,30,earthquake,1.4,near the coast of Washington,-124.06683333333334,47.58883333333333,29.42,2022-12-07 11:59:13.690000+00:00,1,blue,1
1690002819320,"8 km W of Cobb, CA",reviewed,0,3,earthquake,0.45,California,-122.8116667,38.8323333,2.14,2023-07-22 05:13:39.320000+00:00,1,blue,1
1650891288720,"3km NE of The Geysers, CA",automatic,0,1,earthquake,0.21,California,-122.7346649,38.7928352,1.39,2022-04-25 12:54:48.720000+00:00,1,blue,1
1690005253720,"64 km W of Tyonek, Alaska",reviewed,0,26,earthquake,1.3, Alaska,-152.3259,61.1124,91.9,2023-07-22 05:54:13.720000+00:00,0,red,0
1682661800962,"10 km W of Akhiok, Alaska",reviewed,0,50,earthquake,1.8, Alaska,-154.3435,56.9404,15.3,2023-04-28 06:03:20.962000+00:00,0,red,0
1684164620934,"62 km NNE of Chickaloon, Alaska",reviewed,0,12,earthquake,0.9, Alaska,-148.1919,62.3425,26.1,2023-05-15 15:30:20.934000+00:00,1,blue,1
1682842624600,"9km SW of Niland, CA",reviewed,0,37,earthquake,1.56,California,-115.5971667,33.19,3.17,2023-04-30 08:17:04.600000+00:00,1,blue,1
1684359674740,"7 km SW of Volcano, Hawaii",reviewed,0,36,earthquake,1.53, Hawaii,-155.277833333333,19.393,1.76,2023-05-17 21:41:14.740000+00:00,1,blue,1
1676145369000,"93 km W of Adak, Alaska",reviewed,0,2,earthquake,0.36, Alaska,-177.991833333333,51.8545,3.85,2023-02-11 19:56:09+00:00,1,blue,1
1668945686340,"4 km SSW of P?hala, Hawaii",automatic,0,57,earthquake,1.92999995, Hawaii,-155.494995117188,19.1638336181641,30.0799999237061,2022-11-20 12:01:26.340000+00:00,0,red,0
1650595587170,"5km S of Brawley, CA",reviewed,0,42,earthquake,1.66,California,-115.5205,32.9326667,5.47,2022-04-22 02:46:27.170000+00:00,1,blue,1
1652602760380,"41 km N of Suárez, Puerto Rico",reviewed,0,182,earthquake,3.43, Puerto Rico,-65.7946666666667,18.8015,15.55,2022-05-15 08:19:20.380000+00:00,0,green,2
1644762778464,"21 km NNE of Sterling, Alaska",reviewed,0,62,earthquake,2.0, Alaska,-150.6331,60.7151,42.1,2022-02-13 14:32:58.464000+00:00,0,red,0
1644791924822,south of the Fiji Islands,reviewed,0,298,earthquake,4.4,south of the Fiji Islands,179.641,-24.8827,510.63,2022-02-13 22:38:44.822000+00:00,2,pink,3
1678374375236,"105 km W of Adak, Alaska",reviewed,0,68,earthquake,2.1, Alaska,-178.1601,51.859,4.9,2023-03-09 15:06:15.236000+00:00,0,red,0
1646906901730,"20 km WNW of Stanley, Idaho",reviewed,0,71,earthquake,2.15, Idaho,-115.1858333,44.2806667,10.34,2022-03-10 10:08:21.730000+00:00,0,red,0
1690277507850,"13 km NNE of Susitna North, Alaska",automatic,0,15,earthquake,1.0, Alaska,-149.7988,62.2789,28.7,2023-07-25 09:31:47.850000+00:00,1,blue,1
1665231425724,Southern Alaska,reviewed,0,26,earthquake,1.3,Southern Alaska,-149.1434,61.8274,34.2,2022-10-08 12:17:05.724000+00:00,1,blue,1
1662825992180,"16km NNE of Ridgecrest, CA",reviewed,0,32,earthquake,1.44,California,-117.6056667,35.7513333,10.63,2022-09-10 16:06:32.180000+00:00,1,blue,1
1649571913620,"22km ESE of Little Lake, CA",reviewed,0,52,earthquake,1.84,California,-117.6876667,35.8535,7.95,2022-04-10 06:25:13.620000+00:00,0,red,0
1676313326980,"24 km NE of Willow, Alaska",reviewed,0,30,earthquake,1.4, Alaska,-149.7046,61.8954,19.7,2023-02-13 18:35:26.980000+00:00,1,blue,1
1657657403450,"3km SW of Anderson Springs, CA",automatic,0,7,earthquake,0.69,California,-122.7200012,38.7571678,0.96,2022-07-12 20:23:23.450000+00:00,1,blue,1
1678093431801,"75 km WNW of Ninilchik, Alaska",reviewed,0,30,earthquake,1.4, Alaska,-152.7953,60.43,104.4,2023-03-06 09:03:51.801000+00:00,0,red,0
1666772441210,"10km NNW of Anza, CA",reviewed,0,30,earthquake,1.4,California,-116.7311667,33.6278333,16.93,2022-10-26 08:20:41.210000+00:00,1,blue,1
1688837098379,"10 km NW of Fox River, Alaska",reviewed,0,22,earthquake,1.2, Alaska,-151.121,59.9133,50.7,2023-07-08 17:24:58.379000+00:00,1,blue,1
1669373636070,"10 km E of P?hala, Hawaii",automatic,0,70,earthquake,2.1400001, Hawaii,-155.380493164062,19.193000793457,32.9700012207031,2022-11-25 10:53:56.070000+00:00,0,red,0
1661152512560,"9 km W of Salamatof, Alaska",reviewed,0,30,earthquake,1.4, Alaska,-151.4992,60.6194,66.4,2022-08-22 07:15:12.560000+00:00,0,red,0
1646010878770,"5 km W of Liborio Negron Torres, Puerto Rico",reviewed,0,87,earthquake,2.38, Puerto Rico,-66.9955,18.036,16.73,2022-02-28 01:14:38.770000+00:00,0,red,0
1672101473650,"8 km SW of Volcano, Hawaii",automatic,0,52,earthquake,1.83000004, Hawaii,-155.280166625977,19.3848323822021,1.10000002384186,2022-12-27 00:37:53.650000+00:00,0,red,0
1651287207890,"23km ESE of Anza, CA",reviewed,0,5,earthquake,0.57,California,-116.4525,33.4655,14.17,2022-04-30 02:53:27.890000+00:00,1,blue,1
1687762075028,"8 km S of Point Possession, Alaska",reviewed,0,30,earthquake,1.4, Alaska,-150.6883,60.8493,8.9,2023-06-26 06:47:55.028000+00:00,1,blue,1
1675689390217,"25 km S of Hawthorne, Nevada",reviewed,0,39,earthquake,1.6, Nevada,-118.6297,38.291,6.5,2023-02-06 13:16:30.217000+00:00,1,blue,1
1687783224160,"Rat Islands, Aleutian Islands, Alaska",reviewed,0,0,earthquake,0.05, Aleutian Islands,178.488,52.0025,5.83,2023-06-26 12:40:24.160000+00:00,1,blue,1
1649399300870,"150 km W of Adak, Alaska",reviewed,0,0,earthquake,0.1, Alaska,-178.809333333333,51.8011666666667,6.23,2022-04-08 06:28:20.870000+00:00,1,blue,1
1670173626466,"26 km NNE of Petersville, Alaska",reviewed,0,56,earthquake,1.9, Alaska,-150.606,62.7255,77.7,2022-12-04 17:07:06.466000+00:00,0,red,0
1661644035498,"178 km SE of Vilyuchinsk, Russia",reviewed,0,340,earthquake,4.7, Russia,160.1017,51.7063,10.0,2022-08-27 23:47:15.498000+00:00,2,green,2
1652577868820,"13km SE of Bodfish, CA",reviewed,0,39,earthquake,1.6,California,-118.3876667,35.508,7.95,2022-05-15 01:24:28.820000+00:00,1,blue,1
1686705115958,"35 km WNW of Happy Valley, Alaska",reviewed,0,39,earthquake,1.6, Alaska,-152.334,60.0536,97.8,2023-06-14 01:11:55.958000+00:00,0,red,0
1686598531277,"69 km SSE of Cantwell, Alaska",reviewed,0,56,earthquake,1.9, Alaska,-148.6133,62.7872,14.4,2023-06-12 19:35:31.277000+00:00,0,red,0
1686197716890,"19km SE of Lake Pillsbury, CA",reviewed,0,55,earthquake,1.89,California,-122.7868333,39.3055,4.82,2023-06-08 04:15:16.890000+00:00,0,red,0
1682684212998,"20 km WSW of Susitna North, Alaska",reviewed,0,39,earthquake,1.6, Alaska,-150.213,62.0861,13.8,2023-04-28 12:16:52.998000+00:00,1,blue,1
1648401228050,"12km ENE of Ridgecrest, CA",reviewed,0,22,earthquake,1.2,California,-117.543,35.6525,4.82,2022-03-27 17:13:48.050000+00:00,1,blue,1
1684004126210,"16 km NE of West Yellowstone, Montana",reviewed,0,6,earthquake,0.6, Montana,-110.9688333,44.7695,5.38,2023-05-13 18:55:26.210000+00:00,1,blue,1
1654232278340,"12km NE of Little Lake, CA",reviewed,0,1,earthquake,0.3,California,-117.8078333,36.0143333,1.8,2022-06-03 04:57:58.340000+00:00,1,blue,1
1644810998040,"10km WNW of The Geysers, CA",automatic,0,7,earthquake,0.69,California,-122.8550034,38.8235016,2.69,2022-02-14 03:56:38.040000+00:00,1,blue,1
1667741670710,"27 km NNW of Eureka Roadhouse, Alaska",reviewed,0,22,earthquake,1.2, Alaska,-147.3782,62.1615,30.5,2022-11-06 13:34:30.710000+00:00,1,blue,1
1670969532966,"47 km SSE of Kokhanok, Alaska",reviewed,0,56,earthquake,1.9, Alaska,-154.4434,59.0525,139.1,2022-12-13 22:12:12.966000+00:00,0,red,0
1652004417039,"13 km WSW of Quinton, Oklahoma",reviewed,0,81,earthquake,2.29, Oklahoma,-95.51383333,35.07983333,7.71,2022-05-08 10:06:57.039000+00:00,0,red,0
1647273089770,"16km SE of Mammoth Lakes, CA",reviewed,0,0,earthquake,0.14,California,-118.8755,37.522,3.43,2022-03-14 15:51:29.770000+00:00,1,blue,1
1670427099050,"7km NW of The Geysers, CA",reviewed,0,52,earthquake,1.83,California,-122.8181667,38.8176667,2.01,2022-12-07 15:31:39.050000+00:00,0,red,0
1642654705810,"17km WSW of Toms Place, CA",reviewed,0,3,earthquake,0.42,California,-118.8543333,37.4888333,0.3,2022-01-20 04:58:25.810000+00:00,1,blue,1
1659968152820,"37 km NE of Amboy, Washington",reviewed,0,1,earthquake,0.2, Washington,-122.16766666666666,46.18483333333333,3.36,2022-08-08 14:15:52.820000+00:00,1,blue,1
1670182252640,"7 km ENE of Acme, Washington",reviewed,0,24,earthquake,1.26, Washington,-122.11183333333334,48.75266666666667,9.26,2022-12-04 19:30:52.640000+00:00,1,blue,1
1652329692840,"8km NW of The Geysers, CA",reviewed,0,20,earthquake,1.14,California,-122.8145,38.829,2.23,2022-05-12 04:28:12.840000+00:00,1,blue,1
1682823767053,"8 km S of Anchorage, Alaska",reviewed,0,22,earthquake,1.2, Alaska,-149.909,61.1401,27.2,2023-04-30 03:02:47.053000+00:00,1,blue,1
1660591424905,"19 km N of Four Mile Road, Alaska",reviewed,0,74,earthquake,2.2, Alaska,-149.0825,64.7745,22.9,2022-08-15 19:23:44.905000+00:00,0,red,0
1666431880120,"4 km ENE of La Parguera, Puerto Rico",reviewed,0,28,earthquake,1.36, Puerto Rico,-67.0033333333333,17.992,10.03,2022-10-22 09:44:40.120000+00:00,1,blue,1
1659992463858,"58 km ESE of Pedro Bay, Alaska",reviewed,0,39,earthquake,1.6, Alaska,-153.0928,59.6685,110.5,2022-08-08 21:01:03.858000+00:00,0,red,0
1683343784120,"7km WNW of The Geysers, CA",automatic,0,17,earthquake,1.04,California,-122.8288345,38.8126678,0.77,2023-05-06 03:29:44.120000+00:00,1,blue,1
1658601707000,"3km E of Moreno Valley, CA",reviewed,0,9,earthquake,0.76,California,-117.195,33.928,12.44,2022-07-23 18:41:47+00:00,1,blue,1
1667544680110,"15km SE of Mammoth Lakes, CA",reviewed,0,6,earthquake,0.62,California,-118.8683333,37.5325,4.21,2022-11-04 06:51:20.110000+00:00,1,blue,1
1682872110490,"5km ESE of Lake Pillsbury, CA",reviewed,0,49,earthquake,1.78,California,-122.9048333,39.3828333,6.33,2023-04-30 16:28:30.490000+00:00,0,red,0
1671061742513,"55 km WSW of Gorontalo, Indonesia",reviewed,0,284,earthquake,4.3, Indonesia,122.6201,0.3099,122.312,2022-12-14 23:49:02.513000+00:00,2,green,2
1647994450279,"19 km E of Nabesna, Alaska",reviewed,0,26,earthquake,1.3, Alaska,-142.6391,62.368,8.0,2022-03-23 00:14:10.279000+00:00,1,blue,1
1673902495035,"13 km S of Lampa, Peru",reviewed,0,326,earthquake,4.6, Peru,-70.3818,-15.4734,215.603,2023-01-16 20:54:55.035000+00:00,2,green,2
1644243997891,"105 km E of Yigo Village, Guam",reviewed,0,284,earthquake,4.3, Guam,145.8494,13.3794,10.0,2022-02-07 14:26:37.891000+00:00,2,green,2
1680420156480,"2 km W of Unalaska, Alaska",reviewed,0,10,earthquake,0.81, Alaska,-166.567,53.8711666666667,6.16,2023-04-02 07:22:36.480000+00:00,1,blue,1
1683644325740,"9 km SE of Desert Aire, Washington",reviewed,0,21,earthquake,1.17, Washington,-119.84533333333331,46.60983333333333,6.39,2023-05-09 14:58:45.740000+00:00,1,blue,1
1668700990600,"5 km WSW of Guánica, Puerto Rico",reviewed,0,89,earthquake,2.41, Puerto Rico,-66.9561666666667,17.9586666666667,10.63,2022-11-17 16:03:10.600000+00:00,0,red,0
1665909614789,"260 km E of Levuka, Fiji",reviewed,0,271,earthquake,4.2, Fiji,-178.249,-17.7291,579.361,2022-10-16 08:40:14.789000+00:00,2,pink,3
1665918447440,"45 km NE of Chase, Alaska",reviewed,0,26,earthquake,1.3, Alaska,-149.5736,62.7803,62.2,2022-10-16 11:07:27.440000+00:00,0,red,0
1685853098810,"14km WSW of Ferndale, CA",reviewed,0,65,earthquake,2.05,California,-124.4043333,40.5191667,19.76,2023-06-04 04:31:38.810000+00:00,0,red,0
1653557843427,"39 km W of Empire, Nevada",reviewed,0,22,earthquake,1.2, Nevada,-119.8096,40.5349,17.5,2022-05-26 09:37:23.427000+00:00,1,blue,1
1662207281267,"54 km NW of Toyah, Texas",reviewed,0,89,earthquake,2.4, Texas,-104.1876328,31.67250286,7.596923828000001,2022-09-03 12:14:41.267000+00:00,0,red,0
1688978299187,"75 km ESE of King Cove, Alaska",reviewed,0,68,earthquake,2.1, Alaska,-161.3193,54.7093,14.9,2023-07-10 08:38:19.187000+00:00,0,red,0
1657322876935,Mariana Islands region,reviewed,0,284,earthquake,4.3,Mariana Islands region,147.0491,18.7192,10.0,2022-07-08 23:27:56.935000+00:00,2,green,2
1651254266140,"3km NNW of The Geysers, CA",automatic,0,1,earthquake,0.21,California,-122.7771683,38.8033333,3.58,2022-04-29 17:44:26.140000+00:00,1,blue,1
1679965930310,"10 km E of P?hala, Hawaii",automatic,0,77,earthquake,2.24, Hawaii,-155.377502441406,19.1988334655762,28.1700000762939,2023-03-28 01:12:10.310000+00:00,0,red,0
1648940281619,"34 km NW of Silver Peak, Nevada",reviewed,0,50,earthquake,1.8, Nevada,-117.9092,37.9807,3.2,2022-04-02 22:58:01.619000+00:00,0,red,0
1647724256208,"67 km WNW of Ternate, Indonesia",reviewed,0,284,earthquake,4.3, Indonesia,126.8308,1.0486,72.47,2022-03-19 21:10:56.208000+00:00,2,green,2
1677415589522,"Kenai Peninsula, Alaska",reviewed,0,50,earthquake,1.8, Alaska,-151.1804,59.0235,18.1,2023-02-26 12:46:29.522000+00:00,0,red,0
1653823913615,"58 km S of Whites City, New Mexico",reviewed,0,74,earthquake,2.2, New Mexico,-104.4177826,31.64544154,7.082763671999999,2022-05-29 11:31:53.615000+00:00,0,red,0
1682033724750,"99 km W of Adak, Alaska",reviewed,0,8,earthquake,0.7, Alaska,-178.080166666667,51.8565,2.85,2023-04-20 23:35:24.750000+00:00,1,blue,1
1667832625688,"84 km S of Port Alexander, Alaska",reviewed,0,62,earthquake,2.0, Alaska,-134.8735,55.4979,17.8,2022-11-07 14:50:25.688000+00:00,0,red,0
1680678637360,"14 km WNW of Stagecoach, Nevada",reviewed,0,12,earthquake,0.9, Nevada,-119.5135,39.4435,13.9,2023-04-05 07:10:37.360000+00:00,1,blue,1
1685887311153,"52 km S of Silver Peak, Nevada",reviewed,0,35,earthquake,1.5, Nevada,-117.5785,37.2861,6.3,2023-06-04 14:01:51.153000+00:00,1,blue,1
1687954125900,"5 km WSW of Volcano, Hawaii",reviewed,0,39,earthquake,1.59, Hawaii,-155.277166666667,19.419,0.0,2023-06-28 12:08:45.900000+00:00,1,blue,1
1642962521475,"161 km NNE of Calama, Chile",reviewed,0,298,earthquake,4.4, Chile,-68.558,-21.0407,148.35,2022-01-23 18:28:41.475000+00:00,2,green,2
1669398832095,"193 km SSE of Adak, Alaska",reviewed,0,138,earthquake,3.0, Alaska,-175.5602,50.2723,17.436,2022-11-25 17:53:52.095000+00:00,0,red,0
1677634946250,"7km NW of The Geysers, CA",reviewed,0,3,earthquake,0.43,California,-122.8246667,38.8176667,2.17,2023-03-01 01:42:26.250000+00:00,1,blue,1
1644607010015,"34 km WSW of Sarupathar, India",reviewed,0,354,earthquake,4.8, India,96.4951,26.0883,10.0,2022-02-11 19:16:50.015000+00:00,2,green,2
1688842795477,"28 km ESE of Denali National Park, Alaska",reviewed,0,22,earthquake,1.2, Alaska,-151.1799,63.4585,2.4,2023-07-08 18:59:55.477000+00:00,1,blue,1
1642697587120,"8 km ENE of P?hala, Hawaii",automatic,0,51,earthquake,1.82000005, Hawaii,-155.410507202148,19.2361660003662,32.5900001525879,2022-01-20 16:53:07.120000+00:00,0,red,0
1659577708258,Carlsberg Ridge,reviewed,0,326,earthquake,4.6,Carlsberg Ridge,66.8002,1.5083,10.0,2022-08-04 01:48:28.258000+00:00,2,green,2
1652255593669,"32 km SE of Mina, Nevada",automatic,0,35,earthquake,1.5, Nevada,-117.8615,38.1726,0.9,2022-05-11 07:53:13.669000+00:00,1,blue,1
1644586480730,"18km NW of Parkfield, CA",reviewed,0,4,earthquake,0.48,California,-120.5751667,36.0058333,3.7,2022-02-11 13:34:40.730000+00:00,1,blue,1
1676271203850,"8km W of Cobb, CA",automatic,0,14,earthquake,0.97,California,-122.8130035,38.8339996,1.71,2023-02-13 06:53:23.850000+00:00,1,blue,1
1671346042740,"13km WNW of Anza, CA",reviewed,0,1,earthquake,0.29,California,-116.8045,33.5881667,7.54,2022-12-18 06:47:22.740000+00:00,1,blue,1
1643508285317,"28 km WSW of Anchor Point, Alaska",reviewed,0,44,earthquake,1.7, Alaska,-152.3183,59.7175,78.1,2022-01-30 02:04:45.317000+00:00,0,red,0
1643512235900,"5km ENE of Covelo, CA",reviewed,0,63,earthquake,2.03,California,-123.1916667,39.8061667,6.36,2022-01-30 03:10:35.900000+00:00,0,red,0
1652439722448,"21 km NNE of Livengood, Alaska",reviewed,0,10,earthquake,0.8, Alaska,-148.2857,65.6898,9.8,2022-05-13 11:02:02.448000+00:00,1,blue,1
1683455214420,"1 km WSW of Indios, Puerto Rico",reviewed,0,87,earthquake,2.38, Puerto Rico,-66.8348333333333,17.9911666666667,13.02,2023-05-07 10:26:54.420000+00:00,0,red,0
1677652610589,"38 km NNW of Hughes, Alaska",reviewed,0,81,earthquake,2.3, Alaska,-154.5944,66.3611,8.7,2023-03-01 06:36:50.589000+00:00,0,red,0
1682016927440,Western Montana,reviewed,0,7,earthquake,0.67,Western Montana,-112.036,46.233,5.0,2023-04-20 18:55:27.440000+00:00,1,blue,1
1682113767313,"7 km S of Canyondam, California",reviewed,0,44,earthquake,1.7, California,-121.0788,40.1021,5.7,2023-04-21 21:49:27.313000+00:00,0,red,0
1677412143210,"43 km SE of Denali National Park, Alaska",reviewed,0,44,earthquake,1.7, Alaska,-151.0847,63.2696,6.3,2023-02-26 11:49:03.210000+00:00,0,red,0
1670855315532,"56 km S of Shungnak, Alaska",reviewed,0,15,earthquake,1.0, Alaska,-157.1947,66.3802,17.2,2022-12-12 14:28:35.532000+00:00,1,blue,1
1646522343680,"10km WNW of The Geysers, CA",reviewed,0,44,earthquake,1.7,California,-122.8546667,38.827,2.75,2022-03-05 23:19:03.680000+00:00,1,blue,1
1658717035160,"55 km S of Whites City, New Mexico",reviewed,0,81,earthquake,2.3, New Mexico,-104.393275,31.67317769,8.008251953,2022-07-25 02:43:55.160000+00:00,0,red,0
1687577492906,"37 km N of Pucallpa, Peru",reviewed,0,369,earthquake,4.9, Peru,-74.4956,-8.0469,157.92,2023-06-24 03:31:32.906000+00:00,2,green,2
1646322525732,"247 km SE of Chiniak, Alaska",reviewed,0,158,earthquake,3.2, Alaska,-149.2406,56.1444,10.0,2022-03-03 15:48:45.732000+00:00,0,red,0
1687124121420,"5km ENE of Pinnacles, CA",reviewed,0,53,earthquake,1.86,California,-121.0923333,36.5528333,5.57,2023-06-18 21:35:21.420000+00:00,0,red,0
1687854450072,"45 km W of Tatitlek, Alaska",reviewed,0,56,earthquake,1.9, Alaska,-147.5039,60.9446,15.0,2023-06-27 08:27:30.072000+00:00,0,red,0
1686877282980,"33 km NNW of Culebra, Puerto Rico",reviewed,0,181,earthquake,3.43, Puerto Rico,-65.4398333333333,18.5756666666667,114.29,2023-06-16 01:01:22.980000+00:00,2,green,2
1688081305530,"85 km NW of Karluk, Alaska",reviewed,0,0,earthquake,0.18, Alaska,-155.307666666667,58.1856666666667,2.67,2023-06-29 23:28:25.530000+00:00,1,blue,1
1681078698490,California-Nevada border region,reviewed,0,1,earthquake,0.3,California-Nevada border region,-119.6187,38.8691,0.1,2023-04-09 22:18:18.490000+00:00,1,blue,1
1688396549620,"27 km S of Morton, Washington",reviewed,0,6,earthquake,0.61, Washington,-122.23816666666669,46.312666666666665,5.28,2023-07-03 15:02:29.620000+00:00,1,blue,1
1666883680705,"58 km E of Cantwell, Alaska",reviewed,0,12,earthquake,0.9, Alaska,-147.7863,63.451,18.8,2022-10-27 15:14:40.705000+00:00,1,blue,1
1675756418395,"55 km N of Petersville, Alaska",reviewed,0,19,earthquake,1.1, Alaska,-150.6361,62.9883,89.5,2023-02-07 07:53:38.395000+00:00,0,red,0
1677850161060,"3km WNW of The Geysers, CA",reviewed,0,3,earthquake,0.44,California,-122.7848333,38.7883333,2.81,2023-03-03 13:29:21.060000+00:00,1,blue,1
1674816109100,"13km NNE of Angwin, CA",reviewed,0,34,earthquake,1.48,California,-122.385,38.6838333,1.89,2023-01-27 10:41:49.100000+00:00,1,blue,1
1664641166462,"251 km NE of Saipan, Northern Mariana Islands",reviewed,0,340,earthquake,4.7, Northern Mariana Islands,147.1426,17.0472,35.945,2022-10-01 16:19:26.462000+00:00,2,green,2
1653498511873,"94 km E of Nikolski, Alaska",reviewed,0,30,earthquake,1.4, Alaska,-167.4568,52.9107,35.5,2022-05-25 17:08:31.873000+00:00,1,blue,1
1689010574497,"120 km E of McCarthy, Alaska",reviewed,0,138,earthquake,3.0, Alaska,-140.6683,61.4638,10.0,2023-07-10 17:36:14.497000+00:00,0,red,0
1651028647370,"13km WNW of Anza, CA",reviewed,0,3,earthquake,0.46,California,-116.8061667,33.5878333,7.5,2022-04-27 03:04:07.370000+00:00,1,blue,1
1688253526730,"1km NE of The Geysers, CA",reviewed,0,47,earthquake,1.74,California,-122.7486667,38.7861667,0.95,2023-07-01 23:18:46.730000+00:00,0,red,0
1659449551726,"35 km NNW of Valdez, Alaska",reviewed,0,50,earthquake,1.8, Alaska,-146.5296,61.4387,18.0,2022-08-02 14:12:31.726000+00:00,0,red,0
1658468739592,"25 km NW of Susitna, Alaska",reviewed,0,39,earthquake,1.6, Alaska,-150.7822,61.7281,62.1,2022-07-22 05:45:39.592000+00:00,0,red,0
1651179113990,"20km N of Trona, CA",reviewed,0,27,earthquake,1.33,California,-117.3466667,35.9466667,1.9,2022-04-28 20:51:53.990000+00:00,1,blue,1
1665948263013,"68 km SE of King Salmon, Alaska",reviewed,0,62,earthquake,2.0, Alaska,-155.9378,58.2039,145.9,2022-10-16 19:24:23.013000+00:00,0,red,0
1672013431640,"4km W of Cobb, CA",automatic,0,9,earthquake,0.76,California,-122.7656631,38.8221664,2.15,2022-12-26 00:10:31.640000+00:00,1,blue,1
1655427814110,Puerto Rico region,reviewed,0,121,earthquake,2.81,Puerto Rico region,-66.8435,17.8726666666667,17.01,2022-06-17 01:03:34.110000+00:00,0,red,0
1658120424120,"50 km SE of Naalehu, Hawaii",reviewed,0,138,earthquake,3.0, Hawaii,-155.229833333333,18.7613333333333,6.58,2022-07-18 05:00:24.120000+00:00,0,red,0
1649829804909,"23 km WNW of Zeribet el Oued, Algeria",reviewed,0,271,earthquake,4.2, Algeria,6.2619,34.7454,10.0,2022-04-13 06:03:24.909000+00:00,2,green,2
1679210232480,"5km N of Ocotillo, CA",reviewed,0,7,earthquake,0.67,California,-115.992,32.7798333,11.15,2023-03-19 07:17:12.480000+00:00,1,blue,1
1665475820201,"6 km NNW of Balkh, Afghanistan",reviewed,0,369,earthquake,4.9, Afghanistan,66.8796,36.8088,36.415,2022-10-11 08:10:20.201000+00:00,2,green,2
1661678636590,"13km ENE of Cloverdale, CA",automatic,0,4,earthquake,0.5,California,-122.8786697,38.8413315,2.21,2022-08-28 09:23:56.590000+00:00,1,blue,1
1659688614781,"6 km NNE of Nanwalek, Alaska",reviewed,0,15,earthquake,1.0, Alaska,-151.8922,59.4109,58.2,2022-08-05 08:36:54.781000+00:00,1,blue,1
1656933809028,"19 km NE of Skwentna, Alaska",reviewed,0,19,earthquake,1.1, Alaska,-151.1221,62.1115,70.3,2022-07-04 11:23:29.028000+00:00,1,red,0
1669436641082,Southern Alaska,reviewed,0,30,earthquake,1.4,Southern Alaska,-149.2875,61.7271,21.0,2022-11-26 04:24:01.082000+00:00,1,blue,1
1667115394630,"5 km SSE of Dover, Oklahoma",reviewed,0,10,earthquake,0.82, Oklahoma,-97.89183333,35.932,5.53,2022-10-30 07:36:34.630000+00:00,1,blue,1
1681661966310,"100 km W of Adak, Alaska",reviewed,0,18,earthquake,1.08, Alaska,-178.088833333333,51.861,2.59,2023-04-16 16:19:26.310000+00:00,1,blue,1
1667728618015,"76 km SE of King Cove, Alaska",reviewed,0,104,earthquake,2.6, Alaska,-161.4922,54.5698,35.0,2022-11-06 09:56:58.015000+00:00,0,red,0
1671613980697,"10 km ESE of Petersville, Alaska",reviewed,0,19,earthquake,1.1, Alaska,-150.5806,62.4599,71.7,2022-12-21 09:13:00.697000+00:00,0,red,0
1681592586833,Southwest Indian Ridge,reviewed,0,385,earthquake,5.0,Southwest Indian Ridge,56.5081,-33.897,10.0,2023-04-15 21:03:06.833000+00:00,2,green,2
1655005266989,"24 km ENE of Sterling, Alaska",reviewed,0,22,earthquake,1.2, Alaska,-150.3707,60.641,45.6,2022-06-12 03:41:06.989000+00:00,1,blue,1
1655674023110,"5km SW of Idyllwild, CA",reviewed,0,8,earthquake,0.7,California,-116.749,33.7063333,15.29,2022-06-19 21:27:03.110000+00:00,1,blue,1
1654094590396,"21 km ENE of Dutch Harbor, Alaska",reviewed,0,10,earthquake,0.8, Alaska,-166.2465,53.97,6.6,2022-06-01 14:43:10.396000+00:00,1,blue,1
1646209229038,"41 km WNW of Nanwalek, Alaska",reviewed,0,22,earthquake,1.2, Alaska,-152.581,59.5109,77.9,2022-03-02 08:20:29.038000+00:00,0,red,0
1666489280393,Banda Sea,reviewed,0,284,earthquake,4.3,Banda Sea,129.8913,-6.6706,162.879,2022-10-23 01:41:20.393000+00:00,2,green,2
1668615810432,"63 km W of Anchor Point, Alaska",reviewed,0,44,earthquake,1.7, Alaska,-152.9608,59.8537,100.0,2022-11-16 16:23:30.432000+00:00,0,red,0
1672736497678,"249 km E of Levuka, Fiji",reviewed,0,298,earthquake,4.4, Fiji,-178.327,-17.962,610.208,2023-01-03 09:01:37.678000+00:00,2,pink,3
1650660561141,"10 km SW of Point Possession, Alaska",reviewed,0,35,earthquake,1.5, Alaska,-150.8318,60.8569,9.9,2022-04-22 20:49:21.141000+00:00,1,blue,1
1644339101170,"9 km E of P?hala, Hawaii",automatic,0,63,earthquake,2.01999998, Hawaii,-155.391998291016,19.1876659393311,32.689998626709,2022-02-08 16:51:41.170000+00:00,0,red,0
1663730339280,"7 km SW of Volcano, Hawaii",reviewed,0,105,earthquake,2.61, Hawaii,-155.282666666667,19.398,0.52,2022-09-21 03:18:59.280000+00:00,0,red,0
1675988797680,Alaska Peninsula,reviewed,0,0,earthquake,0.09,Alaska Peninsula,-158.006833333333,56.926,1.71,2023-02-10 00:26:37.680000+00:00,1,blue,1
1646109859550,"9 km E of P?hala, Hawaii",automatic,0,62,earthquake,2.0, Hawaii,-155.392837524414,19.1966667175293,30.9699993133545,2022-03-01 04:44:19.550000+00:00,0,red,0
1687521647040,"7km NW of The Geysers, CA",reviewed,0,2,earthquake,0.37,California,-122.8065,38.8265,1.77,2023-06-23 12:00:47.040000+00:00,1,blue,1
1677349012610,"49 km NNW of Lae, Papua New Guinea",reviewed,0,284,earthquake,4.3, Papua New Guinea,146.7717,-6.3369,100.068,2023-02-25 18:16:52.610000+00:00,2,green,2
1680406497190,"2 km SW of Dutch Harbor, Alaska",reviewed,0,4,earthquake,0.53, Alaska,-166.5765,53.8753333333333,5.8,2023-04-02 03:34:57.190000+00:00,1,blue,1
1649786848800,"4 km WSW of Benton City, Washington",reviewed,0,19,earthquake,1.12, Washington,-119.5395,46.243833333333335,7.21,2022-04-12 18:07:28.800000+00:00,1,blue,1
1651968234858,"56 km SSW of Masachapa, Nicaragua",reviewed,0,271,earthquake,4.2, Nicaragua,-86.7487,11.3315,38.24,2022-05-08 00:03:54.858000+00:00,2,green,2
1642603835001,"43 km WNW of Nikiski, Alaska",reviewed,0,39,earthquake,1.6, Alaska,-152.0611,60.798,82.6,2022-01-19 14:50:35.001000+00:00,0,red,0
1666154458770,"15km WSW of Toms Place, CA",reviewed,0,0,earthquake,0.16,California,-118.8416667,37.5231667,5.39,2022-10-19 04:40:58.770000+00:00,1,blue,1
1679316612190,"3 km ENE of Big Lake, Alaska",reviewed,0,12,earthquake,0.9, Alaska,-149.8907,61.5277,32.5,2023-03-20 12:50:12.190000+00:00,1,blue,1
1655067474230,"7km WNW of Cobb, CA",automatic,0,11,earthquake,0.85,California,-122.8059998,38.8349991,2.03,2022-06-12 20:57:54.230000+00:00,1,blue,1
1676949824150,"5km NNW of The Geysers, CA",automatic,0,16,earthquake,1.03,California,-122.7833328,38.8148346,0.86,2023-02-21 03:23:44.150000+00:00,1,blue,1
1675634126728,"56 km NNW of Skwentna, Alaska",reviewed,0,39,earthquake,1.6, Alaska,-151.935,62.4337,96.9,2023-02-05 21:55:26.728000+00:00,0,red,0
1657926441066,"22 km NNW of Aleneva, Alaska",reviewed,0,22,earthquake,1.2, Alaska,-152.9961,58.2537,2.5,2022-07-15 23:07:21.066000+00:00,1,blue,1
1675448330120,"23km ESE of Little Lake, CA",reviewed,0,18,earthquake,1.09,California,-117.6681667,35.8608333,7.88,2023-02-03 18:18:50.120000+00:00,1,blue,1
1654392468980,"3 km SSE of P?hala, Hawaii",automatic,0,70,earthquake,2.1400001, Hawaii,-155.462997436523,19.174165725708,33.7000007629395,2022-06-05 01:27:48.980000+00:00,0,red,0
1647096823580,"55 km SW of Karluk, Alaska",reviewed,0,74,earthquake,2.2, Alaska,-155.0893,57.2087,53.9,2022-03-12 14:53:43.580000+00:00,0,red,0
1647256821399,"12 km E of Crowder, Oklahoma",reviewed,0,151,earthquake,3.12, Oklahoma,-95.53583333,35.106,7.69,2022-03-14 11:20:21.399000+00:00,0,red,0
1656367895044,"23 km NW of Anchor Point, Alaska",reviewed,0,22,earthquake,1.2, Alaska,-152.163,59.9107,68.3,2022-06-27 22:11:35.044000+00:00,0,red,0
1641669399750,"74 km WSW of Cantwell, Alaska",reviewed,0,39,earthquake,1.6, Alaska,-150.3975,63.2299,118.3,2022-01-08 19:16:39.750000+00:00,0,red,0
1674443119620,"11 km SSE of Guánica, Puerto Rico",reviewed,0,199,earthquake,3.6, Puerto Rico,-66.8725,17.8768,11.0,2023-01-23 03:05:19.620000+00:00,2,green,2
1649665870811,"45 km WSW of False Pass, Alaska",reviewed,0,50,earthquake,1.8, Alaska,-164.0973,54.7612,6.7,2022-04-11 08:31:10.811000+00:00,0,red,0
1675586790470,"10km WNW of The Geysers, CA",automatic,0,9,earthquake,0.76,California,-122.8523331,38.8261681,2.33,2023-02-05 08:46:30.470000+00:00,1,blue,1
1670941531848,"172 km S of Akhiok, Alaska",reviewed,0,121,earthquake,2.8, Alaska,-154.2299,55.3965,11.9,2022-12-13 14:25:31.848000+00:00,0,red,0
1673396232200,"6km NNE of Windsor, CA",reviewed,0,65,earthquake,2.06,California,-122.8026667,38.5981667,5.34,2023-01-11 00:17:12.200000+00:00,0,red,0
1642893452390,"16km S of Searles Valley, CA",reviewed,0,18,earthquake,1.08,California,-117.4253333,35.6275,9.44,2022-01-22 23:17:32.390000+00:00,1,blue,1
1664854288685,"44 km ENE of Susitna North, Alaska",reviewed,0,15,earthquake,1.0, Alaska,-149.1137,62.3646,5.5,2022-10-04 03:31:28.685000+00:00,1,blue,1
1682297104150,"16km NW of Parkfield, CA",reviewed,0,18,earthquake,1.09,California,-120.5591667,35.9986667,3.89,2023-04-24 00:45:04.150000+00:00,1,blue,1
1641073255940,"2km NNW of Palomar Observatory, CA",reviewed,0,7,earthquake,0.66,California,-116.876,33.3723333,7.12,2022-01-01 21:40:55.940000+00:00,1,blue,1
1670148868384,"28 km W of Nanwalek, Alaska",reviewed,0,35,earthquake,1.5, Alaska,-152.4186,59.3898,63.9,2022-12-04 10:14:28.384000+00:00,0,red,0
1655211684980,"83 km W of Adak, Alaska",reviewed,0,0,earthquake,0.17, Alaska,-177.850333333333,51.8601666666667,4.16,2022-06-14 13:01:24.980000+00:00,1,blue,1
1674950451270,"6km WNW of The Geysers, CA",reviewed,0,36,earthquake,1.51,California,-122.8181667,38.8028333,3.22,2023-01-29 00:00:51.270000+00:00,1,blue,1
1667599996916,"18 km N of Summerlin South, Nevada",reviewed,0,50,earthquake,1.8, Nevada,-115.3697,36.2791,4.2,2022-11-04 22:13:16.916000+00:00,0,red,0
1664381489999,"200 km ENE of Levuka, Fiji",reviewed,0,284,earthquake,4.3, Fiji,-178.8806,-17.5099,548.747,2022-09-28 16:11:29.999000+00:00,2,pink,3
1669199368970,Puerto Rico region,reviewed,0,95,earthquake,2.49,Puerto Rico region,-67.0005,17.985,10.61,2022-11-23 10:29:28.970000+00:00,0,red,0
1664104461720,"10km WSW of Searles Valley, CA",reviewed,0,4,earthquake,0.48,California,-117.4953333,35.7178333,2.53,2022-09-25 11:14:21.720000+00:00,1,blue,1
1676832845558,"0 km WSW of Gamut, Philippines",reviewed,0,312,earthquake,4.5, Philippines,126.1626,9.0009,68.539,2023-02-19 18:54:05.558000+00:00,2,green,2
1658056772525,"65 km SSW of Adak, Alaska",reviewed,0,30,earthquake,1.4, Alaska,-176.9766,51.3238,36.9,2022-07-17 11:19:32.525000+00:00,1,blue,1
1680026241079,"38 km NNW of Nellis Air Force Base, Nevada",reviewed,0,10,earthquake,0.8, Nevada,-115.2174,36.5633,12.5,2023-03-28 17:57:21.079000+00:00,1,blue,1
1644828264980,"41km ENE of Maneadero, B.C., MX",reviewed,0,115,earthquake,2.73, B.C.,-116.1685,31.8545,15.46,2022-02-14 08:44:24.980000+00:00,0,red,0
1679519352706,"18 km W of Anchorage, Alaska",reviewed,0,39,earthquake,1.6, Alaska,-150.2433,61.2384,45.0,2023-03-22 21:09:12.706000+00:00,0,red,0
1653770338314,"140 km W of Adak, Alaska",reviewed,0,35,earthquake,1.5, Alaska,-178.6389,51.6538,82.9,2022-05-28 20:38:58.314000+00:00,0,red,0
1644826890090,"7km W of Cobb, CA",automatic,0,11,earthquake,0.85,California,-122.8051682,38.8341675,1.87,2022-02-14 08:21:30.090000+00:00,1,blue,1
1656829781278,"59 km S of Whites City, New Mexico",reviewed,0,96,earthquake,2.5, New Mexico,-104.2875612,31.64716032,7.288427734,2022-07-03 06:29:41.278000+00:00,0,red,0
1675099685210,"17km ESE of Anza, CA",reviewed,0,7,earthquake,0.69,California,-116.5045,33.5051667,14.4,2023-01-30 17:28:05.210000+00:00,1,blue,1
1646196227144,"111 km NW of Yakutat, Alaska",reviewed,0,19,earthquake,1.1, Alaska,-141.3349,60.1344,13.2,2022-03-02 04:43:47.144000+00:00,1,blue,1
1650460751908,"36 km N of Andalgalá, Argentina",reviewed,0,369,earthquake,4.9, Argentina,-66.2996,-27.2485,174.38,2022-04-20 13:19:11.908000+00:00,2,green,2
1658491902077,"235 km WSW of Adak, Alaska",reviewed,0,44,earthquake,1.7, Alaska,-179.8279,51.1644,13.4,2022-07-22 12:11:42.077000+00:00,0,red,0
1648612861037,"53 km ENE of Beatty, Nevada",reviewed,0,2,earthquake,0.4, Nevada,-116.2329,37.1362,4.9,2022-03-30 04:01:01.037000+00:00,1,blue,1
1646600046670,"13 km ESE of P?hala, Hawaii",automatic,0,49,earthquake,1.77999997, Hawaii,-155.373336791992,19.1401672363281,30.2399997711182,2022-03-06 20:54:06.670000+00:00,0,red,0
1655851935595,northern Alaska,reviewed,0,56,earthquake,1.9,northern Alaska,-160.6075,68.0814,1.1,2022-06-21 22:52:15.595000+00:00,0,red,0
1684283950000,"84 km E of Yakutat, Alaska",reviewed,0,199,earthquake,3.6, Alaska,-138.2627,59.4146,5.3,2023-05-17 00:39:10+00:00,2,green,2
1677117666564,"62 km E of Cantwell, Alaska",reviewed,0,35,earthquake,1.5, Alaska,-147.7136,63.4577,2.4,2023-02-23 02:01:06.564000+00:00,1,blue,1
1687937315629,"75 km S of Unalaska, Alaska",reviewed,0,74,earthquake,2.2, Alaska,-166.7462,53.2047,55.9,2023-06-28 07:28:35.629000+00:00,0,red,0
1677619760870,"92 km W of Adak, Alaska",reviewed,0,18,earthquake,1.07, Alaska,-177.971666666667,51.852,4.01,2023-02-28 21:29:20.870000+00:00,1,blue,1
1669812480470,"53 km NNE of Cruz Bay, U.S. Virgin Islands",reviewed,0,199,earthquake,3.6, U.S. Virgin Islands,-64.5146,18.7393,7.0,2022-11-30 12:48:00.470000+00:00,2,green,2
1678937948550,"14km ESE of Anza, CA",reviewed,0,14,earthquake,0.96,California,-116.5275,33.5211667,13.55,2023-03-16 03:39:08.550000+00:00,1,blue,1
1641931633076,"103 km SE of Nikolski, Alaska",reviewed,0,138,earthquake,3.0, Alaska,-167.6696,52.3525,10.0,2022-01-11 20:07:13.076000+00:00,0,red,0
1682570204548,"11 km SE of Doyle, California",reviewed,0,1,earthquake,0.3, California,-120.0107,39.9577,12.9,2023-04-27 04:36:44.548000+00:00,1,blue,1
1664844281121,"51 km NNE of Chenega, Alaska",reviewed,0,19,earthquake,1.1, Alaska,-147.7835,60.5106,4.8,2022-10-04 00:44:41.121000+00:00,1,blue,1
1690279916444,"42 km E of Austin, Nevada",reviewed,0,81,earthquake,2.3, Nevada,-116.5798,39.5423,3.4,2023-07-25 10:11:56.444000+00:00,0,red,0
1654283771068,"22 km S of Petersville, Alaska",reviewed,0,56,earthquake,1.9, Alaska,-150.7191,62.2954,64.8,2022-06-03 19:16:11.068000+00:00,0,red,0
1644138230850,"20 km E of Castle Rock, Washington",reviewed,0,17,earthquake,1.04, Washington,-122.63983333333331,46.24733333333333,14.12,2022-02-06 09:03:50.850000+00:00,1,blue,1
1677172916029,central East Pacific Rise,reviewed,0,449,earthquake,5.4,central East Pacific Rise,-106.5137,-6.0563,10.0,2023-02-23 17:21:56.029000+00:00,2,green,2
1677833276337,"59 km WNW of Skwentna, Alaska",reviewed,0,15,earthquake,1.0, Alaska,-152.4977,62.1314,25.8,2023-03-03 08:47:56.337000+00:00,1,blue,1
1675215293534,"57 km WNW of Nanwalek, Alaska",reviewed,0,19,earthquake,1.1, Alaska,-152.8487,59.5738,75.6,2023-02-01 01:34:53.534000+00:00,0,red,0
1654467040953,"99 km SW of Adak, Alaska",reviewed,0,22,earthquake,1.2, Alaska,-177.7782,51.3289,33.1,2022-06-05 22:10:40.953000+00:00,1,blue,1
1686218446979,"Andreanof Islands, Aleutian Islands, Alaska",reviewed,0,56,earthquake,1.9, Aleutian Islands,-176.3748,51.5743,40.6,2023-06-08 10:00:46.979000+00:00,0,red,0
1667641238486,"127 km ESE of Cordova, Alaska",reviewed,0,26,earthquake,1.3, Alaska,-143.4905,60.3038,3.2,2022-11-05 09:40:38.486000+00:00,1,blue,1
1643800393315,"11 km S of Badger, Alaska",reviewed,0,30,earthquake,1.4, Alaska,-147.5799,64.6978,13.9,2022-02-02 11:13:13.315000+00:00,1,blue,1
1642628333217,"38 km ENE of Port-Olry, Vanuatu",reviewed,0,298,earthquake,4.4, Vanuatu,167.4095,-14.9355,145.92,2022-01-19 21:38:53.217000+00:00,2,green,2
1688516739060,"10km WNW of The Geysers, CA",automatic,0,10,earthquake,0.8,California,-122.8553314,38.8278351,2.13,2023-07-05 00:25:39.060000+00:00,1,blue,1
1667373237010,"9 km E of P?hala, Hawaii",reviewed,0,154,earthquake,3.16, Hawaii,-155.3855,19.1985,36.71,2022-11-02 07:13:57.010000+00:00,0,red,0
1682301391659,"34 km SE of Mina, Nevada",reviewed,0,44,earthquake,1.7, Nevada,-117.8113,38.1877,9.7,2023-04-24 01:56:31.659000+00:00,0,red,0
1648914390085,Southern Alaska,reviewed,0,35,earthquake,1.5,Southern Alaska,-152.8234,59.0022,70.2,2022-04-02 15:46:30.085000+00:00,0,red,0
1671432509740,"2km NW of The Geysers, CA",reviewed,0,10,earthquake,0.82,California,-122.7671667,38.7875,2.36,2022-12-19 06:48:29.740000+00:00,1,blue,1
1649284130540,"6km W of Cobb, CA",automatic,0,2,earthquake,0.35,California,-122.7874985,38.8213348,1.08,2022-04-06 22:28:50.540000+00:00,1,blue,1
1687691647862,"73 km SE of Kokhanok, Alaska",reviewed,0,62,earthquake,2.0, Alaska,-153.9805,58.9203,96.6,2023-06-25 11:14:07.862000+00:00,0,red,0
1673572397950,"9km N of Anza, CA",reviewed,0,5,earthquake,0.57,California,-116.684,33.6361667,12.78,2023-01-13 01:13:17.950000+00:00,1,blue,1
1668236891149,"36 km WSW of Ashk?sham, Afghanistan",reviewed,0,326,earthquake,4.6, Afghanistan,71.1766,36.5158,83.718,2022-11-12 07:08:11.149000+00:00,2,green,2
1653855035731,western Texas,reviewed,0,81,earthquake,2.3,western Texas,-104.4166083,31.66406289,4.229174805000001,2022-05-29 20:10:35.731000+00:00,0,red,0
1645274078220,"6km NW of The Geysers, CA",automatic,0,11,earthquake,0.84,California,-122.8093338,38.8170013,1.26,2022-02-19 12:34:38.220000+00:00,1,blue,1
1681928556328,Southern Alaska,reviewed,0,68,earthquake,2.1,Southern Alaska,-152.3998,60.404,91.8,2023-04-19 18:22:36.328000+00:00,0,red,0
1666170261550,"8km ESE of Valle Vista, CA",reviewed,0,5,earthquake,0.56,California,-116.8201667,33.7176667,16.57,2022-10-19 09:04:21.550000+00:00,1,blue,1
1682611270904,"90 km S of McCarthy, Alaska",reviewed,0,44,earthquake,1.7, Alaska,-142.677,60.6293,7.7,2023-04-27 16:01:10.904000+00:00,0,red,0
1688261232117,"20 km S of Manley Hot Springs, Alaska",reviewed,0,6,earthquake,0.6, Alaska,-150.6412,64.8134,13.5,2023-07-02 01:27:12.117000+00:00,1,blue,1
1667080726731,"95 km SSE of Kokhanok, Alaska",reviewed,0,62,earthquake,2.0, Alaska,-154.2717,58.6243,96.5,2022-10-29 21:58:46.731000+00:00,0,red,0
1655033093763,"21 km SW of Susitna, Alaska",reviewed,0,22,earthquake,1.2, Alaska,-150.7877,61.4087,56.4,2022-06-12 11:24:53.763000+00:00,1,blue,1
1650748967948,"185 km W of Port McNeill, Canada",reviewed,1,435,earthquake,5.3, Canada,-129.6895,50.4725,10.0,2022-04-23 21:22:47.948000+00:00,2,green,2
1676038997655,Samoa Islands region,reviewed,0,312,earthquake,4.5,Samoa Islands region,-173.5713,-14.8569,10.0,2023-02-10 14:23:17.655000+00:00,2,green,2
1687802955710,Alaska Peninsula,reviewed,0,7,earthquake,0.66,Alaska Peninsula,-155.097666666667,58.2173333333333,3.96,2023-06-26 18:09:15.710000+00:00,1,blue,1
1654439498085,"Kenai Peninsula, Alaska",reviewed,0,74,earthquake,2.2, Alaska,-151.0218,60.2721,52.5,2022-06-05 14:31:38.085000+00:00,0,red,0
1642418175560,"5 km S of Covington, Oklahoma",reviewed,0,12,earthquake,0.89, Oklahoma,-97.57783333,36.26033333,6.24,2022-01-17 11:16:15.560000+00:00,1,blue,1
1654125750330,"82 km NNW of Karluk, Alaska",reviewed,0,0,earthquake,0.15, Alaska,-154.936,58.2623333333333,2.29,2022-06-01 23:22:30.330000+00:00,1,blue,1
1647485729150,"15km NE of Little Lake, CA",reviewed,0,0,earthquake,0.17,California,-117.7821667,36.0243333,2.21,2022-03-17 02:55:29.150000+00:00,1,blue,1
1680777921050,"2km WSW of Cabazon, CA",reviewed,0,47,earthquake,1.75,California,-116.8115,33.9125,18.44,2023-04-06 10:45:21.050000+00:00,0,red,0
1653590469731,"79 km SSW of Unalaska, Alaska",reviewed,0,44,earthquake,1.7, Alaska,-166.8401,53.1796,25.6,2022-05-26 18:41:09.731000+00:00,0,red,0
1686381031919,"68 km SE of Denali National Park, Alaska",reviewed,0,26,earthquake,1.3, Alaska,-150.6396,63.1709,116.3,2023-06-10 07:10:31.919000+00:00,0,red,0
1642995245580,"12 km N of Atka, Alaska",reviewed,0,3,earthquake,0.44, Alaska,-174.184666666667,52.3123333333333,3.78,2022-01-24 03:34:05.580000+00:00,1,blue,1
1657278252015,"47 km WSW of Atka, Alaska",reviewed,0,19,earthquake,1.1, Alaska,-174.8861,52.106,14.2,2022-07-08 11:04:12.015000+00:00,1,blue,1
1686103227676,"6 km S of Cold Springs, Nevada",reviewed,0,50,earthquake,1.8, Nevada,-119.9757,39.6217,6.3,2023-06-07 02:00:27.676000+00:00,0,red,0
1666771967330,"10km S of Idyllwild, CA",reviewed,0,9,earthquake,0.76,California,-116.7288333,33.6493333,14.78,2022-10-26 08:12:47.330000+00:00,1,blue,1
1670842356220,"16km N of Yucca Valley, CA",reviewed,0,27,earthquake,1.32,California,-116.4381667,34.2543333,7.58,2022-12-12 10:52:36.220000+00:00,1,blue,1
1674775844441,"205 km SSE of Suva, Fiji",reviewed,0,340,earthquake,4.7, Fiji,178.8704,-19.9484,10.0,2023-01-26 23:30:44.441000+00:00,2,green,2
1688774564030,"4km SW of Idyllwild, CA",reviewed,0,6,earthquake,0.64,California,-116.7531667,33.7116667,16.15,2023-07-08 00:02:44.030000+00:00,1,blue,1
1668318115359,"55 km NW of Toyah, Texas",reviewed,0,62,earthquake,2.0, Texas,-104.2200839,31.65602545,7.93112793,2022-11-13 05:41:55.359000+00:00,0,red,0
1675920838593,"57 km SE of Kaltag, Alaska",reviewed,0,15,earthquake,1.0, Alaska,-157.8961,63.956,8.7,2023-02-09 05:33:58.593000+00:00,1,blue,1
1650749439580,"6 km SSW of Indios, Puerto Rico",reviewed,0,57,earthquake,1.92, Puerto Rico,-66.8421666666667,17.9383333333333,12.07,2022-04-23 21:30:39.580000+00:00,0,red,0
1643776958630,"8km W of Cobb, CA",automatic,0,2,earthquake,0.36,California,-122.8143311,38.8351669,1.63,2022-02-02 04:42:38.630000+00:00,1,blue,1
1668121758980,"45 km NW of Toyah, Texas",reviewed,0,62,earthquake,2.0, Texas,-104.1138073,31.61424255,5.46315918,2022-11-10 23:09:18.980000+00:00,0,red,0
1671872482174,"107 km WSW of Prince Rupert, Canada",reviewed,1,321,earthquake,4.5, Canada,-131.7345,53.821,10.0,2022-12-24 09:01:22.174000+00:00,2,green,2
1685683165739,"7 km S of Cold Springs, Nevada",reviewed,0,15,earthquake,1.0, Nevada,-119.9739,39.6133,6.0,2023-06-02 05:19:25.739000+00:00,1,blue,1
1682540413210,"28 km ENE of Kelly, Wyoming",reviewed,0,86,earthquake,2.36, Wyoming,-110.330666666667,43.7645,11.78,2023-04-26 20:20:13.210000+00:00,0,red,0
1656926263277,"28 km E of Saint George, Alaska",reviewed,1,450,earthquake,5.4, Alaska,-169.0865,56.6383,11.623,2022-07-04 09:17:43.277000+00:00,2,green,2
1689493352842,"17 km NNW of Mina, Nevada",reviewed,0,98,earthquake,2.5, Nevada,-118.1663,38.5391,9.4,2023-07-16 07:42:32.842000+00:00,0,red,0
1657052177140,"3 km SW of Indios, Puerto Rico",reviewed,0,58,earthquake,1.95, Puerto Rico,-66.8435,17.9725,17.03,2022-07-05 20:16:17.140000+00:00,0,red,0
1651209806330,"11km SSW of Idyllwild, CA",reviewed,0,5,earthquake,0.58,California,-116.7718333,33.6508333,12.99,2022-04-29 05:23:26.330000+00:00,1,blue,1
1659841445683,"12 km SW of Toyah, Texas",reviewed,0,62,earthquake,2.0, Texas,-103.8800814,31.22713748,4.897583008,2022-08-07 03:04:05.683000+00:00,0,red,0
1681307204647,"33 km E of Denali National Park, Alaska",reviewed,0,12,earthquake,0.9, Alaska,-151.0428,63.5399,7.1,2023-04-12 13:46:44.647000+00:00,1,blue,1
1668481718320,"14km N of Morgan Hill, CA",reviewed,0,15,earthquake,0.99,California,-121.6361667,37.2563333,4.69,2022-11-15 03:08:38.320000+00:00,1,blue,1
1656502137520,"16km NNW of Borrego Springs, CA",reviewed,0,1,earthquake,0.24,California,-116.4186667,33.3925,12.66,2022-06-29 11:28:57.520000+00:00,1,blue,1
1667872020876,"65 km ENE of McCarthy, Alaska",reviewed,0,19,earthquake,1.1, Alaska,-141.8164,61.6958,1.3,2022-11-08 01:47:00.876000+00:00,1,blue,1
1664419627703,"43 km ENE of Susitna North, Alaska",reviewed,0,44,earthquake,1.7, Alaska,-149.126,62.3558,16.0,2022-09-29 02:47:07.703000+00:00,0,red,0
1670290960630,"2km NW of The Geysers, CA",automatic,0,9,earthquake,0.75,California,-122.7681656,38.7885017,2.4,2022-12-06 01:42:40.630000+00:00,1,blue,1
1683941667150,"12 km SSE of Guánica, Puerto Rico",reviewed,0,109,earthquake,2.66, Puerto Rico,-66.8665,17.8656666666667,12.56,2023-05-13 01:34:27.150000+00:00,0,red,0
1659452493750,"4km WNW of The Geysers, CA",automatic,0,5,earthquake,0.56,California,-122.7945023,38.7960014,3.13,2022-08-02 15:01:33.750000+00:00,1,blue,1
1642129979070,"9 km W of Dutch Harbor, Alaska",reviewed,0,1,earthquake,0.31, Alaska,-166.679833333333,53.9036666666667,2.77,2022-01-14 03:12:59.070000+00:00,1,blue,1
1677727366004,"54 km E of Clear, Alaska, Alaska",reviewed,0,10,earthquake,0.8, Alaska,-148.0684,64.2016,16.5,2023-03-02 03:22:46.004000+00:00,1,blue,1
1689260479806,"49 km NW of Toyah, Texas",reviewed,0,130,earthquake,2.9, Texas,-104.1997798,31.5991381,6.131567383,2023-07-13 15:01:19.806000+00:00,0,red,0
1646249155457,"260 km WSW of Tual, Indonesia",reviewed,0,298,earthquake,4.4, Indonesia,130.6589,-6.7029,123.8,2022-03-02 19:25:55.457000+00:00,2,green,2
1653687615190,"11km ENE of Coso Junction, CA",reviewed,0,21,earthquake,1.18,California,-117.8455,36.0995,2.84,2022-05-27 21:40:15.190000+00:00,1,blue,1
1669909300972,"84 km SSW of Unalaska, Alaska",reviewed,0,62,earthquake,2.0, Alaska,-166.8459,53.1362,25.6,2022-12-01 15:41:40.972000+00:00,0,red,0
1671089214869,"Rat Islands, Aleutian Islands, Alaska",reviewed,0,104,earthquake,2.6, Aleutian Islands,178.7201,51.6438,78.011,2022-12-15 07:26:54.869000+00:00,0,red,0
1657561126210,"3km SW of Salton City, CA",reviewed,0,22,earthquake,1.2,California,-115.9828333,33.2773333,4.58,2022-07-11 17:38:46.210000+00:00,1,blue,1
1663883324160,"6km NNE of Lake Henshaw, CA",reviewed,0,7,earthquake,0.68,California,-116.7446667,33.2926667,13.19,2022-09-22 21:48:44.160000+00:00,1,blue,1
1659397794742,"31 km SE of Mina, Nevada",reviewed,0,8,earthquake,0.7, Nevada,-117.8972,38.1641,11.3,2022-08-01 23:49:54.742000+00:00,1,blue,1
1686231227377,"27 km S of Denali National Park, Alaska",reviewed,0,12,earthquake,0.9, Alaska,-151.814,63.3001,3.1,2023-06-08 13:33:47.377000+00:00,1,blue,1
1685145323430,"1km NE of The Geysers, CA",reviewed,0,14,earthquake,0.96,California,-122.7448333,38.7841667,0.77,2023-05-26 23:55:23.430000+00:00,1,blue,1
1682482826612,"56 km NE of Yigo Village, Guam",reviewed,0,299,earthquake,4.4, Guam,145.181,13.9577,117.456,2023-04-26 04:20:26.612000+00:00,2,green,2
1679540147409,"256 km E of Levuka, Fiji",reviewed,0,271,earthquake,4.2, Fiji,-178.2675,-17.9142,562.851,2023-03-23 02:55:47.409000+00:00,2,pink,3
1649689253314,"22 km WNW of Sitka, Alaska",reviewed,0,56,earthquake,1.9, Alaska,-135.683,57.1062,3.8,2022-04-11 15:00:53.314000+00:00,0,red,0
1660472285213,"193 km SSE of Naze, Japan",reviewed,0,271,earthquake,4.2, Japan,130.0292,26.6926,10.0,2022-08-14 10:18:05.213000+00:00,2,green,2
1683887166110,"3km ESE of Prattville, CA",reviewed,0,62,earthquake,2.01,California,-121.1236667,40.1965,7.73,2023-05-12 10:26:06.110000+00:00,0,red,0
1649069512440,"9km WNW of Cobb, CA",automatic,0,11,earthquake,0.86,California,-122.8248367,38.8413315,2.19,2022-04-04 10:51:52.440000+00:00,1,blue,1
1648062848760,"14km ENE of Ridgecrest, CA",reviewed,0,41,earthquake,1.63,California,-117.5258333,35.6613333,11.3,2022-03-23 19:14:08.760000+00:00,1,blue,1
1664421590947,east of the South Sandwich Islands,reviewed,0,298,earthquake,4.4,east of the South Sandwich Islands,-19.8446,-60.8529,10.0,2022-09-29 03:19:50.947000+00:00,2,green,2
1648385467917,"44 km NW of Toyah, Texas",reviewed,0,112,earthquake,2.7, Texas,-104.1100172,31.61012241,6.131567383,2022-03-27 12:51:07.917000+00:00,0,red,0
1657034944290,"28km SE of Bodfish, CA",reviewed,0,24,earthquake,1.24,California,-118.2506667,35.4336667,10.6,2022-07-05 15:29:04.290000+00:00,1,blue,1
1647412448170,"13km SW of Ocotillo Wells, CA",reviewed,0,21,earthquake,1.17,California,-116.2108333,33.0506667,7.8,2022-03-16 06:34:08.170000+00:00,1,blue,1
1647627714375,"21 km ESE of Palmerston North, New Zealand",reviewed,0,313,earthquake,4.5, New Zealand,175.8461,-40.4378,48.3,2022-03-18 18:21:54.375000+00:00,2,green,2
1658492646869,"2 km ENE of Big Lake, Alaska",reviewed,0,19,earthquake,1.1, Alaska,-149.9062,61.5349,29.7,2022-07-22 12:24:06.869000+00:00,1,blue,1
1644551888320,"22km ESE of Little Lake, CA",reviewed,0,3,earthquake,0.44,California,-117.6826667,35.8665,8.21,2022-02-11 03:58:08.320000+00:00,1,blue,1
1663695317960,Utah,reviewed,0,28,earthquake,1.35,Utah,-112.1606667,38.5081667,6.82,2022-09-20 17:35:17.960000+00:00,1,blue,1
1651597123723,"227 km SSW of Emiliano Zapata, Mexico",reviewed,0,326,earthquake,4.6, Mexico,-106.1375,17.6626,10.0,2022-05-03 16:58:43.723000+00:00,2,green,2
1670587168753,"34 km NE of Chase, Alaska",reviewed,0,15,earthquake,1.0, Alaska,-149.7249,62.7071,15.7,2022-12-09 11:59:28.753000+00:00,1,blue,1
1671342279670,"26km E of Oildale, CA",reviewed,0,12,earthquake,0.88,California,-118.7336667,35.4418333,7.75,2022-12-18 05:44:39.670000+00:00,1,blue,1
1669340687143,"85 km SE of Akutan, Alaska",reviewed,0,74,earthquake,2.2, Alaska,-164.8324,53.6069,25.6,2022-11-25 01:44:47.143000+00:00,0,red,0
1674148555930,"4km S of San Juan Bautista, CA",reviewed,0,289,earthquake,3.56,California,-121.531,36.8096667,5.32,2023-01-19 17:15:55.930000+00:00,2,green,2
1645749736013,"184 km WSW of Port Orford, Oregon",reviewed,0,96,earthquake,2.5, Oregon,-126.6859,42.367,10.0,2022-02-25 00:42:16.013000+00:00,0,red,0
1686258149856,"Rat Islands, Aleutian Islands, Alaska",reviewed,0,158,earthquake,3.2, Aleutian Islands,177.664,51.8446,10.0,2023-06-08 21:02:29.856000+00:00,0,red,0
1679963366350,"14 km ESE of P?hala, Hawaii",reviewed,0,43,earthquake,1.67, Hawaii,-155.3565,19.1505,29.97,2023-03-28 00:29:26.350000+00:00,0,red,0
1651772113612,"23 km NE of Cold Bay, Alaska",reviewed,0,62,earthquake,2.0, Alaska,-162.4682,55.3427,138.6,2022-05-05 17:35:13.612000+00:00,0,red,0
1658580238680,"8km NNW of Avenal, CA",reviewed,0,36,earthquake,1.54,California,-120.159,36.0745,6.16,2022-07-23 12:43:58.680000+00:00,1,blue,1
1658553403240,"3km NE of The Geysers, CA",automatic,0,3,earthquake,0.45,California,-122.7371674,38.7978325,1.53,2022-07-23 05:16:43.240000+00:00,1,blue,1
1665264779180,"5km SW of Niland, CA",reviewed,0,15,earthquake,0.98,California,-115.5471667,33.2053333,5.71,2022-10-08 21:32:59.180000+00:00,1,blue,1
1689454273970,"3 km SSE of Lima, Montana",reviewed,0,7,earthquake,0.69, Montana,-112.577833333333,44.6108333333333,7.39,2023-07-15 20:51:13.970000+00:00,1,blue,1
1685674290450,"9 km E of West Yellowstone, Montana",reviewed,0,3,earthquake,0.47, Montana,-110.9805,44.6495,9.33,2023-06-02 02:51:30.450000+00:00,1,blue,1
1677371101802,"79 km ESE of Ugashik, Alaska",reviewed,0,56,earthquake,1.9, Alaska,-156.1636,57.2532,4.3,2023-02-26 00:25:01.802000+00:00,0,red,0
1661151040053,New Mexico,reviewed,0,50,earthquake,1.8,New Mexico,-104.7769,36.8573,5.0,2022-08-22 06:50:40.053000+00:00,0,red,0
1652713701670,"3km SW of Anderson Springs, CA",reviewed,0,55,earthquake,1.88,California,-122.717,38.7576667,1.67,2022-05-16 15:08:21.670000+00:00,0,red,0
1677208904900,"7km WNW of Cobb, CA",automatic,0,4,earthquake,0.5,California,-122.8061676,38.8356667,2.36,2023-02-24 03:21:44.900000+00:00,1,blue,1
1661600139880,"23 km SSW of Mammoth, Wyoming",reviewed,0,11,earthquake,0.85, Wyoming,-110.8078333,44.7816667,4.73,2022-08-27 11:35:39.880000+00:00,1,blue,1
1675652386790,"10km SE of Rio Dell, CA",reviewed,0,95,earthquake,2.48,California,-124.0131667,40.4503333,22.91,2023-02-06 02:59:46.790000+00:00,0,red,0
1645532990774,"62 km S of Shungnak, Alaska",reviewed,0,26,earthquake,1.3, Alaska,-157.2328,66.3246,6.2,2022-02-22 12:29:50.774000+00:00,1,blue,1
1644356202565,"52 km SW of Unalaska, Alaska",reviewed,0,35,earthquake,1.5, Alaska,-167.1706,53.59,13.0,2022-02-08 21:36:42.565000+00:00,1,blue,1
1683079871792,"35 km NW of El Cardo, Peru",reviewed,0,385,earthquake,5.0, Peru,-72.9385,-16.3605,65.832,2023-05-03 02:11:11.792000+00:00,2,green,2
1654522471180,"5km NNE of Little Lake, CA",reviewed,0,10,earthquake,0.79,California,-117.8876667,35.9758333,3.21,2022-06-06 13:34:31.180000+00:00,1,blue,1
1679744246960,"6km WNW of Cobb, CA",automatic,0,1,earthquake,0.21,California,-122.7903366,38.8359985,1.69,2023-03-25 11:37:26.960000+00:00,1,blue,1
1679100202885,"84 km NNW of Karluk, Alaska",reviewed,0,26,earthquake,1.3, Alaska,-155.0937,58.2508,2.2,2023-03-18 00:43:22.885000+00:00,1,blue,1
1658128935340,"4 km SW of Guánica, Puerto Rico",reviewed,0,47,earthquake,1.75, Puerto Rico,-66.9371666666667,17.9471666666667,12.26,2022-07-18 07:22:15.340000+00:00,0,red,0
1654412332798,"4 km NW of Tyonek, Alaska",reviewed,0,30,earthquake,1.4, Alaska,-151.1874,61.1024,61.8,2022-06-05 06:58:52.798000+00:00,0,red,0
1670523190960,"10km ESE of Tehachapi, CA",reviewed,0,13,earthquake,0.93,California,-118.3456667,35.0915,8.3,2022-12-08 18:13:10.960000+00:00,1,blue,1
1644793250955,"205 km SE of Perryville, Alaska",reviewed,0,81,earthquake,2.3, Alaska,-156.7652,54.6643,32.8,2022-02-13 23:00:50.955000+00:00,0,red,0
1664015520620,"87 km NNW of Karluk, Alaska",reviewed,0,1,earthquake,0.31, Alaska,-155.151166666667,58.2616666666667,31.25,2022-09-24 10:32:00.620000+00:00,1,blue,1
1676868050440,"3km WSW of Banning, CA",reviewed,0,7,earthquake,0.67,California,-116.9073333,33.9165,8.48,2023-02-20 04:40:50.440000+00:00,1,blue,1
1662539573035,"68 km SW of Karluk, Alaska",reviewed,0,22,earthquake,1.2, Alaska,-155.3314,57.1742,72.7,2022-09-07 08:32:53.035000+00:00,0,red,0
1659446235030,"7km WSW of Big Bear Lake, CA",reviewed,0,14,earthquake,0.94,California,-116.9853333,34.2225,1.38,2022-08-02 13:17:15.030000+00:00,1,blue,1
1661562219622,"19 km NNE of Ta`?, American Samoa",reviewed,0,138,earthquake,3.0, American Samoa,-169.4612,-14.0692,10.0,2022-08-27 01:03:39.622000+00:00,0,red,0
1667729085790,"18 km SW of Radersburg, Montana",reviewed,0,26,earthquake,1.3, Montana,-111.7894,46.0753,5.0,2022-11-06 10:04:45.790000+00:00,1,blue,1
1688906890315,"2 km N of Sorsogon, Philippines",reviewed,0,284,earthquake,4.3, Philippines,123.9916,12.9933,10.0,2023-07-09 12:48:10.315000+00:00,2,green,2
1645222871969,"103 km ESE of Sarangani, Philippines",reviewed,0,246,earthquake,4.0, Philippines,126.3008,4.9845,71.28,2022-02-18 22:21:11.969000+00:00,2,green,2
1646112643790,"5 km SW of Liborio Negron Torres, Puerto Rico",reviewed,0,67,earthquake,2.09, Puerto Rico,-66.9798333333333,18.0063333333333,14.64,2022-03-01 05:30:43.790000+00:00,0,red,0
1644586204160,"20km E of Little Lake, CA",reviewed,0,38,earthquake,1.58,California,-117.6856667,35.9178333,2.91,2022-02-11 13:30:04.160000+00:00,1,blue,1
1668344635682,"40 km NNW of Skwentna, Alaska",reviewed,0,35,earthquake,1.5, Alaska,-151.7862,62.3008,90.0,2022-11-13 13:03:55.682000+00:00,0,red,0
1666445832502,"10 km SSE of Two Rivers, Alaska",reviewed,0,2,earthquake,0.4, Alaska,-146.9673,64.786,15.3,2022-10-22 13:37:12.502000+00:00,1,blue,1
1683510545040,"8 km WSW of Volcano, Hawaii",automatic,0,53,earthquake,1.85000002, Hawaii,-155.306838989258,19.4118328094482,3.5699999332428,2023-05-08 01:49:05.040000+00:00,0,red,0
1682273408198,New York,reviewed,0,689,earthquake,3.6,New York,-76.0202,43.8635,8.68,2023-04-23 18:10:08.198000+00:00,2,green,2
1685022091996,"15 km NNE of Petersville, Alaska",reviewed,0,12,earthquake,0.9, Alaska,-150.6814,62.6333,81.7,2023-05-25 13:41:31.996000+00:00,1,blue,1
1648823949783,"31 km SE of Mina, Nevada",reviewed,0,35,earthquake,1.5, Nevada,-117.8864,38.1669,11.7,2022-04-01 14:39:09.783000+00:00,1,blue,1
1682911463090,"4km WSW of Heber, CA",reviewed,0,42,earthquake,1.65,California,-115.5675,32.722,12.88,2023-05-01 03:24:23.090000+00:00,0,red,0
1680339998942,"31 km SSE of Mina, Nevada",reviewed,0,56,earthquake,1.9, Nevada,-117.9662,38.1316,9.9,2023-04-01 09:06:38.942000+00:00,0,red,0
1679289332287,"65 km WNW of Ninilchik, Alaska",reviewed,0,129,earthquake,2.9, Alaska,-152.7194,60.3176,110.7,2023-03-20 05:15:32.287000+00:00,0,red,0
1642629744547,"114 km NNE of Calama, Chile",reviewed,0,271,earthquake,4.2, Chile,-68.4119,-21.5434,123.55,2022-01-19 22:02:24.547000+00:00,2,green,2
1667984021028,"54 km S of Whites City, New Mexico",reviewed,0,81,earthquake,2.3, New Mexico,-104.4534331,31.68725259,6.491479492,2022-11-09 08:53:41.028000+00:00,0,red,0
1657444173840,"5 km S of P?hala, Hawaii",automatic,0,59,earthquake,1.96000004, Hawaii,-155.488494873047,19.1548328399658,34.0499992370605,2022-07-10 09:09:33.840000+00:00,0,red,0
1655414386255,"19 km NW of Port-Olry, Vanuatu",reviewed,0,298,earthquake,4.4, Vanuatu,166.9478,-14.92,26.22,2022-06-16 21:19:46.255000+00:00,2,green,2
1641071308250,Puerto Rico region,reviewed,0,114,earthquake,2.72,Puerto Rico region,-66.8366,17.9795,16.0,2022-01-01 21:08:28.250000+00:00,0,red,0
1689456481300,"92 km ESE of King Salmon, Alaska",reviewed,0,1,earthquake,0.19, Alaska,-155.2255,58.3385,2.55,2023-07-15 21:28:01.300000+00:00,1,blue,1
1689112716135,"Southern Yukon Territory, Canada",reviewed,0,138,earthquake,3.0, Canada,-138.7519,61.1632,4.8,2023-07-11 21:58:36.135000+00:00,0,red,0
1655867278490,"33 km SSE of False Pass, Alaska",reviewed,0,24,earthquake,1.26, Alaska,-163.305333333333,54.5623333333333,9.97,2022-06-22 03:07:58.490000+00:00,1,blue,1
1656404913257,"68 km N of Petersville, Alaska",reviewed,0,15,earthquake,1.0, Alaska,-150.7457,63.1093,113.4,2022-06-28 08:28:33.257000+00:00,0,red,0
1684379415886,"5 km W of Anchor Point, Alaska",reviewed,0,19,earthquake,1.1, Alaska,-151.9338,59.784,59.4,2023-05-18 03:10:15.886000+00:00,1,blue,1
1674546850000,"3km SSE of Wrightwood, CA",reviewed,0,19,earthquake,1.1,California,-117.6225,34.3376667,9.21,2023-01-24 07:54:10+00:00,1,blue,1
1646195455570,"Island of Hawaii, Hawaii",reviewed,0,35,earthquake,1.51, Hawaii,-155.422666666667,19.2268333333333,32.54,2022-03-02 04:30:55.570000+00:00,0,red,0
1656015853824,"37 km SW of Rachel, Nevada",reviewed,0,1,earthquake,0.3, Nevada,-116.0585,37.4188,0.0,2022-06-23 20:24:13.824000+00:00,1,blue,1
1664233376679,"167 km ESE of Kokopo, Papua New Guinea",reviewed,0,326,earthquake,4.6, Papua New Guinea,153.7334,-4.7143,11.168,2022-09-26 23:02:56.679000+00:00,2,green,2
1647655174684,"70 km S of Cantwell, Alaska",reviewed,0,74,earthquake,2.2, Alaska,-148.7466,62.7631,70.7,2022-03-19 01:59:34.684000+00:00,0,red,0
1686261528145,"55 km E of Pedro Bay, Alaska",reviewed,0,62,earthquake,2.0, Alaska,-153.1253,59.727,116.9,2023-06-08 21:58:48.145000+00:00,0,red,0
1677548721698,"108 km SW of La Tirana, Chile",reviewed,0,246,earthquake,4.0, Chile,-70.8725,-20.9729,22.808,2023-02-28 01:45:21.698000+00:00,2,green,2
1651668493090,"19km S of Trona, CA",reviewed,0,53,earthquake,1.86,California,-117.3936667,35.5923333,8.71,2022-05-04 12:48:13.090000+00:00,0,red,0
1668523108179,"141 km WNW of Haines Junction, Canada",reviewed,0,22,earthquake,1.2, Canada,-139.9981,61.1473,7.9,2022-11-15 14:38:28.179000+00:00,1,blue,1
1663848564770,"10km WSW of Anza, CA",reviewed,0,13,earthquake,0.93,California,-116.7665,33.5073333,7.93,2022-09-22 12:09:24.770000+00:00,1,blue,1
1674900020560,"51 km SW of Skwentna, Alaska",reviewed,0,19,earthquake,1.1, Alaska,-151.9401,61.6098,98.0,2023-01-28 10:00:20.560000+00:00,0,red,0
1660006353500,"8km NNE of Moreno Valley, CA",reviewed,0,10,earthquake,0.82,California,-117.2113333,33.9921667,8.82,2022-08-09 00:52:33.500000+00:00,1,blue,1
1685794671900,"8km WNW of Cobb, CA",reviewed,0,1,earthquake,0.25,California,-122.8161667,38.847,1.5,2023-06-03 12:17:51.900000+00:00,1,blue,1
1674293613460,"21km NW of Progreso, B.C., MX",reviewed,0,21,earthquake,1.18, B.C.,-115.7621667,32.6965,7.39,2023-01-21 09:33:33.460000+00:00,1,blue,1
1649999288129,"52 km SSE of Denali National Park, Alaska",reviewed,0,15,earthquake,1.0, Alaska,-151.3969,63.0914,6.6,2022-04-15 05:08:08.129000+00:00,1,blue,1
1656855781763,"1 km E of Cabra, Philippines",reviewed,0,326,earthquake,4.6, Philippines,120.0631,13.8906,35.0,2022-07-03 13:43:01.763000+00:00,2,green,2
1647558750460,"48 km SSE of Mammoth, Wyoming",reviewed,0,18,earthquake,1.08, Wyoming,-110.3805,44.6041667,4.21,2022-03-17 23:12:30.460000+00:00,1,blue,1
1688699706202,"85 km NW of Karluk, Alaska",reviewed,0,19,earthquake,1.1, Alaska,-155.2745,58.1964,2.4,2023-07-07 03:15:06.202000+00:00,1,blue,1
1688940838115,"59 km SSE of Adak, Alaska",reviewed,0,44,earthquake,1.7, Alaska,-176.2036,51.4109,22.6,2023-07-09 22:13:58.115000+00:00,0,red,0
1672631354840,"6km WNW of The Geysers, CA",automatic,0,6,earthquake,0.64,California,-122.8116684,38.803833,0.9,2023-01-02 03:49:14.840000+00:00,1,blue,1
1648093802200,"15km ENE of San Simeon, CA",reviewed,0,50,earthquake,1.8,California,-121.0471667,35.7146667,5.89,2022-03-24 03:50:02.200000+00:00,0,red,0
1684435748015,"49 km E of Denali National Park, Alaska",reviewed,0,12,earthquake,0.9, Alaska,-150.7324,63.5944,13.4,2023-05-18 18:49:08.015000+00:00,1,blue,1
1652237599130,"66 km ENE of Pedro Bay, Alaska",reviewed,0,35,earthquake,1.5, Alaska,-153.0513,60.0605,112.6,2022-05-11 02:53:19.130000+00:00,0,red,0
1654154743136,"52 km SSW of Whites City, New Mexico",reviewed,0,96,earthquake,2.5, New Mexico,-104.5499443,31.72538435,7.494091797,2022-06-02 07:25:43.136000+00:00,0,red,0
1663985567860,"10 km NE of P?hala, Hawaii",automatic,0,70,earthquake,2.13000011, Hawaii,-155.407165527344,19.2674999237061,32.7599983215332,2022-09-24 02:12:47.860000+00:00,0,red,0
1663328939510,"14 km WNW of Amanda Park, Washington",reviewed,0,12,earthquake,0.87, Washington,-124.06433333333334,47.52216666666666,24.95,2022-09-16 11:48:59.510000+00:00,1,blue,1
1649344979090,"18km E of Little Lake, CA",reviewed,0,2,earthquake,0.38,California,-117.711,35.9603333,2.79,2022-04-07 15:22:59.090000+00:00,1,blue,1
1647133853111,"27 km NNW of Susitna, Alaska",reviewed,0,62,earthquake,2.0, Alaska,-150.7473,61.767,69.8,2022-03-13 01:10:53.111000+00:00,0,red,0
1679658320810,"3km ESE of San Jacinto, CA",reviewed,0,6,earthquake,0.61,California,-116.9318333,33.7691667,13.99,2023-03-24 11:45:20.810000+00:00,1,blue,1
1664948788609,"4 km SSE of Dover, Oklahoma",reviewed,0,15,earthquake,0.99, Oklahoma,-97.89466667,35.94616667,5.79,2022-10-05 05:46:28.609000+00:00,1,blue,1
1657634573600,"43 km N of Petersville, Alaska",reviewed,0,22,earthquake,1.2, Alaska,-150.9255,62.8834,83.9,2022-07-12 14:02:53.600000+00:00,0,red,0
1665976595830,"6 km SSW of P?hala, Hawaii",automatic,0,57,earthquake,1.91999996, Hawaii,-155.503173828125,19.1525001525879,0.310000002384186,2022-10-17 03:16:35.830000+00:00,0,red,0
1686689374109,"54 km NNW of Petersville, Alaska",reviewed,0,30,earthquake,1.4, Alaska,-151.2448,62.9338,121.3,2023-06-13 20:49:34.109000+00:00,0,red,0
1678202949912,"44 km SSW of Nanwalek, Alaska",reviewed,0,30,earthquake,1.4, Alaska,-152.2096,58.9839,67.2,2023-03-07 15:29:09.912000+00:00,0,red,0
1651582615190,"7km NW of The Geysers, CA",automatic,0,11,earthquake,0.84,California,-122.8075027,38.8246651,1.68,2022-05-03 12:56:55.190000+00:00,1,blue,1
1676868714450,"36 km E of Port Heiden, Alaska",reviewed,0,4,earthquake,0.51, Alaska,-158.025,56.9295,4.25,2023-02-20 04:51:54.450000+00:00,1,blue,1
1681215231032,"12 km NE of Beluga, Alaska",reviewed,0,26,earthquake,1.3, Alaska,-150.9098,61.2106,65.4,2023-04-11 12:13:51.032000+00:00,0,red,0
1653120811900,"15 km SW of Indian Springs, Nevada",reviewed,0,15,earthquake,1.0, Nevada,-115.7803,36.4614,0.0,2022-05-21 08:13:31.900000+00:00,1,blue,1
1659674319387,"Kermadec Islands, New Zealand",reviewed,0,518,earthquake,5.8, New Zealand,-177.6858,-30.3148,16.0,2022-08-05 04:38:39.387000+00:00,2,green,2
1653890009770,"9km NE of Coso Junction, CA",reviewed,0,8,earthquake,0.71,California,-117.8743333,36.098,3.23,2022-05-30 05:53:29.770000+00:00,1,blue,1
1659676231680,"8km NNW of Pinnacles, CA",reviewed,0,24,earthquake,1.26,California,-121.188,36.5908333,9.03,2022-08-05 05:10:31.680000+00:00,1,blue,1
1678327611030,"190 km SSE of Vilyuchinsk, Russia",reviewed,0,369,earthquake,4.9, Russia,159.845,51.468,10.0,2023-03-09 02:06:51.030000+00:00,2,green,2
1669935298040,"5 km SSW of Guánica, Puerto Rico",reviewed,0,88,earthquake,2.39, Puerto Rico,-66.9318333333333,17.9311666666667,8.03,2022-12-01 22:54:58.040000+00:00,0,red,0
1644514138810,"8km ESE of Valle Vista, CA",reviewed,0,36,earthquake,1.53,California,-116.8198333,33.7151667,16.73,2022-02-10 17:28:58.810000+00:00,1,blue,1
1674276459796,"21 km NNW of Challis, Idaho",reviewed,0,35,earthquake,1.5, Idaho,-114.3776,44.665,10.0,2023-01-21 04:47:39.796000+00:00,1,blue,1
1671205389130,"21 km W of Sitka, Alaska",reviewed,0,12,earthquake,0.87, Alaska,-135.679666666667,57.0538333333333,4.96,2022-12-16 15:43:09.130000+00:00,1,blue,1
1668934507518,south of the Fiji Islands,reviewed,0,340,earthquake,4.7,south of the Fiji Islands,-179.9654,-24.2067,505.773,2022-11-20 08:55:07.518000+00:00,2,pink,3
1675828434371,"46 km WNW of Valdez, Alaska",reviewed,0,15,earthquake,1.0, Alaska,-147.0626,61.3631,10.7,2023-02-08 03:53:54.371000+00:00,1,blue,1
1668074064330,"34 km E of West Yellowstone, Montana",reviewed,0,40,earthquake,1.62, Montana,-110.6743333,44.635,6.17,2022-11-10 09:54:24.330000+00:00,1,blue,1
1654773956750,"1 km NE of Magna, Utah",reviewed,0,20,earthquake,1.14, Utah,-112.091,40.7166667,10.78,2022-06-09 11:25:56.750000+00:00,1,blue,1
1665952684236,Carlsberg Ridge,reviewed,0,312,earthquake,4.5,Carlsberg Ridge,67.9788,-6.2346,10.0,2022-10-16 20:38:04.236000+00:00,2,green,2
1687292958732,"27 km WNW of Clam Gulch, Alaska",reviewed,0,44,earthquake,1.7, Alaska,-151.863,60.3232,75.9,2023-06-20 20:29:18.732000+00:00,0,red,0
1641808121154,"26 km ENE of Minto, Alaska",reviewed,0,10,earthquake,0.8, Alaska,-148.7978,65.2138,11.3,2022-01-10 09:48:41.154000+00:00,1,blue,1
1689093082920,"9 km WNW of Cobb, CA",automatic,0,20,earthquake,1.15,California,-122.8215027,38.8406677,1.94,2023-07-11 16:31:22.920000+00:00,1,blue,1
1647192113435,"86 km SW of Kaktovik, Alaska",reviewed,0,158,earthquake,3.2, Alaska,-145.3387,69.6331,22.5,2022-03-13 17:21:53.435000+00:00,0,red,0
1670846470490,"23km ESE of Ocotillo Wells, CA",reviewed,0,42,earthquake,1.66,California,-115.9168333,33.0413333,4.98,2022-12-12 12:01:10.490000+00:00,1,blue,1
1654693495590,"8km W of Cobb, CA",reviewed,0,5,earthquake,0.57,California,-122.813,38.835,2.31,2022-06-08 13:04:55.590000+00:00,1,blue,1
1653144600620,"82 km W of Adak, Alaska",reviewed,0,25,earthquake,1.27, Alaska,-177.838166666667,51.8845,3.8,2022-05-21 14:50:00.620000+00:00,1,blue,1
1678717639590,"87 km W of Adak, Alaska",reviewed,0,17,earthquake,1.06, Alaska,-177.905833333333,51.8691666666667,6.31,2023-03-13 14:27:19.590000+00:00,1,blue,1
1670493912350,"9 km ENE of P?hala, Hawaii",automatic,0,52,earthquake,1.84000003, Hawaii,-155.397659301758,19.2336673736572,31.2199993133545,2022-12-08 10:05:12.350000+00:00,0,red,0
1663752171970,"10km WSW of Niland, CA",reviewed,0,14,earthquake,0.96,California,-115.6095,33.1925,2.85,2022-09-21 09:22:51.970000+00:00,1,blue,1
1647208866185,"73 km W of Cabra, Philippines",reviewed,0,312,earthquake,4.5, Philippines,119.3788,14.0141,10.0,2022-03-13 22:01:06.185000+00:00,2,green,2
1658073660601,south of the Kermadec Islands,reviewed,0,326,earthquake,4.6,south of the Kermadec Islands,-177.9989,-32.5245,10.0,2022-07-17 16:01:00.601000+00:00,2,green,2
1689741456470,"13 km NNE of Pinnacles, CA",reviewed,0,38,earthquake,1.58,California,-121.0955,36.6398333,10.83,2023-07-19 04:37:36.470000+00:00,1,blue,1
1662630078914,"18 km NNE of Nellis Air Force Base, Nevada",reviewed,0,30,earthquake,1.4, Nevada,-114.9696,36.3926,11.5,2022-09-08 09:41:18.914000+00:00,1,blue,1
1662611577300,"14km WNW of Toms Place, CA",reviewed,0,14,earthquake,0.95,California,-118.8263333,37.6023333,5.03,2022-09-08 04:32:57.300000+00:00,1,blue,1
1647015553277,"88 km NNW of Ternate, Indonesia",reviewed,0,284,earthquake,4.3, Indonesia,127.15,1.5511,118.46,2022-03-11 16:19:13.277000+00:00,2,green,2
1665205101170,"4 km SSE of Dover, Oklahoma",reviewed,0,54,earthquake,1.88, Oklahoma,-97.882,35.94383333,4.93,2022-10-08 04:58:21.170000+00:00,0,red,0
1646040182922,"73 km S of Kokhanok, Alaska",reviewed,0,39,earthquake,1.6, Alaska,-154.8798,58.7839,126.9,2022-02-28 09:23:02.922000+00:00,0,red,0
1688401819520,"3 km NNE of Big Bear City, CA",reviewed,0,32,earthquake,1.45,California,-116.836,34.2908333,6.21,2023-07-03 16:30:19.520000+00:00,1,blue,1
1659990955312,"11 km NNW of Ninilchik, Alaska",reviewed,0,30,earthquake,1.4, Alaska,-151.7126,60.1515,69.4,2022-08-08 20:35:55.312000+00:00,0,red,0
1678239769733,"139 km E of McCarthy, Alaska",reviewed,0,19,earthquake,1.1, Alaska,-140.3025,61.4101,6.1,2023-03-08 01:42:49.733000+00:00,1,blue,1
1669426393273,"52 km SSW of Whites City, New Mexico",reviewed,0,81,earthquake,2.3, New Mexico,-104.5561405,31.72556649,6.080151367,2022-11-26 01:33:13.273000+00:00,0,red,0
1656230890340,"11 km SSE of Beaver, Utah",reviewed,0,32,earthquake,1.44, Utah,-112.5723333,38.1913333,10.09,2022-06-26 08:08:10.340000+00:00,1,blue,1
1665658153441,"77 km WNW of Petersville, Alaska",reviewed,0,12,earthquake,0.9, Alaska,-152.1987,62.723,15.7,2022-10-13 10:49:13.441000+00:00,1,blue,1
1690013449300,"6 km SSW of Gilroy, CA",reviewed,0,22,earthquake,1.2,California,-121.5941667,36.9605,8.21,2023-07-22 08:10:49.300000+00:00,1,blue,1
1690183184338,"57 km S of Denali National Park, Alaska",automatic,0,19,earthquake,1.1, Alaska,-151.5375,63.0319,0.0,2023-07-24 07:19:44.338000+00:00,1,blue,1
1685100235742,"97 km SSE of Kokhanok, Alaska",reviewed,0,35,earthquake,1.5, Alaska,-154.258,58.6074,95.0,2023-05-26 11:23:55.742000+00:00,0,red,0
1656484695915,"107 km NW of Yakutat, Alaska",reviewed,0,26,earthquake,1.3, Alaska,-141.0192,60.2617,14.3,2022-06-29 06:38:15.915000+00:00,1,blue,1
1645725108847,"69 km S of Shungnak, Alaska",reviewed,0,15,earthquake,1.0, Alaska,-157.2155,66.2701,9.1,2022-02-24 17:51:48.847000+00:00,1,blue,1
1648937640902,"32 km SE of Livengood, Alaska",reviewed,0,19,earthquake,1.1, Alaska,-147.9995,65.3424,10.1,2022-04-02 22:14:00.902000+00:00,1,blue,1
1670980719072,"76 km ESE of Denali Park, Alaska",reviewed,0,10,earthquake,0.8, Alaska,-147.4182,63.5732,10.4,2022-12-14 01:18:39.072000+00:00,1,blue,1
1660172158530,"13km SE of Bodfish, CA",reviewed,0,19,earthquake,1.12,California,-118.3985,35.5041667,6.29,2022-08-10 22:55:58.530000+00:00,1,blue,1
1648331110490,"10km ENE of Borrego Springs, CA",reviewed,0,7,earthquake,0.68,California,-116.2765,33.2966667,5.22,2022-03-26 21:45:10.490000+00:00,1,blue,1
1652753887089,"10 km WNW of Okeene, Oklahoma",reviewed,0,18,earthquake,1.09, Oklahoma,-98.42633333,36.1355,7.0,2022-05-17 02:18:07.089000+00:00,1,blue,1
1644746073153,"124 km S of Unalaska, Alaska",reviewed,0,68,earthquake,2.1, Alaska,-166.6721,52.7572,1.6,2022-02-13 09:54:33.153000+00:00,0,red,0
1670390752580,"8 km SSE of Guánica, Puerto Rico",reviewed,0,67,earthquake,2.09, Puerto Rico,-66.879,17.8995,14.06,2022-12-07 05:25:52.580000+00:00,0,red,0
1661379223890,"3km NW of Cobb, CA",reviewed,0,3,earthquake,0.44,California,-122.7425,38.8406667,1.3,2022-08-24 22:13:43.890000+00:00,1,blue,1
1685652925955,"158 km SSW of Kokopo, Papua New Guinea",reviewed,0,326,earthquake,4.6, Papua New Guinea,151.8582,-5.7125,10.0,2023-06-01 20:55:25.955000+00:00,2,green,2
1668602788780,"2km E of Loma Linda, CA",reviewed,0,17,earthquake,1.04,California,-117.2388333,34.0473333,14.46,2022-11-16 12:46:28.780000+00:00,1,blue,1
1666384590564,"86 km ENE of Sabang, Indonesia",reviewed,0,284,earthquake,4.3, Indonesia,96.0106,6.2459,232.808,2022-10-21 20:36:30.564000+00:00,2,green,2
1642595517990,"7km WNW of The Geysers, CA",reviewed,0,2,earthquake,0.38,California,-122.8296667,38.811,0.97,2022-01-19 12:31:57.990000+00:00,1,blue,1
1660738019822,"68 km W of Tyonek, Alaska",reviewed,0,50,earthquake,1.8, Alaska,-152.3984,61.0505,108.4,2022-08-17 12:06:59.822000+00:00,0,red,0
1655584532770,"3km WSW of Anderson Springs, CA",automatic,0,12,earthquake,0.88,California,-122.7220001,38.7598343,1.8,2022-06-18 20:35:32.770000+00:00,1,blue,1
1649040174780,"3km WNW of Cobb, CA",reviewed,0,3,earthquake,0.44,California,-122.7515,38.835,0.94,2022-04-04 02:42:54.780000+00:00,1,blue,1
1677405595750,"9 km ENE of P?hala, Hawaii",reviewed,0,92,earthquake,2.45, Hawaii,-155.397,19.2486666666667,31.0,2023-02-26 09:59:55.750000+00:00,0,red,0
1649943473540,"22km SW of La Quinta, CA",reviewed,0,8,earthquake,0.71,California,-116.4465,33.5068333,6.4,2022-04-14 13:37:53.540000+00:00,1,blue,1
1651207837114,"57 km S of Whites City, New Mexico",reviewed,0,112,earthquake,2.7, New Mexico,-104.3662173,31.65680412,7.802587891,2022-04-29 04:50:37.114000+00:00,0,red,0
1687367274310,"18km S of Searles Valley, CA",reviewed,0,1,earthquake,0.31,California,-117.4413333,35.613,6.24,2023-06-21 17:07:54.310000+00:00,1,blue,1
1643452565624,"Kermadec Islands, New Zealand",reviewed,0,312,earthquake,4.5, New Zealand,-177.0117,-29.8946,10.0,2022-01-29 10:36:05.624000+00:00,2,green,2
1648184011800,"16km E of Little Lake, CA",reviewed,0,13,earthquake,0.91,California,-117.7275,35.948,3.01,2022-03-25 04:53:31.800000+00:00,1,blue,1
1676225538859,"22 km NNW of Midland, Texas",reviewed,0,50,earthquake,1.8, Texas,-102.1685642,32.18902588,7.60542806,2023-02-12 18:12:18.859000+00:00,0,red,0
1675929212630,"6 km S of Mustang, Oklahoma",reviewed,0,16,earthquake,1.01, Oklahoma,-97.7325,35.32433333,15.04,2023-02-09 07:53:32.630000+00:00,1,blue,1
1684130635114,"55 km NNW of Petersville, Alaska",reviewed,0,22,earthquake,1.2, Alaska,-151.2393,62.9438,106.2,2023-05-15 06:03:55.114000+00:00,0,red,0
1674903672691,"153 km S of Atka, Alaska",reviewed,0,138,earthquake,3.0, Alaska,-174.097,50.8197,10.0,2023-01-28 11:01:12.691000+00:00,0,red,0
1685706852945,"15 km E of Willow, Alaska",reviewed,0,30,earthquake,1.4, Alaska,-149.7454,61.7662,25.2,2023-06-02 11:54:12.945000+00:00,1,blue,1
1680030487900,"99 km W of Adak, Alaska",reviewed,0,9,earthquake,0.77, Alaska,-178.0785,51.8608333333333,1.96,2023-03-28 19:08:07.900000+00:00,1,blue,1
1688284889040,"55 km NNW of Petersville, Alaska",reviewed,0,19,earthquake,1.1, Alaska,-151.1763,62.9537,107.6,2023-07-02 08:01:29.040000+00:00,0,red,0
1657788311400,"3 km NE of La Parguera, Puerto Rico",reviewed,0,65,earthquake,2.06, Puerto Rico,-67.0211666666667,17.9943333333333,12.24,2022-07-14 08:45:11.400000+00:00,0,red,0
1655644200952,"62 km NNE of Chalkyitsik, Alaska",reviewed,0,74,earthquake,2.2, Alaska,-143.0428,67.1459,9.4,2022-06-19 13:10:00.952000+00:00,0,red,0
1669047064350,"8 km ENE of P?hala, Hawaii",automatic,0,91,earthquake,2.43, Hawaii,-155.396499633789,19.2211666107178,31.5200004577637,2022-11-21 16:11:04.350000+00:00,0,red,0
1664627200674,"23 km WNW of Willow, Alaska",reviewed,0,19,earthquake,1.1, Alaska,-150.4133,61.8584,15.0,2022-10-01 12:26:40.674000+00:00,1,blue,1
1672596243332,"50 km ENE of Beatty, Nevada",reviewed,0,19,earthquake,1.1, Nevada,-116.2802,37.1538,8.4,2023-01-01 18:04:03.332000+00:00,1,blue,1
1644397890210,"49 km ESE of West Yellowstone, Montana",reviewed,0,8,earthquake,0.73, Montana,-110.5601667,44.4405,1.55,2022-02-09 09:11:30.210000+00:00,1,blue,1
1657834509630,"23km N of Ridgecrest, CA",reviewed,0,9,earthquake,0.75,California,-117.6665,35.8295,8.46,2022-07-14 21:35:09.630000+00:00,1,blue,1
1666990347977,"22 km N of Nabesna, Alaska",reviewed,0,22,earthquake,1.2, Alaska,-142.9824,62.5689,3.0,2022-10-28 20:52:27.977000+00:00,1,blue,1
1679430117224,"46 km SW of Tatitlek, Alaska",reviewed,0,44,earthquake,1.7, Alaska,-147.3352,60.5991,6.6,2023-03-21 20:21:57.224000+00:00,0,red,0
1688844623422,"Volcano Islands, Japan region",reviewed,0,369,earthquake,4.9, Japan region,142.8984,24.0573,24.175,2023-07-08 19:30:23.422000+00:00,2,green,2
1681878759430,"84 km NW of Karluk, Alaska",reviewed,0,2,earthquake,0.32, Alaska,-155.307666666667,58.18,1.79,2023-04-19 04:32:39.430000+00:00,1,blue,1
1678516163292,"23 km SSE of Port Graham, Alaska",reviewed,0,44,earthquake,1.7, Alaska,-151.7215,59.1496,52.7,2023-03-11 06:29:23.292000+00:00,0,red,0
1657458123430,"7km NW of The Geysers, CA",reviewed,0,3,earthquake,0.44,California,-122.8126667,38.8241667,2.02,2022-07-10 13:02:03.430000+00:00,1,blue,1
1680095833770,"1 km W of Unalaska, Alaska",reviewed,0,4,earthquake,0.48, Alaska,-166.564,53.8746666666667,3.88,2023-03-29 13:17:13.770000+00:00,1,blue,1
1679890124250,"9km NE of San Martin, CA",reviewed,0,14,earthquake,0.94,California,-121.5486667,37.1503333,1.3,2023-03-27 04:08:44.250000+00:00,1,blue,1
1650397567010,"7km NW of The Geysers, CA",automatic,0,11,earthquake,0.84,California,-122.805336,38.8251648,2.81,2022-04-19 19:46:07.010000+00:00,1,blue,1
1642557396283,"95 km NE of Nanortalik, Greenland",reviewed,0,326,earthquake,4.6, Greenland,-43.962,60.7219,10.0,2022-01-19 01:56:36.283000+00:00,2,green,2
1653562211800,"5 km SSE of Honaunau-Napoopoo, Hawaii",automatic,0,51,earthquake,1.82000005, Hawaii,-155.846160888672,19.4093341827393,7.40000009536743,2022-05-26 10:50:11.800000+00:00,0,red,0
1643784496232,"9 km WNW of Virginia City, Nevada",reviewed,0,1,earthquake,0.3, Nevada,-119.7583,39.3267,0.5,2022-02-02 06:48:16.232000+00:00,1,blue,1
1641022605560,"66 km NNE of Kelly, Wyoming",reviewed,0,83,earthquake,2.32, Wyoming,-110.2561667,44.1581667,10.67,2022-01-01 07:36:45.560000+00:00,0,red,0
1671299812980,"6 km ESE of La Parguera, Puerto Rico",reviewed,0,65,earthquake,2.05, Puerto Rico,-66.9911666666667,17.9623333333333,11.19,2022-12-17 17:56:52.980000+00:00,0,red,0
1667745281275,"34 km S of Denali National Park, Alaska",reviewed,0,19,earthquake,1.1, Alaska,-151.6993,63.2328,10.7,2022-11-06 14:34:41.275000+00:00,1,blue,1
1676770485334,"26 km S of Segundo, Colorado",reviewed,0,22,earthquake,1.2, Colorado,-104.8025,36.8854,5.0,2023-02-19 01:34:45.334000+00:00,1,blue,1
1657891409243,"55 km S of Whites City, New Mexico",reviewed,0,158,earthquake,3.2, New Mexico,-104.4234363,31.67481786,6.157275391,2022-07-15 13:23:29.243000+00:00,0,red,0
1656538599269,"81 km SSE of Akutan, Alaska",reviewed,0,62,earthquake,2.0, Alaska,-165.1307,53.5117,19.7,2022-06-29 21:36:39.269000+00:00,0,red,0
1658237178172,"141 km ENE of Pirallah?, Azerbaijan",reviewed,0,284,earthquake,4.3, Azerbaijan,51.7598,41.1307,10.0,2022-07-19 13:26:18.172000+00:00,2,green,2
1659015850044,"47 km E of Pedro Bay, Alaska",reviewed,0,56,earthquake,1.9, Alaska,-153.255,59.8195,124.7,2022-07-28 13:44:10.044000+00:00,0,red,0
1658014467850,"13 km ESE of P?hala, Hawaii",reviewed,0,125,earthquake,2.85, Hawaii,-155.3645,19.1551666666667,28.73,2022-07-16 23:34:27.850000+00:00,0,red,0
1667984438023,"23 km NW of Stanley, Idaho",reviewed,0,39,earthquake,1.6, Idaho,-115.1574,44.354,10.0,2022-11-09 09:00:38.023000+00:00,1,blue,1
1648438472479,western Texas,reviewed,0,56,earthquake,1.9,western Texas,-104.384901,31.66978452,7.314135742,2022-03-28 03:34:32.479000+00:00,0,red,0
1683733823721,"94 km NNW of Yakutat, Alaska",reviewed,0,22,earthquake,1.2, Alaska,-140.5637,60.2794,20.8,2023-05-10 15:50:23.721000+00:00,1,blue,1
1641497653004,"106 km SSE of Sand Point, Alaska",reviewed,0,129,earthquake,2.9, Alaska,-159.671,54.5114,19.74,2022-01-06 19:34:13.004000+00:00,0,red,0
1671611419760,"6 km W of Dutch Harbor, Alaska",reviewed,0,36,earthquake,1.52, Alaska,-166.6345,53.8971666666667,3.79,2022-12-21 08:30:19.760000+00:00,1,blue,1
1686143892840,"86 km NW of Karluk, Alaska",reviewed,0,1,earthquake,0.23, Alaska,-155.334,58.1836666666667,1.5,2023-06-07 13:18:12.840000+00:00,1,blue,1
1665405666645,"62 km S of Shungnak, Alaska",reviewed,0,22,earthquake,1.2, Alaska,-157.3339,66.3342,8.4,2022-10-10 12:41:06.645000+00:00,1,blue,1
1686952653678,"6 km WSW of Loyalton, California",reviewed,0,19,earthquake,1.1, California,-120.3082,39.6539,10.2,2023-06-16 21:57:33.678000+00:00,1,blue,1
1658199265747,"26 km NNW of Aleneva, Alaska",reviewed,0,26,earthquake,1.3, Alaska,-153.0574,58.2862,44.4,2022-07-19 02:54:25.747000+00:00,1,blue,1
1649893409591,"Rat Islands, Aleutian Islands, Alaska",reviewed,0,148,earthquake,3.1, Aleutian Islands,177.9268,50.2825,10.0,2022-04-13 23:43:29.591000+00:00,0,red,0
1641839499200,"5 km SW of Volcano, Hawaii",reviewed,0,42,earthquake,1.65, Hawaii,-155.273666666667,19.406,11.46,2022-01-10 18:31:39.200000+00:00,0,red,0
1662335066000,"38 km NNE of Amboy, Washington",reviewed,0,0,earthquake,0.12, Washington,-122.19666666666669,46.20783333333333,7.73,2022-09-04 23:44:26+00:00,1,blue,1
1684690805190,"8km NW of The Geysers, CA",automatic,0,9,earthquake,0.76,California,-122.8170013,38.8318329,1.79,2023-05-21 17:40:05.190000+00:00,1,blue,1
1686881285680,"9 km WSW of Benton City, Washington",reviewed,0,25,earthquake,1.27, Washington,-119.59766666666668,46.22116666666667,7.05,2023-06-16 02:08:05.680000+00:00,1,blue,1
1662701017630,"9 km SSE of Maria Antonia, Puerto Rico",reviewed,0,94,earthquake,2.47, Puerto Rico,-66.8653333333333,17.8993333333333,16.56,2022-09-09 05:23:37.630000+00:00,0,red,0
1651647969850,"159 km W of Adak, Alaska",reviewed,0,7,earthquake,0.68, Alaska,-178.949666666667,51.8188333333333,6.86,2022-05-04 07:06:09.850000+00:00,1,blue,1
1664600655109,"107 km ENE of Chignik, Alaska",reviewed,0,44,earthquake,1.7, Alaska,-156.6962,56.4971,70.0,2022-10-01 05:04:15.109000+00:00,0,red,0
1674257608699,"5 km ENE of Fairmont, Oklahoma",reviewed,0,31,earthquake,1.43, Oklahoma,-97.646,36.37883333,7.91,2023-01-20 23:33:28.699000+00:00,1,blue,1
1676364147030,"6km WSW of Anza, CA",reviewed,0,10,earthquake,0.82,California,-116.7321667,33.531,3.86,2023-02-14 08:42:27.030000+00:00,1,blue,1
1682052356970,"5km WSW of Idyllwild, CA",reviewed,0,4,earthquake,0.54,California,-116.7708333,33.717,16.15,2023-04-21 04:45:56.970000+00:00,1,blue,1
1669256259245,"35 km S of Tanana, Alaska",reviewed,0,12,earthquake,0.9, Alaska,-152.0629,64.8495,1.9,2022-11-24 02:17:39.245000+00:00,1,blue,1
1657085556950,"2km NW of The Geysers, CA",automatic,0,18,earthquake,1.08,California,-122.7738342,38.7956657,3.56,2022-07-06 05:32:36.950000+00:00,1,blue,1
1667716593447,"15 km NNW of Sutcliffe, Nevada",reviewed,0,4,earthquake,0.5, Nevada,-119.65,40.0819,12.9,2022-11-06 06:36:33.447000+00:00,1,blue,1
1659720639991,"89 km SE of Atka, Alaska",reviewed,0,168,earthquake,3.3, Alaska,-173.3924,51.5666,35.0,2022-08-05 17:30:39.991000+00:00,0,red,0
1646151083952,"10 km S of Chignik Lagoon, Alaska",reviewed,0,89,earthquake,2.4, Alaska,-158.5177,56.2119,85.9,2022-03-01 16:11:23.952000+00:00,0,red,0
1648180647061,"4 km NNW of Skwentna, Alaska",reviewed,0,39,earthquake,1.6, Alaska,-151.4219,62.0301,82.6,2022-03-25 03:57:27.061000+00:00,0,red,0
1647720995099,"53 km NNE of Petersville, Alaska",reviewed,0,19,earthquake,1.1, Alaska,-150.4966,62.9582,8.5,2022-03-19 20:16:35.099000+00:00,1,blue,1
1672980464450,"9km WNW of Cobb, CA",reviewed,0,6,earthquake,0.63,California,-122.8171667,38.8466667,0.97,2023-01-06 04:47:44.450000+00:00,1,blue,1
1648917330640,"7km WNW of Cobb, CA",automatic,0,2,earthquake,0.36,California,-122.802002,38.8388329,1.28,2022-04-02 16:35:30.640000+00:00,1,blue,1
1664981443960,"6 km SSE of Concrete, Washington",reviewed,0,10,earthquake,0.79, Washington,-121.72016666666669,48.4815,7.1,2022-10-05 14:50:43.960000+00:00,1,blue,1
1660152566270,"19 km ESE of Naalehu, Hawaii",reviewed,0,110,earthquake,2.67, Hawaii,-155.420333333333,18.9871666666667,34.81,2022-08-10 17:29:26.270000+00:00,0,red,0
1684644290253,"13 km SW of Hope, Alaska",reviewed,0,39,earthquake,1.6, Alaska,-149.7949,60.8222,21.4,2023-05-21 04:44:50.253000+00:00,0,red,0
1655722039240,"24km ESE of Little Lake, CA",reviewed,0,2,earthquake,0.39,California,-117.6601667,35.8593333,9.14,2022-06-20 10:47:19.240000+00:00,1,blue,1
1683172364260,Puerto Rico region,reviewed,0,270,earthquake,4.18,Puerto Rico region,-65.1236,18.5641,74.0,2023-05-04 03:52:44.260000+00:00,2,green,2
1657606686370,"70 km WNW of Beluga, Alaska",reviewed,0,0,earthquake,0.16, Alaska,-152.285,61.399,1.2,2022-07-12 06:18:06.370000+00:00,1,blue,1
1658387610117,"87 km S of Eureka, Nevada",reviewed,0,44,earthquake,1.7, Nevada,-116.0745,38.7303,0.0,2022-07-21 07:13:30.117000+00:00,1,blue,1
1679047853396,"26 km NW of Brevig Mission, Alaska",reviewed,0,50,earthquake,1.8, Alaska,-166.8165,65.5298,5.5,2023-03-17 10:10:53.396000+00:00,0,red,0
1652752376406,"42 km N of Chickaloon, Alaska",reviewed,0,8,earthquake,0.7, Alaska,-148.5986,62.1683,31.4,2022-05-17 01:52:56.406000+00:00,1,blue,1
1669229578095,"68 km SE of Unalaska, Alaska",reviewed,0,56,earthquake,1.9, Alaska,-165.7802,53.4572,46.5,2022-11-23 18:52:58.095000+00:00,0,red,0
1656014108110,"7 km SE of Maria Antonia, Puerto Rico",reviewed,0,89,earthquake,2.41, Puerto Rico,-66.8411666666667,17.9276666666667,14.34,2022-06-23 19:55:08.110000+00:00,0,red,0
1678573990080,"100 km W of Adak, Alaska",reviewed,0,2,earthquake,0.32, Alaska,-178.0935,51.8611666666667,3.22,2023-03-11 22:33:10.080000+00:00,1,blue,1
1680190535040,"7 km WSW of New Harmony, Utah",reviewed,0,16,earthquake,1.03, Utah,-113.393,37.4601667,4.11,2023-03-30 15:35:35.040000+00:00,1,blue,1
1651154083180,"8 km ENE of P?hala, Hawaii",automatic,0,62,earthquake,2.00999999, Hawaii,-155.404495239258,19.2273330688477,34.5400009155273,2022-04-28 13:54:43.180000+00:00,0,red,0
1666993372337,"137 km W of Abepura, Indonesia",reviewed,0,312,earthquake,4.5, Indonesia,139.4067,-2.7512,29.962,2022-10-28 21:42:52.337000+00:00,2,green,2
1662111223386,"55 km W of Anchor Point, Alaska",reviewed,0,30,earthquake,1.4, Alaska,-152.8262,59.7834,91.5,2022-09-02 09:33:43.386000+00:00,0,red,0
1669281432397,"19 km S of Tatitlek, Alaska",reviewed,0,35,earthquake,1.5, Alaska,-146.6906,60.6902,20.2,2022-11-24 09:17:12.397000+00:00,1,blue,1
1669486497338,"84 km NNW of Karluk, Alaska",reviewed,0,6,earthquake,0.6, Alaska,-155.0724,58.2531,3.2,2022-11-26 18:14:57.338000+00:00,1,blue,1
1647143749219,"1 km SSW of Wakita, Oklahoma",reviewed,0,49,earthquake,1.78, Oklahoma,-97.92783333,36.8755,6.91,2022-03-13 03:55:49.219000+00:00,0,red,0
1651295351215,"64 km WSW of Jiquilillo, Nicaragua",reviewed,0,340,earthquake,4.7, Nicaragua,-88.0143,12.547,68.25,2022-04-30 05:09:11.215000+00:00,2,green,2
1679555282132,"67 km W of Elfin Cove, Alaska",reviewed,0,68,earthquake,2.1, Alaska,-137.4955,58.1877,9.2,2023-03-23 07:08:02.132000+00:00,0,red,0
1648555975814,"66 km NE of Brevig Mission, Alaska",reviewed,0,30,earthquake,1.4, Alaska,-165.3264,65.6904,8.8,2022-03-29 12:12:55.814000+00:00,1,blue,1
1686850337070,"7km NW of The Geysers, CA",automatic,0,2,earthquake,0.34,California,-122.8193359,38.8188324,2.45,2023-06-15 17:32:17.070000+00:00,1,blue,1
1682177409903,"4 km ESE of Nikiski, Alaska",reviewed,0,19,earthquake,1.1, Alaska,-151.2104,60.6804,58.5,2023-04-22 15:30:09.903000+00:00,1,blue,1
1666147658895,"5 km WSW of Knik, Alaska",reviewed,0,19,earthquake,1.1, Alaska,-149.8205,61.4341,15.5,2022-10-19 02:47:38.895000+00:00,1,blue,1
1660485552109,Carlsberg Ridge,reviewed,0,354,earthquake,4.8,Carlsberg Ridge,67.9747,-3.301,10.0,2022-08-14 13:59:12.109000+00:00,2,green,2
1682684664570,"8km WNW of The Geysers, CA",automatic,0,6,earthquake,0.64,California,-122.8286667,38.8136673,2.01,2023-04-28 12:24:24.570000+00:00,1,blue,1
1649849019660,"3 km SSW of P?hala, Hawaii",automatic,0,49,earthquake,1.77999997, Hawaii,-155.492004394531,19.1704998016357,34.3400001525879,2022-04-13 11:23:39.660000+00:00,0,red,0
1679830467297,"6 km SSE of Houston, Alaska",reviewed,0,12,earthquake,0.9, Alaska,-149.7648,61.5791,39.9,2023-03-26 11:34:27.297000+00:00,1,blue,1
1681245023560,"7 km WSW of Guánica, Puerto Rico",reviewed,0,37,earthquake,1.55, Puerto Rico,-66.9681666666667,17.9341666666667,16.03,2023-04-11 20:30:23.560000+00:00,1,blue,1
1668288832280,"10km NW of The Geysers, CA",reviewed,0,32,earthquake,1.44,California,-122.8385,38.8363333,1.31,2022-11-12 21:33:52.280000+00:00,1,blue,1
1666099417810,"14km NW of Parkfield, CA",reviewed,0,40,earthquake,1.61,California,-120.5435,35.9833333,10.53,2022-10-18 13:23:37.810000+00:00,1,blue,1
1657051003890,"8km NW of Anza, CA",reviewed,0,0,earthquake,0.12,California,-116.7373333,33.6011667,12.5,2022-07-05 19:56:43.890000+00:00,1,blue,1
1676917545521,"116 km E of McCarthy, Alaska",reviewed,0,15,earthquake,1.0, Alaska,-140.7403,61.521,6.3,2023-02-20 18:25:45.521000+00:00,1,blue,1
1646602258594,"38 km ESE of Farkh?r, Afghanistan",reviewed,0,284,earthquake,4.3, Afghanistan,70.2667,36.4567,205.91,2022-03-06 21:30:58.594000+00:00,2,green,2
1652860536880,"15 km SSE of Guánica, Puerto Rico",reviewed,0,90,earthquake,2.42, Puerto Rico,-66.8743333333333,17.8356666666667,12.58,2022-05-18 07:55:36.880000+00:00,0,red,0
1679027465062,"30 km NW of Indian Springs, Nevada",reviewed,0,1,earthquake,0.2, Nevada,-115.9491,36.7284,1.3,2023-03-17 04:31:05.062000+00:00,1,blue,1
1682561536079,"6 km N of Dover, Oklahoma",reviewed,0,28,earthquake,1.35, Oklahoma,-97.89916667,36.03816667,5.85,2023-04-27 02:12:16.079000+00:00,1,blue,1
1667371233090,"74 km W of Salamatof, Alaska",reviewed,0,44,earthquake,1.7, Alaska,-152.687,60.6525,4.7,2022-11-02 06:40:33.090000+00:00,1,blue,1
1659524122325,"110 km SSE of Sand Point, Alaska",reviewed,0,39,earthquake,1.6, Alaska,-159.8795,54.4084,9.4,2022-08-03 10:55:22.325000+00:00,1,blue,1
1689029032713,"84 km NW of Karluk, Alaska",reviewed,0,12,earthquake,0.9, Alaska,-155.2785,58.1907,2.5,2023-07-10 22:43:52.713000+00:00,1,blue,1
1673267565190,Puerto Rico region,reviewed,0,152,earthquake,3.14,Puerto Rico region,-65.144,18.9173333333333,23.52,2023-01-09 12:32:45.190000+00:00,0,red,0
1673155017770,"9 km SSE of Guánica, Puerto Rico",reviewed,0,86,earthquake,2.36, Puerto Rico,-66.8786666666667,17.8925,14.88,2023-01-08 05:16:57.770000+00:00,0,red,0
1670771123209,"45 km SSW of Karluk, Alaska",reviewed,0,56,earthquake,1.9, Alaska,-154.8611,57.2292,51.1,2022-12-11 15:05:23.209000+00:00,0,red,0
1665601897441,"64 km WNW of Ninilchik, Alaska",reviewed,0,39,earthquake,1.6, Alaska,-152.7924,60.208,92.3,2022-10-12 19:11:37.441000+00:00,0,red,0
1641777186880,"5km WNW of Walker, CA",reviewed,0,76,earthquake,2.22,California,-119.5315,38.5371667,3.59,2022-01-10 01:13:06.880000+00:00,0,red,0
1670175947988,"12 km NNW of Ninilchik, Alaska",reviewed,0,26,earthquake,1.3, Alaska,-151.7704,60.149,56.7,2022-12-04 17:45:47.988000+00:00,0,red,0
1686333210421,"57 km ESE of Whittier, Alaska",reviewed,0,22,earthquake,1.2, Alaska,-147.6557,60.6628,6.0,2023-06-09 17:53:30.421000+00:00,1,blue,1
1682961424422,"253 km W of Adak, Alaska",reviewed,0,138,earthquake,3.0, Alaska,179.6961,51.8031,108.635,2023-05-01 17:17:04.422000+00:00,0,red,0
1690056427790,Oklahoma,reviewed,0,31,earthquake,1.43,Oklahoma,-98.515,36.09233333,5.0,2023-07-22 20:07:07.790000+00:00,1,blue,1
1662786332925,"23 km N of Susitna, Alaska",reviewed,0,39,earthquake,1.6, Alaska,-150.5039,61.7569,47.5,2022-09-10 05:05:32.925000+00:00,0,red,0
1656797395928,"25 km N of Sutton-Alpine, Alaska",reviewed,0,26,earthquake,1.3, Alaska,-148.7001,62.0042,34.4,2022-07-02 21:29:55.928000+00:00,1,blue,1
1648190647773,New Mexico,reviewed,0,104,earthquake,2.6,New Mexico,-104.4263,32.5482,5.0,2022-03-25 06:44:07.773000+00:00,0,red,0
1647301934646,Fiji region,reviewed,0,298,earthquake,4.4,Fiji region,-177.7821,-17.5376,571.17,2022-03-14 23:52:14.646000+00:00,2,pink,3
1664263921431,"15 km ESE of Kasilof, Alaska",reviewed,0,26,earthquake,1.3, Alaska,-151.0154,60.2803,71.5,2022-09-27 07:32:01.431000+00:00,0,red,0
1680007685500,"139 km WSW of Adak, Alaska",reviewed,0,56,earthquake,1.9, Alaska,-178.5316,51.4493,11.5,2023-03-28 12:48:05.500000+00:00,0,red,0
1677735223730,"84 km NW of Karluk, Alaska",reviewed,0,3,earthquake,0.41, Alaska,-155.277833333333,58.1868333333333,2.71,2023-03-02 05:33:43.730000+00:00,1,blue,1
1651947207464,"238 km SSE of Ust’-Kamchatsk Staryy, Russia",reviewed,0,400,earthquake,5.1, Russia,163.2361,54.1305,10.0,2022-05-07 18:13:27.464000+00:00,2,green,2
1678576915590,"7km W of Cobb, CA",automatic,0,9,earthquake,0.77,California,-122.800499,38.831665,1.74,2023-03-11 23:21:55.590000+00:00,1,blue,1
1678643062204,Romania,reviewed,0,296,earthquake,4.2,Romania,26.2862,45.5172,136.814,2023-03-12 17:44:22.204000+00:00,2,green,2
1645721924320,"17 km NNW of Four Mile Road, Alaska",reviewed,0,30,earthquake,1.4, Alaska,-149.25,64.7506,22.5,2022-02-24 16:58:44.320000+00:00,1,blue,1
1683209061200,"17 km ESE of Kelly, Wyoming",reviewed,0,28,earthquake,1.36, Wyoming,-110.426666666667,43.5515,7.46,2023-05-04 14:04:21.200000+00:00,1,blue,1
1689125330230,"11 km WNW of Toms Place, CA",reviewed,0,15,earthquake,0.98,California,-118.7996667,37.5861667,3.42,2023-07-12 01:28:50.230000+00:00,1,blue,1
1671875001740,"Island of Hawaii, Hawaii",reviewed,0,31,earthquake,1.41, Hawaii,-155.4795,19.1961666666667,32.47,2022-12-24 09:43:21.740000+00:00,1,blue,1
1659000304660,"9km SSW of Idyllwild, CA",reviewed,0,0,earthquake,0.14,California,-116.7686667,33.6718333,11.33,2022-07-28 09:25:04.660000+00:00,1,blue,1
1649311903347,"29 km SSE of Mina, Nevada",reviewed,0,10,earthquake,0.8, Nevada,-117.9488,38.1611,7.3,2022-04-07 06:11:43.347000+00:00,1,blue,1
1679487874379,"20 km ESE of Skwentna, Alaska",reviewed,0,35,earthquake,1.5, Alaska,-151.0695,61.8982,67.3,2023-03-22 12:24:34.379000+00:00,0,red,0
1685168574540,"6km WNW of Cobb, CA",automatic,0,1,earthquake,0.3,California,-122.7848358,38.8373337,1.27,2023-05-27 06:22:54.540000+00:00,1,blue,1
1675971466503,"9 km E of Göksun, Turkey",reviewed,0,259,earthquake,4.1, Turkey,36.6096,38.0264,10.0,2023-02-09 19:37:46.503000+00:00,2,green,2
1644297550545,"65 km S of Cordova, Alaska",reviewed,0,68,earthquake,2.1, Alaska,-145.5495,59.9675,18.4,2022-02-08 05:19:10.545000+00:00,0,red,0
1664271878680,"38 km NNE of Amboy, Washington",reviewed,0,0,earthquake,0.1, Washington,-122.1805,46.199666666666666,2.48,2022-09-27 09:44:38.680000+00:00,1,blue,1
1647294360470,"7km NW of The Geysers, CA",automatic,0,5,earthquake,0.56,California,-122.8095016,38.8233337,1.67,2022-03-14 21:46:00.470000+00:00,1,blue,1
1685742260795,"Andreanof Islands, Aleutian Islands, Alaska",reviewed,0,259,earthquake,4.1, Aleutian Islands,-176.9932,51.3372,10.0,2023-06-02 21:44:20.795000+00:00,2,green,2
1664681363180,"6km WNW of Toms Place, CA",reviewed,0,10,earthquake,0.79,California,-118.735,37.5893333,9.45,2022-10-02 03:29:23.180000+00:00,1,blue,1
1654779995941,"83 km S of Unalaska, Alaska",reviewed,0,104,earthquake,2.6, Alaska,-166.7783,53.1376,35.0,2022-06-09 13:06:35.941000+00:00,0,red,0
1682009683700,"8km NW of The Geysers, CA",reviewed,0,28,earthquake,1.34,California,-122.8135,38.8316667,1.7,2023-04-20 16:54:43.700000+00:00,1,blue,1
1645603847550,"6km WNW of Cobb, CA",automatic,0,16,earthquake,1.03,California,-122.7956696,38.8353348,0.74,2022-02-23 08:10:47.550000+00:00,1,blue,1
1658031037300,"9 km SSE of Maria Antonia, Puerto Rico",reviewed,0,73,earthquake,2.18, Puerto Rico,-66.8653333333333,17.8988333333333,13.21,2022-07-17 04:10:37.300000+00:00,0,red,0
1654825363124,"109 km SSE of Sand Point, Alaska",reviewed,0,39,earthquake,1.6, Alaska,-159.5397,54.5201,20.5,2022-06-10 01:42:43.124000+00:00,0,red,0
1651389658113,"71 km SSE of Shizunai-furukawach?, Japan",reviewed,0,259,earthquake,4.1, Japan,142.6507,41.7234,37.02,2022-05-01 07:20:58.113000+00:00,2,green,2
1669540183816,"85 km SSW of Deering, Alaska",reviewed,0,104,earthquake,2.6, Alaska,-163.769,65.4374,5.0,2022-11-27 09:09:43.816000+00:00,0,red,0
1664795735939,"4 km SSE of Dover, Oklahoma",reviewed,0,35,earthquake,1.51, Oklahoma,-97.89533333,35.94533333,4.32,2022-10-03 11:15:35.939000+00:00,1,blue,1
1674383107120,"7km WSW of San Ardo, CA",reviewed,0,18,earthquake,1.08,California,-120.969,35.9921667,6.11,2023-01-22 10:25:07.120000+00:00,1,blue,1
1648782084613,"113 km SE of Alcan Border, Alaska",reviewed,0,15,earthquake,1.0, Alaska,-139.6512,61.9218,1.5,2022-04-01 03:01:24.613000+00:00,1,blue,1
1657911135414,"158 km SW of Akhiok, Alaska",reviewed,0,62,earthquake,2.0, Alaska,-155.8937,55.8932,12.1,2022-07-15 18:52:15.414000+00:00,0,red,0
1652529991637,"64 km SE of Pedro Bay, Alaska",reviewed,0,19,earthquake,1.1, Alaska,-153.2373,59.4172,12.7,2022-05-14 12:06:31.637000+00:00,1,blue,1
1688356728410,"85 km NW of Karluk, Alaska",reviewed,0,0,earthquake,0.17, Alaska,-155.332333333333,58.1795,1.22,2023-07-03 03:58:48.410000+00:00,1,blue,1
1646616269100,"8km NW of The Geysers, CA",automatic,0,6,earthquake,0.65,California,-122.8150024,38.833168,1.64,2022-03-07 01:24:29.100000+00:00,1,blue,1
1680693824593,"33 km SW of Empire, Nevada",reviewed,0,8,earthquake,0.7, Nevada,-119.6142,40.3513,9.9,2023-04-05 11:23:44.593000+00:00,1,blue,1
1679954930280,"0 km NE of Magas Arriba, Puerto Rico",reviewed,0,80,earthquake,2.28, Puerto Rico,-66.7675,18.0191666666667,15.32,2023-03-27 22:08:50.280000+00:00,0,red,0
1683925051290,"13km NNW of San Simeon, CA",reviewed,0,128,earthquake,2.88,California,-121.2476667,35.7493333,4.48,2023-05-12 20:57:31.290000+00:00,0,red,0
1686394062790,"6km NW of San Jacinto, CA",reviewed,0,26,earthquake,1.3,California,-117.0003333,33.8195,14.03,2023-06-10 10:47:42.790000+00:00,1,blue,1
1661002747476,"57 km WNW of Malango, Solomon Islands",reviewed,0,312,earthquake,4.5, Solomon Islands,159.2352,-9.4989,10.0,2022-08-20 13:39:07.476000+00:00,2,green,2
1642236570884,"52 km ENE of King Cove, Alaska",reviewed,0,104,earthquake,2.6, Alaska,-161.5173,55.1832,81.36,2022-01-15 08:49:30.884000+00:00,0,red,0
1688671506400,"90 km S of False Pass, Alaska",reviewed,0,74,earthquake,2.2, Alaska,-163.5378,54.0485,25.6,2023-07-06 19:25:06.400000+00:00,0,red,0
1651890126063,"58 km SW of Adak, Alaska",reviewed,0,12,earthquake,0.9, Alaska,-177.3358,51.575,19.4,2022-05-07 02:22:06.063000+00:00,1,blue,1
1682389078193,Central Alaska,reviewed,0,12,earthquake,0.9,Central Alaska,-145.8575,63.385,9.2,2023-04-25 02:17:58.193000+00:00,1,blue,1
1671249384339,"186 km W of Ferndale, California",reviewed,0,112,earthquake,2.7, California,-126.4433,40.3672,10.0,2022-12-17 03:56:24.339000+00:00,0,red,0
1687751367324,"4 km E of Spanish Springs, Nevada",reviewed,0,4,earthquake,0.5, Nevada,-119.6504,39.6424,12.6,2023-06-26 03:49:27.324000+00:00,1,blue,1
1648120190120,"7km NW of The Geysers, CA",reviewed,0,96,earthquake,2.49,California,-122.8101667,38.828,1.55,2022-03-24 11:09:50.120000+00:00,0,red,0
1673481663622,"57 km N of Petersville, Alaska",reviewed,0,44,earthquake,1.7, Alaska,-150.7494,63.0138,112.2,2023-01-12 00:01:03.622000+00:00,0,red,0
1684421192128,"62 km ENE of Chase, Alaska",reviewed,0,12,earthquake,0.9, Alaska,-149.0304,62.7117,64.3,2023-05-18 14:46:32.128000+00:00,1,blue,1
1686721603187,"266 km WSW of Adak, Alaska",reviewed,0,112,earthquake,2.7, Alaska,179.6477,51.2795,35.0,2023-06-14 05:46:43.187000+00:00,0,red,0
1643265726470,"16km NE of Little Lake, CA",reviewed,0,7,earthquake,0.66,California,-117.7578333,36.024,2.65,2022-01-27 06:42:06.470000+00:00,1,blue,1
1643042425800,"5 km SW of Volcano, Hawaii",reviewed,0,33,earthquake,1.46, Hawaii,-155.271833333333,19.4093333333333,2.19,2022-01-24 16:40:25.800000+00:00,1,blue,1
1673736102950,"16 km S of Central, Alaska",reviewed,0,19,earthquake,1.1, Alaska,-144.8198,65.4275,5.3,2023-01-14 22:41:42.950000+00:00,1,blue,1
1645314103390,"2 km WSW of P?hala, Hawaii",automatic,0,77,earthquake,2.24000001, Hawaii,-155.501159667969,19.1896667480469,34.4500007629395,2022-02-19 23:41:43.390000+00:00,0,red,0
1682505261390,"6km SW of Idyllwild, CA",reviewed,0,8,earthquake,0.73,California,-116.7606667,33.7048333,16.62,2023-04-26 10:34:21.390000+00:00,1,blue,1
1662296119710,"Izu Islands, Japan region",reviewed,0,298,earthquake,4.4, Japan region,142.7112,32.3628,10.0,2022-09-04 12:55:19.710000+00:00,2,green,2
1641921586108,"Bonin Islands, Japan region",reviewed,0,340,earthquake,4.7, Japan region,142.5941,28.1325,10.0,2022-01-11 17:19:46.108000+00:00,2,green,2
1669758011330,"85 km NNW of Karluk, Alaska",reviewed,0,17,earthquake,1.06, Alaska,-155.123333333333,58.2441666666667,5.67,2022-11-29 21:40:11.330000+00:00,1,blue,1
1671172015430,"13km WNW of Anza, CA",reviewed,0,2,earthquake,0.35,California,-116.8066667,33.5835,9.88,2022-12-16 06:26:55.430000+00:00,1,blue,1
1642074916051,"103 km SE of Vilyuchinsk, Russia",reviewed,0,284,earthquake,4.3, Russia,159.5465,52.3064,65.99,2022-01-13 11:55:16.051000+00:00,2,green,2
1651383220150,"6km WNW of The Geysers, CA",automatic,0,1,earthquake,0.25,California,-122.8148346,38.7998352,3.49,2022-05-01 05:33:40.150000+00:00,1,blue,1
1663465693889,"76 km N of Karluk, Alaska",reviewed,0,12,earthquake,0.9, Alaska,-154.6564,58.2439,26.0,2022-09-18 01:48:13.889000+00:00,1,blue,1
1657250898090,"2km SW of Anderson Springs, CA",reviewed,0,1,earthquake,0.21,California,-122.7093333,38.7586667,1.46,2022-07-08 03:28:18.090000+00:00,1,blue,1
1657048853378,"15 km NNW of Willow, Alaska",reviewed,0,22,earthquake,1.2, Alaska,-150.1911,61.8629,42.5,2022-07-05 19:20:53.378000+00:00,1,blue,1
1662229725350,"14km WNW of Toms Place, CA",reviewed,0,14,earthquake,0.97,California,-118.8281667,37.6013333,4.87,2022-09-03 18:28:45.350000+00:00,1,blue,1
1644035043240,"2 km SE of Maria Antonia, Puerto Rico",reviewed,0,36,earthquake,1.54, Puerto Rico,-66.8735,17.9656666666667,15.24,2022-02-05 04:24:03.240000+00:00,1,blue,1
1645832373300,"2km NE of Castro Valley, CA",reviewed,0,24,earthquake,1.24,California,-122.068,37.7051667,10.73,2022-02-25 23:39:33.300000+00:00,1,blue,1
1643062316420,"36km NNE of Ensenada, B.C., MX",reviewed,0,62,earthquake,2.01, B.C.,-116.4296667,32.1498333,12.59,2022-01-24 22:11:56.420000+00:00,0,red,0
1666310805097,"20 km E of Healy, Alaska",reviewed,0,15,earthquake,1.0, Alaska,-148.5643,63.8897,13.8,2022-10-21 00:06:45.097000+00:00,1,blue,1
1672044210140,"1km NNE of The Geysers, CA",automatic,0,1,earthquake,0.26,California,-122.7523346,38.788166,3.93,2022-12-26 08:43:30.140000+00:00,1,blue,1
1664894774596,"50 km NNE of Yakutat, Alaska",reviewed,0,121,earthquake,2.8, Alaska,-139.2537,59.9358,4.1,2022-10-04 14:46:14.596000+00:00,0,red,0
1656418651340,"2km NW of Cobb, CA",reviewed,0,14,earthquake,0.95,California,-122.7415,38.837,1.05,2022-06-28 12:17:31.340000+00:00,1,blue,1
1663758389960,"41 km SE of Boca de Yuma, Dominican Republic",reviewed,0,166,earthquake,3.28, Dominican Republic,-68.3395,18.1041666666667,83.84,2022-09-21 11:06:29.960000+00:00,0,red,0
1684820460320,"8km WNW of Cobb, CA",automatic,0,6,earthquake,0.63,California,-122.8113327,38.8404999,0.22,2023-05-23 05:41:00.320000+00:00,1,blue,1
1654063515901,"122 km NW of Yakutat, Alaska",reviewed,0,22,earthquake,1.2, Alaska,-141.246,60.3344,8.6,2022-06-01 06:05:15.901000+00:00,1,blue,1
1654790968300,"42 km NE of Spencer, Idaho",reviewed,0,15,earthquake,0.99, Idaho,-111.8838333,44.68,10.76,2022-06-09 16:09:28.300000+00:00,1,blue,1
1658620895716,"108 km SSE of Sand Point, Alaska",reviewed,0,56,earthquake,1.9, Alaska,-159.7177,54.4733,22.9,2022-07-24 00:01:35.716000+00:00,0,red,0
1679824951367,"6 km NNE of Segundo, Colorado",reviewed,0,45,earthquake,1.7, Colorado,-104.7401,37.1795,6.895,2023-03-26 10:02:31.367000+00:00,0,red,0
1648178859560,"5 km W of La Parguera, Puerto Rico",reviewed,0,74,earthquake,2.19, Puerto Rico,-67.101,17.9688333333333,12.34,2022-03-25 03:27:39.560000+00:00,0,red,0
1671473820938,"28 km S of South Van Horn, Alaska",reviewed,0,12,earthquake,0.9, Alaska,-147.8433,64.5513,11.0,2022-12-19 18:17:00.938000+00:00,1,blue,1
1646094754758,"44 km W of Anchor Point, Alaska",reviewed,0,22,earthquake,1.2, Alaska,-152.6195,59.7234,90.6,2022-03-01 00:32:34.758000+00:00,0,red,0
1643520642900,"18km SW of Toms Place, CA",reviewed,0,8,earthquake,0.74,California,-118.8251667,37.4541667,0.09,2022-01-30 05:30:42.900000+00:00,1,blue,1
1682282097260,"6km WNW of Cobb, CA",automatic,0,19,earthquake,1.1,California,-122.7826691,38.8381653,1.87,2023-04-23 20:34:57.260000+00:00,1,blue,1
1677645158850,"17km ENE of Rosarito, B.C., MX",reviewed,0,16,earthquake,1.01, B.C.,-116.8746667,32.4051667,15.73,2023-03-01 04:32:38.850000+00:00,1,blue,1
1643293353242,"16 km NNW of Walker Lake, Nevada",reviewed,0,10,earthquake,0.8, Nevada,-118.8515,38.7737,2.0,2022-01-27 14:22:33.242000+00:00,1,blue,1
1686150280830,"13km WSW of Searles Valley, CA",reviewed,0,8,earthquake,0.71,California,-117.539,35.7188333,7.38,2023-06-07 15:04:40.830000+00:00,1,blue,1
1674643155740,"15 km ESE of La Romana, Dominican Republic",reviewed,0,227,earthquake,3.84, Dominican Republic,-68.8306,18.3958,140.0,2023-01-25 10:39:15.740000+00:00,2,green,2
1656965637776,"77 km SSE of King Cove, Alaska",reviewed,0,56,earthquake,1.9, Alaska,-161.8116,54.4307,16.4,2022-07-04 20:13:57.776000+00:00,0,red,0
1682884734260,"12 km ENE of P?hala, Hawaii",automatic,0,85,earthquake,2.35, Hawaii,-155.37483215332,19.2644996643066,29.7099990844727,2023-04-30 19:58:54.260000+00:00,0,red,0
1642289823324,"2 km SSW of Big Lake, Alaska",reviewed,0,89,earthquake,2.4, Alaska,-149.9658,61.5027,19.0,2022-01-15 23:37:03.324000+00:00,0,red,0
1681722264598,"55 km NNW of Petersville, Alaska",reviewed,0,35,earthquake,1.5, Alaska,-151.3103,62.9218,110.7,2023-04-17 09:04:24.598000+00:00,0,red,0
1643420869930,Alaska Peninsula,reviewed,0,104,earthquake,2.6,Alaska Peninsula,-157.6568,57.1457,1.6,2022-01-29 01:47:49.930000+00:00,0,red,0
1663311246737,"107 km SSE of Sand Point, Alaska",reviewed,0,68,earthquake,2.1, Alaska,-159.8018,54.4625,20.9,2022-09-16 06:54:06.737000+00:00,0,red,0
1678536371890,"14km WSW of Searles Valley, CA",reviewed,0,13,earthquake,0.92,California,-117.5423333,35.712,6.94,2023-03-11 12:06:11.890000+00:00,1,blue,1
1689581651500,"18 km SSW of Whitehall, Montana",reviewed,0,0,earthquake,0.1, Montana,-112.158,45.707,4.97,2023-07-17 08:14:11.500000+00:00,1,blue,1
1688738779110,"24 km WSW of Salamatof, Alaska",reviewed,0,35,earthquake,1.5, Alaska,-151.7119,60.5042,74.2,2023-07-07 14:06:19.110000+00:00,0,red,0
1648042272916,"20 km ENE of Talkeetna, Alaska",reviewed,0,22,earthquake,1.2, Alaska,-149.7208,62.3763,6.5,2022-03-23 13:31:12.916000+00:00,1,blue,1
1670374598343,"193 km SSE of Adak, Alaska",reviewed,0,112,earthquake,2.7, Alaska,-175.6673,50.2405,10.0,2022-12-07 00:56:38.343000+00:00,0,red,0
1656154847287,"44 km NE of Whittier, Alaska",reviewed,0,12,earthquake,0.9, Alaska,-148.0421,61.0238,17.6,2022-06-25 11:00:47.287000+00:00,1,blue,1
1654452268010,"7km NE of Coso Junction, CA",reviewed,0,10,earthquake,0.82,California,-117.892,36.0923333,6.05,2022-06-05 18:04:28.010000+00:00,1,blue,1
1660042542380,"101 km N of Suárez, Puerto Rico",reviewed,0,195,earthquake,3.56, Puerto Rico,-65.693,19.338,68.0,2022-08-09 10:55:42.380000+00:00,2,green,2
1675507917515,"68 km NW of Skwentna, Alaska",reviewed,0,56,earthquake,1.9, Alaska,-152.4854,62.3406,0.8,2023-02-04 10:51:57.515000+00:00,0,red,0
1668130339091,"45 km ENE of Falam, Myanmar",reviewed,0,271,earthquake,4.2, Myanmar,94.1073,23.0257,42.858,2022-11-11 01:32:19.091000+00:00,2,green,2
1670517946384,"50 km SSE of Denali National Park, Alaska",reviewed,0,35,earthquake,1.5, Alaska,-151.4931,63.1006,11.6,2022-12-08 16:45:46.384000+00:00,1,blue,1
1690052725950,"2 km SSW of Tres Pinos, CA",reviewed,0,51,earthquake,1.82,California,-121.3261667,36.7765,5.79,2023-07-22 19:05:25.950000+00:00,0,red,0
1655051916580,"2km ENE of Loma Linda, CA",reviewed,0,8,earthquake,0.71,California,-117.2425,34.0535,12.41,2022-06-12 16:38:36.580000+00:00,1,blue,1
1655529232810,"5 km ESE of Hennessey, Oklahoma",reviewed,0,18,earthquake,1.08, Oklahoma,-97.83833333,36.0985,6.11,2022-06-18 05:13:52.810000+00:00,1,blue,1
1642167206900,"5 km SW of Volcano, Hawaii",reviewed,0,21,earthquake,1.18, Hawaii,-155.277833333333,19.4121666666667,10.94,2022-01-14 13:33:26.900000+00:00,1,blue,1
1683583087553,"55 km S of Whites City, New Mexico",reviewed,0,158,earthquake,3.2, New Mexico,-104.4116189,31.67765392,7.288427734,2023-05-08 21:58:07.553000+00:00,0,red,0
1647500381090,"1km NE of Almanor, CA",reviewed,0,31,earthquake,1.43,California,-121.1708333,40.2236667,10.6,2022-03-17 06:59:41.090000+00:00,1,blue,1
1666617572410,"22km ESE of Lone Pine, CA",reviewed,0,50,earthquake,1.81,California,-117.855,36.4998333,5.77,2022-10-24 13:19:32.410000+00:00,0,red,0
1686710074507,"26 km NE of Labuan Lombok, Indonesia",reviewed,0,284,earthquake,4.3, Indonesia,116.8558,-8.3519,10.0,2023-06-14 02:34:34.507000+00:00,2,green,2
1684764278461,California-Nevada border region,reviewed,0,22,earthquake,1.2,California-Nevada border region,-117.5853,37.2784,6.4,2023-05-22 14:04:38.461000+00:00,1,blue,1
1682235273773,"48 km WNW of Nanwalek, Alaska",reviewed,0,44,earthquake,1.7, Alaska,-152.7053,59.5224,74.1,2023-04-23 07:34:33.773000+00:00,0,red,0
1677833103785,"21 km ESE of Denali National Park, Alaska",reviewed,0,19,earthquake,1.1, Alaska,-151.3301,63.4698,10.4,2023-03-03 08:45:03.785000+00:00,1,blue,1
1680539245519,"1 km S of Union City, Oklahoma",reviewed,0,30,earthquake,1.39, Oklahoma,-97.93766667,35.37416667,6.18,2023-04-03 16:27:25.519000+00:00,1,blue,1
1642398870851,"15 km W of Ivanof Bay, Alaska",reviewed,0,56,earthquake,1.9, Alaska,-159.7329,55.9127,6.7,2022-01-17 05:54:30.851000+00:00,0,red,0
1660496666410,"5km ENE of Desert Hot Springs, CA",reviewed,0,6,earthquake,0.61,California,-116.4481667,33.9741667,8.63,2022-08-14 17:04:26.410000+00:00,1,blue,1
1675929426462,Central Turkey,reviewed,0,271,earthquake,4.2,Central Turkey,36.5452,38.0799,8.987,2023-02-09 07:57:06.462000+00:00,2,green,2
1659383430630,"1km WSW of Parkfield, CA",reviewed,0,22,earthquake,1.19,California,-120.4405,35.8938333,9.98,2022-08-01 19:50:30.630000+00:00,1,blue,1
1660111662401,"26 km SW of Petersville, Alaska",reviewed,0,22,earthquake,1.2, Alaska,-151.1886,62.356,81.4,2022-08-10 06:07:42.401000+00:00,0,red,0
1680118335000,"13 km S of Volcano, Hawaii",reviewed,0,67,earthquake,2.08, Hawaii,-155.219833333333,19.3181666666667,0.05,2023-03-29 19:32:15+00:00,0,red,0
1644643839982,"251 km WNW of Haveluloto, Tonga",reviewed,0,284,earthquake,4.3, Tonga,-177.4913,-20.3939,486.72,2022-02-12 05:30:39.982000+00:00,2,pink,3
1645575639970,"7km WNW of Little Lake, CA",reviewed,0,123,earthquake,2.82,California,-117.9803333,35.9585,3.82,2022-02-23 00:20:39.970000+00:00,0,red,0
1680382748017,"46 km NW of Karluk, Alaska",reviewed,0,56,earthquake,1.9, Alaska,-154.913,57.9058,73.4,2023-04-01 20:59:08.017000+00:00,0,red,0
1671485666538,"8 km S of Central, Alaska",reviewed,0,26,earthquake,1.3, Alaska,-144.7828,65.4983,15.3,2022-12-19 21:34:26.538000+00:00,1,blue,1
1667105764773,"95 km S of Atka, Alaska",reviewed,0,81,earthquake,2.3, Alaska,-174.3711,51.3452,9.8,2022-10-30 04:56:04.773000+00:00,0,red,0
1652711159140,"5km ENE of Anza, CA",reviewed,0,9,earthquake,0.78,California,-116.6263333,33.5753333,14.84,2022-05-16 14:25:59.140000+00:00,1,blue,1
1659059229318,Central Alaska,reviewed,0,19,earthquake,1.1,Central Alaska,-149.6971,62.8471,67.2,2022-07-29 01:47:09.318000+00:00,1,blue,1
1651503576460,"17km SSE of San Pedro, CA",reviewed,0,80,earthquake,2.28,California,-118.2328333,33.5915,0.05,2022-05-02 14:59:36.460000+00:00,0,red,0
1688151824720,"18km WSW of Toms Place, CA",reviewed,0,17,earthquake,1.05,California,-118.848,37.4783333,4.81,2023-06-30 19:03:44.720000+00:00,1,blue,1
1645317138710,"0km SE of Loma Linda, CA",reviewed,0,26,earthquake,1.31,California,-117.2576667,34.0448333,9.21,2022-02-20 00:32:18.710000+00:00,1,blue,1
1660288373992,"38 km NNW of Venetie, Alaska",reviewed,0,56,earthquake,1.9, Alaska,-146.5968,67.3495,20.0,2022-08-12 07:12:53.992000+00:00,0,red,0
1650260821800,"7km NW of The Geysers, CA",automatic,0,7,earthquake,0.67,California,-122.8219986,38.8144989,2.39,2022-04-18 05:47:01.800000+00:00,1,blue,1
1668814554430,"66 km N of Hatillo, Puerto Rico",reviewed,0,153,earthquake,3.15, Puerto Rico,-66.8141666666667,19.0871666666667,19.76,2022-11-18 23:35:54.430000+00:00,0,red,0
1642781317210,"27 km SSE of Saiki, Japan",reviewed,1,690,earthquake,6.3, Japan,132.0386,32.7282,39.0,2022-01-21 16:08:37.210000+00:00,2,green,2
1686742957528,"43 km N of Valdez, Alaska",reviewed,0,15,earthquake,1.0, Alaska,-146.3822,61.5216,29.1,2023-06-14 11:42:37.528000+00:00,1,blue,1
1666290025725,"69 km SW of Unalaska, Alaska",reviewed,0,62,earthquake,2.0, Alaska,-167.1847,53.3809,18.0,2022-10-20 18:20:25.725000+00:00,0,red,0
1683918249541,"81 km SE of King Salmon, Alaska",reviewed,0,12,earthquake,0.9, Alaska,-155.5427,58.2439,7.2,2023-05-12 19:04:09.541000+00:00,1,blue,1
1657471475437,"22 km S of Tanacross, Alaska",reviewed,0,15,earthquake,1.0, Alaska,-143.3461,63.1859,0.9,2022-07-10 16:44:35.437000+00:00,1,blue,1
1668576136280,"3km S of Half Moon Bay, CA",reviewed,0,367,earthquake,2.83,California,-122.4241667,37.4401667,10.54,2022-11-16 05:22:16.280000+00:00,2,green,2
1668089295215,"61 km WNW of Beatty, Nevada",reviewed,0,12,earthquake,0.9, Nevada,-117.3797,37.1601,10.2,2022-11-10 14:08:15.215000+00:00,1,blue,1
1671539125930,"21km WSW of Ferndale, CA",reviewed,0,100,earthquake,2.55,California,-124.4748333,40.4803333,22.56,2022-12-20 12:25:25.930000+00:00,0,red,0
1654258188661,"Rat Islands, Aleutian Islands, Alaska",reviewed,0,112,earthquake,2.7, Aleutian Islands,178.723,51.1834,18.81,2022-06-03 12:09:48.661000+00:00,0,red,0
1659148425350,"11km SW of Anza, CA",reviewed,0,5,earthquake,0.58,California,-116.7551667,33.4853333,6.28,2022-07-30 02:33:45.350000+00:00,1,blue,1
1660719435332,"23 km E of K?sh, Iran",reviewed,0,259,earthquake,4.1, Iran,54.2554,26.595,10.0,2022-08-17 06:57:15.332000+00:00,2,green,2
1664069953263,"38 km NNE of Chase, Alaska",reviewed,0,30,earthquake,1.4, Alaska,-149.7049,62.7462,72.0,2022-09-25 01:39:13.263000+00:00,0,red,0
1679959971048,"41 km SSE of Egegik, Alaska",reviewed,0,35,earthquake,1.5, Alaska,-157.0408,57.8834,12.8,2023-03-27 23:32:51.048000+00:00,1,blue,1
1678416999736,"100 km W of Adak, Alaska",reviewed,0,96,earthquake,2.5, Alaska,-178.0966,51.8648,3.865,2023-03-10 02:56:39.736000+00:00,0,red,0
1662094344346,"44 km S of Adak, Alaska",reviewed,0,234,earthquake,3.9, Alaska,-176.6269,51.4704,36.642,2022-09-02 04:52:24.346000+00:00,2,green,2
1683684021887,"67 km WNW of Aleneva, Alaska",reviewed,0,50,earthquake,1.8, Alaska,-153.9754,58.2803,86.2,2023-05-10 02:00:21.887000+00:00,0,red,0
1688217227070,"13km SSW of Searles Valley, CA",reviewed,0,15,earthquake,0.98,California,-117.4523333,35.6533333,6.16,2023-07-01 13:13:47.070000+00:00,1,blue,1
1671052938621,"33 km SSE of Egegik, Alaska",reviewed,0,44,earthquake,1.7, Alaska,-157.0959,57.9554,17.4,2022-12-14 21:22:18.621000+00:00,0,red,0
1667723479718,"30 km SE of Mina, Nevada",reviewed,0,2,earthquake,0.4, Nevada,-117.8974,38.1727,8.1,2022-11-06 08:31:19.718000+00:00,1,blue,1
1684898226499,"53 km S of Silver Peak, Nevada",reviewed,0,50,earthquake,1.8, Nevada,-117.5819,37.2707,6.8,2023-05-24 03:17:06.499000+00:00,0,red,0
1673182744071,"40 km W of Port-Olry, Vanuatu",reviewed,0,340,earthquake,4.7, Vanuatu,166.6938,-15.0166,28.251,2023-01-08 12:59:04.071000+00:00,2,green,2
1670208837587,"39 km NW of Valdez, Alaska",reviewed,0,10,earthquake,0.8, Alaska,-146.7918,61.4127,33.0,2022-12-05 02:53:57.587000+00:00,1,blue,1
1649351885091,"50 km NNW of Koyukuk, Alaska",reviewed,0,22,earthquake,1.2, Alaska,-158.2526,65.2673,10.3,2022-04-07 17:18:05.091000+00:00,1,blue,1
1643989986930,"8km WNW of Cobb, CA",automatic,0,21,earthquake,1.18,California,-122.8180008,38.8431664,0.46,2022-02-04 15:53:06.930000+00:00,1,blue,1
1654699213780,"12km SW of Searles Valley, CA",reviewed,0,14,earthquake,0.95,California,-117.4931667,35.6835,10.69,2022-06-08 14:40:13.780000+00:00,1,blue,1
1664202487488,northern Alaska,reviewed,0,35,earthquake,1.5,northern Alaska,-144.521,69.158,14.6,2022-09-26 14:28:07.488000+00:00,1,blue,1
1645279844160,"2km SW of Anderson Springs, CA",reviewed,0,95,earthquake,2.49,California,-122.7056667,38.7651667,2.32,2022-02-19 14:10:44.160000+00:00,0,red,0
1652356364572,"60 km E of Pedro Bay, Alaska",reviewed,0,30,earthquake,1.4, Alaska,-153.0265,59.8262,101.9,2022-05-12 11:52:44.572000+00:00,0,red,0
1668502274238,"2 km W of Meadow Lakes, Alaska",reviewed,0,19,earthquake,1.1, Alaska,-149.6418,61.6214,33.4,2022-11-15 08:51:14.238000+00:00,1,blue,1
1642277491940,"9km WNW of Cobb, CA",automatic,0,2,earthquake,0.37,California,-122.8191681,38.8498344,1.57,2022-01-15 20:11:31.940000+00:00,1,blue,1
1662422750520,"6 km NW of P?hala, Hawaii",reviewed,0,102,earthquake,2.58, Hawaii,-155.532333333333,19.2371666666667,7.35,2022-09-06 00:05:50.520000+00:00,0,red,0
1653475134189,"20 km NE of Sutcliffe, Nevada",reviewed,0,74,earthquake,2.2, Nevada,-119.4617,40.0984,7.5,2022-05-25 10:38:54.189000+00:00,0,red,0
1667289886000,"6km ESE of Healdsburg, CA",reviewed,0,53,earthquake,1.85,California,-122.8058333,38.5991667,5.56,2022-11-01 08:04:46+00:00,0,red,0
1685351035610,"85 km NW of Karluk, Alaska",reviewed,0,0,earthquake,0.01, Alaska,-155.366666666667,58.1688333333333,2.28,2023-05-29 09:03:55.610000+00:00,1,blue,1
1687428690220,"15km NW of Morongo Valley, CA",reviewed,0,9,earthquake,0.75,California,-116.697,34.1458333,1.03,2023-06-22 10:11:30.220000+00:00,1,blue,1
1655942190980,"7km NW of The Geysers, CA",automatic,0,9,earthquake,0.78,California,-122.8184967,38.8161659,2.54,2022-06-22 23:56:30.980000+00:00,1,blue,1
1646247383910,"6 km E of P?hala, Hawaii",reviewed,0,31,earthquake,1.43, Hawaii,-155.415,19.1925,30.49,2022-03-02 18:56:23.910000+00:00,1,blue,1
1680017635287,"48 km ESE of Denali National Park, Alaska",reviewed,0,30,earthquake,1.4, Alaska,-150.7729,63.4447,4.0,2023-03-28 15:33:55.287000+00:00,1,blue,1
1650735509170,"6 km SSW of Indios, Puerto Rico",reviewed,0,90,earthquake,2.42, Puerto Rico,-66.838,17.9408333333333,12.93,2022-04-23 17:38:29.170000+00:00,0,red,0
1654571287500,"14 km ESE of Kelly, Wyoming",reviewed,0,21,earthquake,1.18, Wyoming,-110.4706667,43.5585,10.08,2022-06-07 03:08:07.500000+00:00,1,blue,1
1645264788555,"60 km SSE of Cantwell, Alaska",reviewed,0,15,earthquake,1.0, Alaska,-148.35,62.9209,11.8,2022-02-19 09:59:48.555000+00:00,1,blue,1
1685271051215,"66 km SE of Adak, Alaska",reviewed,0,168,earthquake,3.3, Alaska,-175.9366,51.4668,35.0,2023-05-28 10:50:51.215000+00:00,0,red,0
1651379171539,"14 km ESE of Eagle Village, Alaska",reviewed,0,15,earthquake,1.0, Alaska,-140.8235,64.7461,4.9,2022-05-01 04:26:11.539000+00:00,1,blue,1
1674139384640,"3km SE of The Geysers, CA",automatic,0,19,earthquake,1.12,California,-122.7286682,38.7594986,1.86,2023-01-19 14:43:04.640000+00:00,1,blue,1
1680549619487,"97 km E of Chignik, Alaska",reviewed,0,74,earthquake,2.2, Alaska,-156.8296,56.2541,3.2,2023-04-03 19:20:19.487000+00:00,0,red,0
1687605382894,"57 km S of Whites City, New Mexico",reviewed,0,62,earthquake,2.0, New Mexico,-104.4041955,31.66046791,6.080151367,2023-06-24 11:16:22.894000+00:00,0,red,0
1675768245723,"117 km E of McCarthy, Alaska",reviewed,0,22,earthquake,1.2, Alaska,-140.721,61.5074,6.0,2023-02-07 11:10:45.723000+00:00,1,blue,1
1688803990411,"39 km NNE of Chenega, Alaska",reviewed,0,30,earthquake,1.4, Alaska,-147.776,60.3976,1.7,2023-07-08 08:13:10.411000+00:00,1,blue,1
1668903914510,"4km NNW of The Geysers, CA",reviewed,0,0,earthquake,0.13,California,-122.7701667,38.8085,1.26,2022-11-20 00:25:14.510000+00:00,1,blue,1
1688513856385,"65 km ESE of Denali National Park, Alaska",reviewed,0,56,earthquake,1.9, Alaska,-150.5801,63.258,130.7,2023-07-04 23:37:36.385000+00:00,0,red,0
1666251211456,"7 km SW of Knik, Alaska",reviewed,0,19,earthquake,1.1, Alaska,-149.8448,61.4198,19.2,2022-10-20 07:33:31.456000+00:00,1,blue,1
1642496201133,"57 km ENE of Ouzinkie, Alaska",reviewed,0,200,earthquake,3.6, Alaska,-151.6492,58.1744,2.6,2022-01-18 08:56:41.133000+00:00,2,green,2
1654862524280,"5 km N of Ames, Oklahoma",reviewed,0,36,earthquake,1.54, Oklahoma,-98.186,36.294,7.48,2022-06-10 12:02:04.280000+00:00,1,blue,1
1686986260570,"3km NE of The Geysers, CA",automatic,0,10,earthquake,0.79,California,-122.7291641,38.7941666,2.28,2023-06-17 07:17:40.570000+00:00,1,blue,1
1685443317734,"7 km NNW of El Moro, Colorado",reviewed,0,19,earthquake,1.1, Colorado,-104.4944,37.288,5.0,2023-05-30 10:41:57.734000+00:00,1,blue,1
1656834244280,"2km NW of Canyondam, CA",reviewed,0,72,earthquake,2.16,California,-121.093,40.1821667,10.86,2022-07-03 07:44:04.280000+00:00,0,red,0
1684130063563,"47 km W of Petersville, Alaska",reviewed,0,30,earthquake,1.4, Alaska,-151.6778,62.4716,89.0,2023-05-15 05:54:23.563000+00:00,0,red,0
1675055885303,"57 km S of Cantwell, Alaska",reviewed,0,19,earthquake,1.1, Alaska,-148.8077,62.8765,62.5,2023-01-30 05:18:05.303000+00:00,1,blue,1
1644701561860,"8km WNW of Cobb, CA",automatic,0,11,earthquake,0.85,California,-122.8083344,38.8381653,2.21,2022-02-12 21:32:41.860000+00:00,1,blue,1
1682588583620,"27 km SE of Central, Alaska",reviewed,0,15,earthquake,1.0, Alaska,-144.3281,65.4318,12.4,2023-04-27 09:43:03.620000+00:00,1,blue,1
1689110966530,"6 km W of San Ramon, CA",reviewed,0,9,earthquake,0.76,California,-122.0498333,37.7741667,3.1,2023-07-11 21:29:26.530000+00:00,1,blue,1
1657067100800,"18km ESE of Little Lake, CA",reviewed,0,24,earthquake,1.26,California,-117.7116667,35.8888333,7.5,2022-07-06 00:25:00.800000+00:00,1,blue,1
1656541323479,"14 km NW of Chignik Lagoon, Alaska",reviewed,0,56,earthquake,1.9, Alaska,-158.7028,56.4021,91.7,2022-06-29 22:22:03.479000+00:00,0,red,0
1685434959160,"7km NW of The Geysers, CA",automatic,0,10,earthquake,0.81,California,-122.8225021,38.8198318,2.41,2023-05-30 08:22:39.160000+00:00,1,blue,1
1674072176830,"89 km W of Adak, Alaska",reviewed,0,11,earthquake,0.86, Alaska,-177.929666666667,51.8963333333333,6.67,2023-01-18 20:02:56.830000+00:00,1,blue,1
1663667153609,"19 km N of Four Mile Road, Alaska",reviewed,0,22,earthquake,1.2, Alaska,-149.1746,64.7728,13.7,2022-09-20 09:45:53.609000+00:00,1,blue,1
1649434892959,"Rat Islands, Aleutian Islands, Alaska",reviewed,0,19,earthquake,1.1, Aleutian Islands,178.4451,51.9496,3.3,2022-04-08 16:21:32.959000+00:00,1,blue,1
1651697603990,"2 km NW of Fuig, Puerto Rico",reviewed,0,42,earthquake,1.65, Puerto Rico,-66.9301666666667,18.0066666666667,7.95,2022-05-04 20:53:23.990000+00:00,1,blue,1
1651302134621,"24 km NNW of Susitna, Alaska",reviewed,0,30,earthquake,1.4, Alaska,-150.6303,61.7546,63.3,2022-04-30 07:02:14.621000+00:00,0,red,0
1672317998090,"12 km SE of P?hala, Hawaii",automatic,0,60,earthquake,1.97000003, Hawaii,-155.39533996582,19.1168327331543,28.9500007629395,2022-12-29 12:46:38.090000+00:00,0,red,0
1677787235822,"46 km W of Lake Minchumina, Alaska",reviewed,0,81,earthquake,2.3, Alaska,-153.2461,63.8467,10.7,2023-03-02 20:00:35.822000+00:00,0,red,0
1673896132429,"45 km NE of Port-Olry, Vanuatu",reviewed,0,284,earthquake,4.3, Vanuatu,167.3973,-14.773,130.921,2023-01-16 19:08:52.429000+00:00,2,green,2
1672828925410,"6km ENE of San Miguel, CA",reviewed,0,53,earthquake,1.85,California,-120.6303333,35.7748333,7.23,2023-01-04 10:42:05.410000+00:00,0,red,0
1647003211664,"13 km NNW of Sterling, Alaska",reviewed,0,39,earthquake,1.6, Alaska,-150.8971,60.6351,44.2,2022-03-11 12:53:31.664000+00:00,0,red,0
1660392114322,"45 km SE of King Cove, Alaska",reviewed,0,30,earthquake,1.4, Alaska,-161.88,54.738,20.9,2022-08-13 12:01:54.322000+00:00,1,blue,1
1687057958757,"21 km W of Petersville, Alaska",reviewed,0,15,earthquake,1.0, Alaska,-151.1871,62.4784,80.1,2023-06-18 03:12:38.757000+00:00,1,red,0
1647427061200,"10km WNW of The Geysers, CA",reviewed,0,5,earthquake,0.58,California,-122.855,38.8278333,2.37,2022-03-16 10:37:41.200000+00:00,1,blue,1
1664521650921,"48 km SW of Nanwalek, Alaska",reviewed,0,44,earthquake,1.7, Alaska,-152.5494,59.0601,61.2,2022-09-30 07:07:30.921000+00:00,0,red,0
1664419610455,"62 km S of Shungnak, Alaska",reviewed,0,26,earthquake,1.3, Alaska,-157.1706,66.3265,22.1,2022-09-29 02:46:50.455000+00:00,1,blue,1
1685819782792,"60 km ENE of Cantwell, Alaska",reviewed,0,15,earthquake,1.0, Alaska,-147.7698,63.5185,16.7,2023-06-03 19:16:22.792000+00:00,1,blue,1
1678265447960,"104 km W of Adak, Alaska",reviewed,0,31,earthquake,1.41, Alaska,-178.150333333333,51.8736666666667,3.68,2023-03-08 08:50:47.960000+00:00,1,blue,1
1669022181770,"85 km NNW of Karluk, Alaska",reviewed,0,1,earthquake,0.23, Alaska,-155.107833333333,58.2565,3.82,2022-11-21 09:16:21.770000+00:00,1,blue,1
1668424078640,"7 km SW of Corinne, Utah",reviewed,0,23,earthquake,1.23, Utah,-112.1775,41.5105,5.94,2022-11-14 11:07:58.640000+00:00,1,blue,1
1661562926758,"83 km NNW of Karluk, Alaska",reviewed,0,15,earthquake,1.0, Alaska,-155.0865,58.2358,12.1,2022-08-27 01:15:26.758000+00:00,1,blue,1
1686915839969,"9 km SW of El Reno, Oklahoma",reviewed,0,55,earthquake,1.89, Oklahoma,-98.0285,35.47383333,5.58,2023-06-16 11:43:59.969000+00:00,0,red,0
1644021393282,"172 km S of Adak, Alaska",reviewed,0,121,earthquake,2.8, Alaska,-176.2263,50.345,10.0,2022-02-05 00:36:33.282000+00:00,0,red,0
1643038830978,"Pagan region, Northern Mariana Islands",reviewed,0,284,earthquake,4.3, Northern Mariana Islands,145.6351,18.8677,231.87,2022-01-24 15:40:30.978000+00:00,2,green,2
1664573012430,"9 km SW of Nile, Washington",reviewed,0,5,earthquake,0.55, Washington,-121.02333333333333,46.75383333333333,0.31,2022-09-30 21:23:32.430000+00:00,1,blue,1
1644921462470,"8 km ENE of P?hala, Hawaii",automatic,0,78,earthquake,2.25, Hawaii,-155.401336669922,19.2256660461426,32.0499992370605,2022-02-15 10:37:42.470000+00:00,0,red,0
1659801188410,"1 km WSW of P?hala, Hawaii",automatic,0,54,earthquake,1.87, Hawaii,-155.493499755859,19.19700050354,33.7799987792969,2022-08-06 15:53:08.410000+00:00,0,red,0
1676525615543,"57 km ESE of Pedro Bay, Alaska",reviewed,0,50,earthquake,1.8, Alaska,-153.1098,59.6601,104.2,2023-02-16 05:33:35.543000+00:00,0,red,0
1689235529230,"3km SSE of Aguanga, CA",reviewed,0,2,earthquake,0.38,California,-116.8573333,33.418,14.15,2023-07-13 08:05:29.230000+00:00,1,blue,1
1652979486811,"29 km SSE of False Pass, Alaska",reviewed,0,39,earthquake,1.6, Alaska,-163.2975,54.6001,11.9,2022-05-19 16:58:06.811000+00:00,1,blue,1
1677781953320,"36 km E of Port Heiden, Alaska",reviewed,0,44,earthquake,1.69, Alaska,-158.0355,56.907,2.17,2023-03-02 18:32:33.320000+00:00,1,blue,1
1676609152273,"43 km SE of Ikungi, Tanzania",reviewed,0,298,earthquake,4.4, Tanzania,34.9896,-5.4548,10.0,2023-02-17 04:45:52.273000+00:00,2,green,2
1686412819422,"9 km NW of Trapper Creek, Alaska",reviewed,0,26,earthquake,1.3, Alaska,-150.3811,62.3727,66.7,2023-06-10 16:00:19.422000+00:00,0,red,0
1674868296960,"5km NNW of The Geysers, CA",automatic,0,12,earthquake,0.88,California,-122.7853317,38.8143349,1.48,2023-01-28 01:11:36.960000+00:00,1,blue,1
1682850044455,"92 km ESE of Akutan, Alaska",reviewed,0,148,earthquake,3.1, Alaska,-164.407,53.927,34.423,2023-04-30 10:20:44.455000+00:00,0,red,0
1667171834763,"21 km WSW of Coyanosa, Texas",reviewed,0,62,earthquake,2.0, Texas,-103.2631282,31.15227937,2.17253418,2022-10-30 23:17:14.763000+00:00,0,red,0
1683268021060,"7 km SW of Volcano, Hawaii",reviewed,0,63,earthquake,2.02, Hawaii,-155.276833333333,19.393,1.61,2023-05-05 06:27:01.060000+00:00,0,red,0
1670701082270,"4 km SW of Volcano, Hawaii",automatic,0,56,earthquake,1.90999997, Hawaii,-155.265838623047,19.4185009002686,0.419999986886978,2022-12-10 19:38:02.270000+00:00,0,red,0
1647231809694,"45 km W of Nanwalek, Alaska",reviewed,0,39,earthquake,1.6, Alaska,-152.7212,59.391,74.6,2022-03-14 04:23:29.694000+00:00,0,red,0
1684102759990,Idaho-Montana border region,reviewed,0,22,earthquake,1.2,Idaho-Montana border region,-113.0325,44.8045,3.81,2023-05-14 22:19:19.990000+00:00,1,blue,1
1673314484529,Nevada,reviewed,0,8,earthquake,0.7,Nevada,-117.8826,38.1622,10.2,2023-01-10 01:34:44.529000+00:00,1,blue,1
1651651919610,"12km NE of Coso Junction, CA",reviewed,0,10,earthquake,0.79,California,-117.8546667,36.1245,5.12,2022-05-04 08:11:59.610000+00:00,1,blue,1
1646910252002,"67 km S of Cantwell, Alaska",reviewed,0,19,earthquake,1.1, Alaska,-148.7998,62.7919,12.0,2022-03-10 11:04:12.002000+00:00,1,blue,1
1687692596428,"40 km S of Skwentna, Alaska",reviewed,0,68,earthquake,2.1, Alaska,-151.5026,61.6269,84.5,2023-06-25 11:29:56.428000+00:00,0,red,0
1649515996057,"52 km W of Anchor Point, Alaska",reviewed,0,30,earthquake,1.4, Alaska,-152.75,59.6941,75.8,2022-04-09 14:53:16.057000+00:00,0,red,0
1646205727490,"4km W of San Juan Bautista, CA",reviewed,0,40,earthquake,1.62,California,-121.582,36.8488333,5.97,2022-03-02 07:22:07.490000+00:00,1,blue,1
1687946438025,"252 km W of Adak, Alaska",reviewed,0,121,earthquake,2.8, Alaska,179.6999,51.9116,196.133,2023-06-28 10:00:38.025000+00:00,0,red,0
1689216188460,"9km S of Idyllwild, CA",reviewed,0,8,earthquake,0.74,California,-116.7135,33.659,13.4,2023-07-13 02:43:08.460000+00:00,1,blue,1
1682860850890,"64 km N of Petersville, Alaska",reviewed,0,22,earthquake,1.2, Alaska,-150.9684,63.0658,127.9,2023-04-30 13:20:50.890000+00:00,0,red,0
1652352028758,"75 km SSW of Nikolski, Alaska",reviewed,0,148,earthquake,3.1, Alaska,-169.1059,52.2808,23.68,2022-05-12 10:40:28.758000+00:00,0,red,0
1681352509000,"2km NW of The Geysers, CA",automatic,0,11,earthquake,0.85,California,-122.767334,38.788166,3.15,2023-04-13 02:21:49+00:00,1,blue,1
1649073741250,"4 km W of Benton City, Washington",reviewed,0,6,earthquake,0.63, Washington,-119.54933333333334,46.25483333333333,7.09,2022-04-04 12:02:21.250000+00:00,1,blue,1
1688257643813,"36 km SE of Mina, Nevada",reviewed,0,35,earthquake,1.5, Nevada,-117.7941,38.1736,10.3,2023-07-02 00:27:23.813000+00:00,1,blue,1
1663591205070,"23 km SSW of Mammoth, Wyoming",reviewed,0,4,earthquake,0.52, Wyoming,-110.808,44.7791667,3.66,2022-09-19 12:40:05.070000+00:00,1,blue,1
1687833885752,"20 km NNW of Fox River, Alaska",reviewed,0,74,earthquake,2.2, Alaska,-151.1181,60.027,43.7,2023-06-27 02:44:45.752000+00:00,0,red,0
1645437978256,"241 km SE of Chiniak, Alaska",reviewed,0,284,earthquake,4.3, Alaska,-149.2156,56.2342,10.0,2022-02-21 10:06:18.256000+00:00,2,green,2
1676295043460,"13km W of Toms Place, CA",reviewed,0,31,earthquake,1.41,California,-118.8228333,37.5671667,5.52,2023-02-13 13:30:43.460000+00:00,1,blue,1
1674036494166,"12 km S of Khowy, Iran",reviewed,0,661,earthquake,5.7, Iran,44.9458,38.4334,19.102,2023-01-18 10:08:14.166000+00:00,2,green,2
1680619409285,"116 km E of Gigmoto, Philippines",reviewed,0,340,earthquake,4.7, Philippines,125.47,13.7291,10.0,2023-04-04 14:43:29.285000+00:00,2,green,2
1652739176010,"20 km SE of Pedro Bay, Alaska",reviewed,0,89,earthquake,2.4, Alaska,-153.8478,59.6554,143.1,2022-05-16 22:12:56.010000+00:00,0,red,0
1677343933450,"7km W of Cobb, CA",reviewed,0,2,earthquake,0.34,California,-122.8031667,38.8311667,1.98,2023-02-25 16:52:13.450000+00:00,1,blue,1
1657642188325,"86 km SE of King Cove, Alaska",reviewed,0,222,earthquake,3.8, Alaska,-161.4835,54.449,35.0,2022-07-12 16:09:48.325000+00:00,2,green,2
1645137879260,"13km WSW of Delta, B.C., MX",reviewed,0,95,earthquake,2.48, B.C.,-115.3145,32.2958333,19.0,2022-02-17 22:44:39.260000+00:00,0,red,0
1647366194020,"6km NNW of The Geysers, CA",reviewed,0,25,earthquake,1.27,California,-122.7908333,38.8208333,1.3,2022-03-15 17:43:14.020000+00:00,1,blue,1
1653020679430,"14km ESE of Anza, CA",reviewed,0,3,earthquake,0.42,California,-116.5216667,33.5221667,12.34,2022-05-20 04:24:39.430000+00:00,1,blue,1
1644207539190,"2km SSW of Cobb, CA",reviewed,0,94,earthquake,2.47,California,-122.7366667,38.8026667,2.1,2022-02-07 04:18:59.190000+00:00,0,red,0
1683577226797,"41 km NNE of Petersville, Alaska",reviewed,0,19,earthquake,1.1, Alaska,-150.4956,62.8471,82.6,2023-05-08 20:20:26.797000+00:00,0,red,0
1685342306380,southern Idaho,reviewed,0,50,earthquake,1.8,southern Idaho,-115.178333333333,44.3338333333333,7.83,2023-05-29 06:38:26.380000+00:00,0,red,0
1670030500640,"8 km ESE of P?r?n, Afghanistan",reviewed,0,284,earthquake,4.3, Afghanistan,71.0115,35.4013,97.436,2022-12-03 01:21:40.640000+00:00,2,green,2
1681239210780,"4 km W of Fuig, Puerto Rico",reviewed,0,78,earthquake,2.25, Puerto Rico,-66.96,17.9901666666667,5.92,2023-04-11 18:53:30.780000+00:00,0,red,0
1682315130044,"13 km NNW of Virginia City, Nevada",reviewed,0,1,earthquake,0.3, Nevada,-119.7252,39.4111,8.8,2023-04-24 05:45:30.044000+00:00,1,blue,1
1666842012210,"22km NNE of Pinnacles, CA",reviewed,0,41,earthquake,1.63,California,-121.0296667,36.706,13.32,2022-10-27 03:40:12.210000+00:00,0,red,0
1678989115379,"116 km ESE of Nikolski, Alaska",reviewed,0,81,earthquake,2.3, Alaska,-167.3502,52.4287,22.0,2023-03-16 17:51:55.379000+00:00,0,red,0
1660235050700,"16km ESE of Anza, CA",reviewed,0,4,earthquake,0.53,California,-116.5165,33.4881667,12.37,2022-08-11 16:24:10.700000+00:00,1,blue,1
1681462421620,"17 km SE of Kasilof, Alaska",reviewed,0,35,earthquake,1.5, Alaska,-151.0444,60.229,60.2,2023-04-14 08:53:41.620000+00:00,0,red,0
1672143843113,"54 km NW of Ninilchik, Alaska",reviewed,0,81,earthquake,2.3, Alaska,-152.4055,60.3778,97.0,2022-12-27 12:24:03.113000+00:00,0,red,0
1655322994360,"7km SSW of Idyllwild, CA",reviewed,0,5,earthquake,0.55,California,-116.7423333,33.6808333,14.52,2022-06-15 19:56:34.360000+00:00,1,blue,1
1671850465481,"32 km NW of Willow, Alaska",reviewed,0,50,earthquake,1.8, Alaska,-150.4965,61.9412,53.6,2022-12-24 02:54:25.481000+00:00,0,red,0
1682719565780,"10km NW of Parkfield, CA",reviewed,0,11,earthquake,0.83,California,-120.5108333,35.957,8.95,2023-04-28 22:06:05.780000+00:00,1,blue,1
1689493821862,"90 km SSW of Sand Point, Alaska",reviewed,0,68,earthquake,2.1, Alaska,-161.0657,54.5937,6.4,2023-07-16 07:50:21.862000+00:00,0,red,0
1688785379159,"25 km WNW of Susitna, Alaska",reviewed,0,30,earthquake,1.4, Alaska,-150.9434,61.6534,60.8,2023-07-08 03:02:59.159000+00:00,0,red,0
1668392994577,northern Alaska,reviewed,0,35,earthquake,1.5,northern Alaska,-159.0466,67.9598,2.1,2022-11-14 02:29:54.577000+00:00,1,blue,1
1678671189830,"89 km W of Adak, Alaska",reviewed,0,21,earthquake,1.17, Alaska,-177.926166666667,51.8616666666667,6.64,2023-03-13 01:33:09.830000+00:00,1,blue,1
1667719278266,Tonga,reviewed,0,259,earthquake,4.1,Tonga,-175.6363,-18.9945,220.751,2022-11-06 07:21:18.266000+00:00,2,green,2
1647949647730,"64 km W of Stella, Puerto Rico",reviewed,0,149,earthquake,3.11, Puerto Rico,-67.848,18.2125,2.15,2022-03-22 11:47:27.730000+00:00,0,red,0
1688976780840,"2km NNW of The Geysers, CA",automatic,0,9,earthquake,0.78,California,-122.760498,38.7916679,2.15,2023-07-10 08:13:00.840000+00:00,1,blue,1
1684740728120,"10km SW of Morongo Valley, CA",reviewed,0,9,earthquake,0.75,California,-116.6573333,33.9815,17.89,2023-05-22 07:32:08.120000+00:00,1,blue,1
1675481821405,"69 km E of Denali National Park, Alaska",reviewed,0,12,earthquake,0.9, Alaska,-150.3563,63.4403,4.7,2023-02-04 03:37:01.405000+00:00,1,blue,1
1678266222800,"7km W of Cobb, CA",automatic,0,19,earthquake,1.1,California,-122.7998352,38.8325005,2.02,2023-03-08 09:03:42.800000+00:00,1,blue,1
1658527861623,"32 km SSE of Funny River, Alaska",reviewed,0,19,earthquake,1.1, Alaska,-150.5182,60.2354,49.9,2022-07-22 22:11:01.623000+00:00,1,blue,1
1680870702895,Kermadec Islands region,reviewed,0,271,earthquake,4.2,Kermadec Islands region,-177.631,-28.5132,10.0,2023-04-07 12:31:42.895000+00:00,2,green,2
1669210048124,"132 km SSW of Srandakan, Indonesia",reviewed,0,340,earthquake,4.7, Indonesia,109.8346,-9.062,31.975,2022-11-23 13:27:28.124000+00:00,2,green,2
1643947426320,"102 km ESE of Atka, Alaska",reviewed,0,158,earthquake,3.2, Alaska,-172.7863,51.9092,35.0,2022-02-04 04:03:46.320000+00:00,0,red,0
1650739786644,"71 km ESE of Denali National Park, Alaska",reviewed,0,39,earthquake,1.6, Alaska,-150.4144,63.2889,115.0,2022-04-23 18:49:46.644000+00:00,0,red,0
1679737542032,"19 km SSE of Dyer, Nevada",reviewed,0,10,earthquake,0.8, Nevada,-117.952,37.5178,1.5,2023-03-25 09:45:42.032000+00:00,1,blue,1
1651292642310,"15km SSW of Searles Valley, CA",reviewed,0,12,earthquake,0.88,California,-117.4538333,35.6386667,7.32,2022-04-30 04:24:02.310000+00:00,1,blue,1
1676564981580,"6km WNW of Cobb, CA",automatic,0,8,earthquake,0.73,California,-122.7921677,38.8338318,1.65,2023-02-16 16:29:41.580000+00:00,1,blue,1
1653671920785,"208 km SE of Perryville, Alaska",reviewed,0,199,earthquake,3.6, Alaska,-156.7805,54.6179,24.9,2022-05-27 17:18:40.785000+00:00,2,green,2
1668902527020,"6km SSW of Chino Hills, CA",reviewed,0,36,earthquake,1.52,California,-117.7916667,33.9518333,9.33,2022-11-20 00:02:07.020000+00:00,1,blue,1
1672670116180,"3km W of Cobb, CA",automatic,0,9,earthquake,0.75,California,-122.7591629,38.8183327,1.88,2023-01-02 14:35:16.180000+00:00,1,blue,1
1688395396500,"4km N of Big Bear City, CA",automatic,0,38,earthquake,1.58,California,-116.8373333,34.2941667,5.72,2023-07-03 14:43:16.500000+00:00,1,blue,1
1678916959780,"Andreanof Islands, Aleutian Islands, Alaska",reviewed,0,32,earthquake,1.44, Aleutian Islands,-178.095833333333,51.8525,3.04,2023-03-15 21:49:19.780000+00:00,1,blue,1
1678648477094,"6 km WNW of Skwentna, Alaska",reviewed,0,26,earthquake,1.3, Alaska,-151.5198,62.0073,79.0,2023-03-12 19:14:37.094000+00:00,0,red,0
1661683501240,"55 km WNW of Happy Valley, Alaska",reviewed,0,19,earthquake,1.1, Alaska,-152.6986,60.059,98.0,2022-08-28 10:45:01.240000+00:00,0,red,0
1681603708360,"6km NW of The Geysers, CA",automatic,0,20,earthquake,1.13,California,-122.8061676,38.8170013,1.61,2023-04-16 00:08:28.360000+00:00,1,blue,1
1679000323400,"11km SE of Pinnacles, CA",reviewed,0,70,earthquake,2.13,California,-121.0435,36.4701667,3.37,2023-03-16 20:58:43.400000+00:00,0,red,0
1663635148600,"100 km SSE of Sand Point, Alaska",reviewed,0,39,earthquake,1.6, Alaska,-159.8299,54.5236,10.7,2022-09-20 00:52:28.600000+00:00,1,blue,1
1647196917990,"5km W of Cobb, CA",automatic,0,11,earthquake,0.84,California,-122.7789993,38.8203316,2.09,2022-03-13 18:41:57.990000+00:00,1,blue,1
1664601670910,"38 km NNE of Amboy, Washington",reviewed,0,1,earthquake,0.29, Washington,-122.1925,46.2075,7.06,2022-10-01 05:21:10.910000+00:00,1,blue,1
1683435835173,"170 km NNW of Diomede, Alaska",reviewed,0,129,earthquake,2.9, Alaska,-170.247,67.1948,22.5,2023-05-07 05:03:55.173000+00:00,0,red,0
1642010287440,"10km NW of The Geysers, CA",automatic,0,11,earthquake,0.86,California,-122.8508301,38.8273315,1.18,2022-01-12 17:58:07.440000+00:00,1,blue,1
1657483507166,"13 km NE of Healy, Alaska",reviewed,0,12,earthquake,0.9, Alaska,-148.7971,63.9501,115.7,2022-07-10 20:05:07.166000+00:00,0,red,0
1657891712692,"90 km ESE of Egegik, Alaska",reviewed,0,30,earthquake,1.4, Alaska,-155.9098,57.9668,118.3,2022-07-15 13:28:32.692000+00:00,0,red,0
1653913808260,"3 km SSW of Indios, Puerto Rico",reviewed,0,92,earthquake,2.45, Puerto Rico,-66.8375,17.9676666666667,15.21,2022-05-30 12:30:08.260000+00:00,0,red,0
1678241483489,"6 km SSW of Tishomingo, Oklahoma",reviewed,0,34,earthquake,1.49, Oklahoma,-96.70116667,34.17733333,11.97,2023-03-08 02:11:23.489000+00:00,1,blue,1
1647692782686,"9 km WNW of Viola, Kansas",reviewed,0,105,earthquake,2.6, Kansas,-97.744,37.522,5.0,2022-03-19 12:26:22.686000+00:00,0,red,0
1662811449511,south of Tonga,reviewed,0,271,earthquake,4.2,south of Tonga,-174.7454,-25.3298,10.0,2022-09-10 12:04:09.511000+00:00,2,green,2
1676045581740,"85 km NNW of Karluk, Alaska",reviewed,0,3,earthquake,0.44, Alaska,-154.910333333333,58.2988333333333,5.71,2023-02-10 16:13:01.740000+00:00,1,blue,1
1666544085184,"80 km SE of Nikolski, Alaska",reviewed,0,44,earthquake,1.7, Alaska,-167.9092,52.4973,16.1,2022-10-23 16:54:45.184000+00:00,0,red,0
1685601576400,"4 km SW of Pāhala, Hawaii",automatic,0,63,earthquake,2.01999998, Hawaii,-155.504501342773,19.1681671142578,33.7299995422363,2023-06-01 06:39:36.400000+00:00,0,red,0
1670106648833,"98 km SSE of Sand Point, Alaska",reviewed,0,112,earthquake,2.7, Alaska,-159.6601,54.5936,29.262,2022-12-03 22:30:48.833000+00:00,0,red,0
1678701515127,"100 km W of Adak, Alaska",reviewed,0,68,earthquake,2.1, Alaska,-178.0921,51.8621,5.6,2023-03-13 09:58:35.127000+00:00,0,red,0
1662942281770,"6 km ENE of Jefferson, Oklahoma",reviewed,0,11,earthquake,0.85, Oklahoma,-97.72,36.74233333,6.21,2022-09-12 00:24:41.770000+00:00,1,blue,1
1646217274700,"5 km S of P?hala, Hawaii",automatic,0,69,earthquake,2.11999989, Hawaii,-155.477828979492,19.1574993133545,34.5999984741211,2022-03-02 10:34:34.700000+00:00,0,red,0
1677735305014,"58 km S of Whites City, New Mexico",reviewed,0,62,earthquake,2.0, New Mexico,-104.298115,31.6546837,7.828295898,2023-03-02 05:35:05.014000+00:00,0,red,0
1664066308870,"4 km SSE of Dover, Oklahoma",reviewed,0,39,earthquake,1.6, Oklahoma,-97.88733333,35.94166667,4.98,2022-09-25 00:38:28.870000+00:00,1,blue,1
1681330829260,"10km S of Idyllwild, CA",reviewed,0,10,earthquake,0.79,California,-116.6996667,33.6493333,13.73,2023-04-12 20:20:29.260000+00:00,1,blue,1
1686251632313,"127 km SE of Chignik, Alaska",reviewed,0,104,earthquake,2.6, Alaska,-157.1478,55.3942,12.2,2023-06-08 19:13:52.313000+00:00,0,red,0
1687321899424,"9 km S of Gardendale, Texas",reviewed,0,74,earthquake,2.2, Texas,-102.3614949,31.94000244,6.920694987,2023-06-21 04:31:39.424000+00:00,0,red,0
1679798545620,"100 km W of Adak, Alaska",reviewed,0,21,earthquake,1.18, Alaska,-178.086666666667,51.8611666666667,2.56,2023-03-26 02:42:25.620000+00:00,1,blue,1
1666333679383,"12 km SSE of Dayton, Nevada",reviewed,0,1,earthquake,0.3, Nevada,-119.519,39.1454,5.2,2022-10-21 06:27:59.383000+00:00,1,blue,1
1644835795046,"40 km ESE of Mud Bay, Alaska",reviewed,0,44,earthquake,1.7, Alaska,-134.7201,59.013,5.2,2022-02-14 10:49:55.046000+00:00,0,red,0
1688112370369,"48 km WNW of Ninilchik, Alaska",reviewed,0,26,earthquake,1.3, Alaska,-152.4871,60.1897,93.1,2023-06-30 08:06:10.369000+00:00,0,red,0
1651026237495,"102 km SE of Nikolski, Alaska",reviewed,0,56,earthquake,1.9, Alaska,-167.7272,52.3273,13.7,2022-04-27 02:23:57.495000+00:00,0,red,0
1688179838430,"85 km NNW of Karluk, Alaska",reviewed,0,0,earthquake,0.14, Alaska,-155.146333333333,58.2456666666667,3.49,2023-07-01 02:50:38.430000+00:00,1,blue,1
1673717441050,"2km WNW of Beaumont, CA",reviewed,0,18,earthquake,1.08,California,-116.9996667,33.935,16.55,2023-01-14 17:30:41.050000+00:00,1,blue,1
1648589232185,"45 km W of Adak, Alaska",reviewed,0,112,earthquake,2.7, Alaska,-177.281,51.806,134.68,2022-03-29 21:27:12.185000+00:00,0,red,0
1648558778500,"18 km NE of West Yellowstone, Montana",reviewed,0,1,earthquake,0.29, Montana,-110.9143333,44.76,8.58,2022-03-29 12:59:38.500000+00:00,1,blue,1
1644368070172,"9 km SW of Hope, Alaska",reviewed,0,26,earthquake,1.3, Alaska,-149.7448,60.8486,32.3,2022-02-09 00:54:30.172000+00:00,1,blue,1
1671868296582,Kuril Islands,reviewed,0,298,earthquake,4.4,Kuril Islands,152.0333,47.0879,90.289,2022-12-24 07:51:36.582000+00:00,2,green,2
1646346954870,"2 km NE of La Parguera, Puerto Rico",reviewed,0,66,earthquake,2.07, Puerto Rico,-67.0303333333333,17.9865,4.54,2022-03-03 22:35:54.870000+00:00,0,red,0
1684100629463,"227 km SSE of Port Blair, India",reviewed,0,246,earthquake,4.0, India,93.5283,9.7587,9.846,2023-05-14 21:43:49.463000+00:00,2,green,2
1646995556670,"5km WNW of Walker, CA",reviewed,0,89,earthquake,2.4,California,-119.5293333,38.53,4.79,2022-03-11 10:45:56.670000+00:00,0,red,0
1660611652418,"80 km ENE of Ouzinkie, Alaska",reviewed,0,30,earthquake,1.4, Alaska,-151.3322,58.2973,10.5,2022-08-16 01:00:52.418000+00:00,1,blue,1
1664797903953,"121 km WNW of Arctic Village, Alaska",reviewed,0,19,earthquake,1.1, Alaska,-148.1355,68.6397,2.7,2022-10-03 11:51:43.953000+00:00,1,blue,1
1656578651325,"14 km SE of Chickaloon, Alaska",reviewed,0,12,earthquake,0.9, Alaska,-148.2306,61.7229,13.7,2022-06-30 08:44:11.325000+00:00,1,blue,1
1651437690840,"6km NW of The Geysers, CA",automatic,0,2,earthquake,0.35,California,-122.802002,38.8224983,2.37,2022-05-01 20:41:30.840000+00:00,1,blue,1
1646944783533,"221 km W of Adak, Alaska",reviewed,0,62,earthquake,2.0, Alaska,-179.8185,51.6146,71.1,2022-03-10 20:39:43.533000+00:00,0,red,0
1663824812800,"55 km WNW of Skwentna, Alaska",reviewed,0,30,earthquake,1.4, Alaska,-152.3335,62.2338,114.2,2022-09-22 05:33:32.800000+00:00,0,red,0
1681749042297,"7 km N of Segundo, Colorado",reviewed,0,68,earthquake,2.1, Colorado,-104.7447,37.1933,5.0,2023-04-17 16:30:42.297000+00:00,0,red,0
1648363303110,"7km NW of The Geysers, CA",automatic,0,22,earthquake,1.19,California,-122.8016663,38.8248329,2.47,2022-03-27 06:41:43.110000+00:00,1,blue,1
1646449968210,"35 km E of Beatty, Nevada",reviewed,0,2,earthquake,0.4, Nevada,-116.3616,36.9008,11.4,2022-03-05 03:12:48.210000+00:00,1,blue,1
1667015288664,"8 km ENE of Point MacKenzie, Alaska",reviewed,0,22,earthquake,1.2, Alaska,-149.8428,61.4009,32.2,2022-10-29 03:48:08.664000+00:00,1,blue,1
1683508940870,Washington-Oregon border region,reviewed,0,11,earthquake,0.85,Washington-Oregon border region,-121.8145,45.36566666666667,4.92,2023-05-08 01:22:20.870000+00:00,1,blue,1
1642290773000,"2 km S of P?hala, Hawaii",automatic,0,44,earthquake,1.70000005, Hawaii,-155.479995727539,19.1828327178955,37.439998626709,2022-01-15 23:52:53+00:00,0,red,0
1677800561550,"6km WNW of Cobb, CA",automatic,0,2,earthquake,0.36,California,-122.7901688,38.8346672,1.59,2023-03-02 23:42:41.550000+00:00,1,blue,1
1650993054910,"5 km SSE of Bertrand, Missouri",reviewed,0,46,earthquake,1.73, Missouri,-89.4208333,36.8663333,9.49,2022-04-26 17:10:54.910000+00:00,0,red,0
1650900902603,"196 km ENE of Kuril’sk, Russia",reviewed,0,284,earthquake,4.3, Russia,150.2384,45.8466,128.35,2022-04-25 15:35:02.603000+00:00,2,green,2
1661469729208,"14 km NNE of Ta`?, American Samoa",reviewed,0,211,earthquake,3.7, American Samoa,-169.4694,-14.1106,10.38,2022-08-25 23:22:09.208000+00:00,2,green,2
1658671582137,"63 km ENE of Chase, Alaska",reviewed,0,19,earthquake,1.1, Alaska,-148.8988,62.5728,59.3,2022-07-24 14:06:22.137000+00:00,1,blue,1
1644565703790,"5km SE of Brentwood, CA",reviewed,0,56,earthquake,1.91,California,-121.6911667,37.891,16.08,2022-02-11 07:48:23.790000+00:00,0,red,0
1643099563830,"35 km E of West Yellowstone, Montana",reviewed,0,19,earthquake,1.11, Montana,-110.6648333,44.6186667,7.01,2022-01-25 08:32:43.830000+00:00,1,blue,1
1663896599737,"54 km W of Anchor Point, Alaska",reviewed,0,39,earthquake,1.6, Alaska,-152.7932,59.7322,80.2,2022-09-23 01:29:59.737000+00:00,0,red,0
1664200884125,Reykjanes Ridge,reviewed,0,340,earthquake,4.7,Reykjanes Ridge,-35.371,54.0164,10.0,2022-09-26 14:01:24.125000+00:00,2,green,2
1653897851650,"11 km SSW of Tallaboa, Puerto Rico",reviewed,0,79,earthquake,2.26, Puerto Rico,-66.762,17.9033333333333,1.52,2022-05-30 08:04:11.650000+00:00,0,red,0
1677555478210,"5km WNW of The Geysers, CA",automatic,0,8,earthquake,0.74,California,-122.8113327,38.8003349,3.28,2023-02-28 03:37:58.210000+00:00,1,blue,1
1656574757552,"32 km NW of Rachel, Nevada",reviewed,0,44,earthquake,1.7, Nevada,-116.0318,37.8253,0.0,2022-06-30 07:39:17.552000+00:00,1,blue,1
1678238020232,"226 km SE of Chiniak, Alaska",reviewed,0,112,earthquake,2.7, Alaska,-149.6477,56.1755,16.107,2023-03-08 01:13:40.232000+00:00,0,red,0
1653363476037,"32 km W of Happy Valley, Alaska",reviewed,0,81,earthquake,2.3, Alaska,-152.3134,59.9662,71.2,2022-05-24 03:37:56.037000+00:00,0,red,0
1664978354313,Southern Alaska,reviewed,0,62,earthquake,2.0,Southern Alaska,-153.1179,59.9465,126.2,2022-10-05 13:59:14.313000+00:00,0,red,0
1684952935846,"169 km WSW of Lebu, Chile",reviewed,0,298,earthquake,4.4, Chile,-75.3185,-38.3835,9.758,2023-05-24 18:28:55.846000+00:00,2,green,2
1686488146411,"32 km SW of Petersville, Alaska",reviewed,0,39,earthquake,1.6, Alaska,-151.1114,62.258,67.9,2023-06-11 12:55:46.411000+00:00,0,red,0
1682352326068,"104 km NNW of Yakutat, Alaska",reviewed,0,19,earthquake,1.1, Alaska,-140.6016,60.3798,3.8,2023-04-24 16:05:26.068000+00:00,1,blue,1
1646136643250,"3km NW of Palomar Observatory, CA",reviewed,0,14,earthquake,0.94,California,-116.8813333,33.3758333,6.24,2022-03-01 12:10:43.250000+00:00,1,blue,1
1668862496770,"Andreanof Islands, Aleutian Islands, Alaska",reviewed,0,25,earthquake,1.28, Aleutian Islands,-177.996833333333,51.8536666666667,2.41,2022-11-19 12:54:56.770000+00:00,1,blue,1
1653881466440,"7km NW of Fillmore, CA",reviewed,0,43,earthquake,1.67,California,-118.972,34.4445,1.96,2022-05-30 03:31:06.440000+00:00,1,blue,1
1648450568010,"7 km SE of Maria Antonia, Puerto Rico",reviewed,0,98,earthquake,2.52, Puerto Rico,-66.8506666666667,17.9241666666667,12.11,2022-03-28 06:56:08.010000+00:00,0,red,0
1662150279797,"15 km NNE of ?hara, Japan",reviewed,0,314,earthquake,4.5, Japan,140.4709,35.3721,24.65,2022-09-02 20:24:39.797000+00:00,2,green,2
1664436339510,"51 km SW of Skwentna, Alaska",reviewed,0,89,earthquake,2.4, Alaska,-152.035,61.6454,99.7,2022-09-29 07:25:39.510000+00:00,0,red,0
1687798966442,"197 km WSW of Adak, Alaska",reviewed,0,56,earthquake,1.9, Alaska,-179.3259,51.3025,35.2,2023-06-26 17:02:46.442000+00:00,0,red,0
1648947697839,"19 km S of Weston, Colorado",reviewed,0,89,earthquake,2.4, Colorado,-104.8501,36.9529,5.0,2022-04-03 01:01:37.839000+00:00,0,red,0
1652431598978,"37 km SE of Mina, Nevada",reviewed,0,26,earthquake,1.3, Nevada,-117.7679,38.1869,10.3,2022-05-13 08:46:38.978000+00:00,1,blue,1
1677268229170,"8 km WSW of Prosser, Washington",reviewed,0,17,earthquake,1.04, Washington,-119.8685,46.17633333333333,11.13,2023-02-24 19:50:29.170000+00:00,1,blue,1
1682687685470,"11km ESE of Anza, CA",reviewed,0,4,earthquake,0.51,California,-116.5613333,33.5171667,12.2,2023-04-28 13:14:45.470000+00:00,1,blue,1
1675673700011,"28 km NNE of Paxson, Alaska",reviewed,0,12,earthquake,0.9, Alaska,-145.3012,63.3081,7.1,2023-02-06 08:55:00.011000+00:00,1,blue,1
1677367205697,"7 km W of Two Rivers, Alaska",reviewed,0,19,earthquake,1.1, Alaska,-147.1876,64.8757,15.8,2023-02-25 23:20:05.697000+00:00,1,blue,1
1678365895944,"103 km W of Adak, Alaska",reviewed,0,129,earthquake,2.9, Alaska,-178.1418,51.8987,5.0,2023-03-09 12:44:55.944000+00:00,0,red,0
1648576030210,"58 km E of Beatty, Nevada",reviewed,0,4,earthquake,0.5, Nevada,-116.1098,36.9592,6.9,2022-03-29 17:47:10.210000+00:00,1,blue,1
1646289609560,"120 km N of Charlotte Amalie, U.S. Virgin Islands",reviewed,0,250,earthquake,4.03, U.S. Virgin Islands,-64.8691,19.425,18.0,2022-03-03 06:40:09.560000+00:00,2,green,2
1665381397052,Reykjanes Ridge,reviewed,0,326,earthquake,4.6,Reykjanes Ridge,-35.0862,53.8131,10.0,2022-10-10 05:56:37.052000+00:00,2,green,2
1651898640490,"3 km SW of La Parguera, Puerto Rico",reviewed,0,68,earthquake,2.11, Puerto Rico,-67.0695,17.9516666666667,13.61,2022-05-07 04:44:00.490000+00:00,0,red,0
1679358875764,"37 km NW of Stanley, Idaho",reviewed,0,104,earthquake,2.6, Idaho,-115.2531,44.4683,10.0,2023-03-21 00:34:35.764000+00:00,0,red,0
1659018394010,"12km SSW of Searles Valley, CA",reviewed,0,13,earthquake,0.91,California,-117.4691667,35.6711667,10.67,2022-07-28 14:26:34.010000+00:00,1,blue,1
1662508381240,"33 km SSW of Manley Hot Springs, Alaska",reviewed,0,15,earthquake,1.0, Alaska,-150.8118,64.7101,12.0,2022-09-06 23:53:01.240000+00:00,1,blue,1
1681780608660,"100 km W of Adak, Alaska",reviewed,0,38,earthquake,1.58, Alaska,-178.085666666667,51.856,3.13,2023-04-18 01:16:48.660000+00:00,1,blue,1
1652355725558,"75 km ESE of Sand Point, Alaska",reviewed,0,68,earthquake,2.1, Alaska,-159.4037,55.078,6.7,2022-05-12 11:42:05.558000+00:00,0,red,0
1665659794300,"19 km SSW of Mammoth, Wyoming",reviewed,0,3,earthquake,0.42, Wyoming,-110.7971667,44.811,6.4,2022-10-13 11:16:34.300000+00:00,1,blue,1
1681730757693,"46 km S of King Cove, Alaska",reviewed,0,74,earthquake,2.2, Alaska,-162.1954,54.6465,13.2,2023-04-17 11:25:57.693000+00:00,0,red,0
1669797110960,"13km NE of Coachella, CA",reviewed,0,26,earthquake,1.3,California,-116.0778333,33.7676667,2.74,2022-11-30 08:31:50.960000+00:00,1,blue,1
1685863867600,Puerto Rico region,reviewed,0,233,earthquake,3.89,Puerto Rico region,-65.7108,19.5195,102.0,2023-06-04 07:31:07.600000+00:00,2,green,2
1678699112250,"7km WNW of The Geysers, CA",reviewed,0,3,earthquake,0.44,California,-122.8285,38.8125,1.55,2023-03-13 09:18:32.250000+00:00,1,blue,1
1655430340710,"20km ESE of Anza, CA",reviewed,0,11,earthquake,0.86,California,-116.4716667,33.4888333,12.12,2022-06-17 01:45:40.710000+00:00,1,blue,1
1670699744680,"54 km NW of Beluga, Alaska",reviewed,0,5,earthquake,0.57, Alaska,-151.908833333333,61.4285,17.38,2022-12-10 19:15:44.680000+00:00,1,blue,1
1684559262422,"5 km W of Sunrise, Alaska",reviewed,0,96,earthquake,2.5, Alaska,-149.5269,60.8831,25.9,2023-05-20 05:07:42.422000+00:00,0,red,0
1642091730670,"5 km SW of Volcano, Hawaii",reviewed,0,36,earthquake,1.52, Hawaii,-155.272833333333,19.4153333333333,9.58,2022-01-13 16:35:30.670000+00:00,1,blue,1
1656871084709,"16 km SE of Eureka Roadhouse, Alaska",reviewed,0,74,earthquake,2.2, Alaska,-146.9293,61.8483,20.1,2022-07-03 17:58:04.709000+00:00,0,red,0
1671676386580,"4km WNW of Walker, CA",reviewed,0,84,earthquake,2.33,California,-119.5228333,38.526,4.82,2022-12-22 02:33:06.580000+00:00,0,red,0
1647119990003,"55 km S of Whites City, New Mexico",reviewed,0,74,earthquake,2.2, New Mexico,-104.4019126,31.67587921,8.008251953,2022-03-12 21:19:50.003000+00:00,0,red,0
1671272104854,"6 km W of Healy, Alaska",reviewed,0,35,earthquake,1.5, Alaska,-149.0952,63.8672,108.7,2022-12-17 10:15:04.854000+00:00,0,red,0
1682296270658,"Pagan region, Northern Mariana Islands",reviewed,0,246,earthquake,4.0, Northern Mariana Islands,145.6755,18.6467,207.15,2023-04-24 00:31:10.658000+00:00,2,green,2
1676782037935,"1 km SE of Buenavista, Philippines",reviewed,0,369,earthquake,4.9, Philippines,126.1694,9.1028,66.199,2023-02-19 04:47:17.935000+00:00,2,green,2
1674522835528,"61 km WSW of Anaktuvuk Pass, Alaska",reviewed,0,15,earthquake,1.0, Alaska,-153.1645,68.005,3.1,2023-01-24 01:13:55.528000+00:00,1,blue,1
1673844432256,"6 km ESE of Comapa, Guatemala",reviewed,0,392,earthquake,5.0, Guatemala,-89.8596,14.0805,7.997,2023-01-16 04:47:12.256000+00:00,2,green,2
1658193096490,"23 km ENE of Honaunau-Napoopoo, Hawaii",reviewed,0,72,earthquake,2.17, Hawaii,-155.653166666667,19.5316666666667,3.06,2022-07-19 01:11:36.490000+00:00,0,red,0
1679297640190,"35 km E of Port Heiden, Alaska",reviewed,0,13,earthquake,0.91, Alaska,-158.0575,56.9091666666667,3.35,2023-03-20 07:34:00.190000+00:00,1,blue,1
1690480766970,"1 km ESE of Almanor, CA",reviewed,0,136,earthquake,2.9,California,-121.1673333,40.2148333,2.8,2023-07-27 17:59:26.970000+00:00,0,red,0
1682892812594,"26 km NE of Ozernovskiy, Russia",reviewed,0,259,earthquake,4.1, Russia,156.7778,51.6617,150.568,2023-04-30 22:13:32.594000+00:00,2,green,2
1685371994064,"69 km ESE of Nikolski, Alaska",reviewed,0,56,earthquake,1.9, Alaska,-167.8525,52.7918,32.0,2023-05-29 14:53:14.064000+00:00,0,red,0
1644464175183,"59 km N of Finschhafen, Papua New Guinea",reviewed,0,312,earthquake,4.5, Papua New Guinea,147.8482,-6.0176,10.0,2022-02-10 03:36:15.183000+00:00,2,green,2
1650333844370,"62 km ESE of Santiago, Philippines",reviewed,0,312,earthquake,4.5, Philippines,127.1236,7.1588,10.0,2022-04-19 02:04:04.370000+00:00,2,green,2
1646099155840,"2km NNW of The Geysers, CA",automatic,0,3,earthquake,0.45,California,-122.7606659,38.7905006,1.3,2022-03-01 01:45:55.840000+00:00,1,blue,1
1666054108290,"5km NE of Yucaipa, CA",reviewed,0,14,earthquake,0.96,California,-116.9971667,34.0595,8.9,2022-10-18 00:48:28.290000+00:00,1,blue,1
1676641791054,"11 km NNE of Glacier View, Alaska",reviewed,0,22,earthquake,1.2, Alaska,-147.587,61.906,38.9,2023-02-17 13:49:51.054000+00:00,1,blue,1
1649570081280,"8km NW of The Geysers, CA",automatic,0,21,earthquake,1.16,California,-122.8146667,38.8325005,1.93,2022-04-10 05:54:41.280000+00:00,1,blue,1
1661873558804,"71 km ESE of Sand Point, Alaska",reviewed,0,39,earthquake,1.6, Alaska,-159.4666,55.0786,6.7,2022-08-30 15:32:38.804000+00:00,1,blue,1
1650784097958,"16 km WNW of Happy Valley, Alaska",reviewed,0,22,earthquake,1.2, Alaska,-152.0008,60.0137,61.9,2022-04-24 07:08:17.958000+00:00,0,red,0
1680408539590,"2 km SW of Dutch Harbor, Alaska",reviewed,0,9,earthquake,0.76, Alaska,-166.570666666667,53.8761666666667,5.48,2023-04-02 04:08:59.590000+00:00,1,blue,1
1645454852770,"7 km NNE of Garland, Tennessee",reviewed,0,99,earthquake,2.37, Tennessee,-84.0773333,35.9236667,20.13,2022-02-21 14:47:32.770000+00:00,0,red,0
1646522417112,"21 km ESE of Mentasta Lake, Alaska",reviewed,0,15,earthquake,1.0, Alaska,-143.3879,62.8334,6.7,2022-03-05 23:20:17.112000+00:00,1,blue,1
1660294733520,"11km W of Calipatria, CA",reviewed,0,20,earthquake,1.14,California,-115.6283333,33.1413333,9.44,2022-08-12 08:58:53.520000+00:00,1,blue,1
1650092629116,"33 km W of Port Lions, Alaska",reviewed,0,30,earthquake,1.4, Alaska,-153.4438,57.8184,53.6,2022-04-16 07:03:49.116000+00:00,0,red,0
1676417649080,"Fox Islands, Aleutian Islands, Alaska",reviewed,0,17,earthquake,1.05, Aleutian Islands,-166.398666666667,53.8848333333333,7.26,2023-02-14 23:34:09.080000+00:00,1,blue,1
1659177517120,"22km ESE of Little Lake, CA",reviewed,0,14,earthquake,0.95,California,-117.6811667,35.8628333,8.43,2022-07-30 10:38:37.120000+00:00,1,blue,1
1690064575408,"13 km N of Snyder, Texas",reviewed,0,74,earthquake,2.2, Texas,-100.9445265,32.83905029,5.600138346,2023-07-22 22:22:55.408000+00:00,0,red,0
1681262861380,"8km WNW of The Geysers, CA",automatic,0,18,earthquake,1.08,California,-122.8363342,38.8093338,1.03,2023-04-12 01:27:41.380000+00:00,1,blue,1
1687696993188,"Rat Islands, Aleutian Islands, Alaska",reviewed,0,62,earthquake,2.0, Aleutian Islands,178.9794,51.7092,78.6,2023-06-25 12:43:13.188000+00:00,0,red,0
1647453950520,"3 km S of P?hala, Hawaii",automatic,0,74,earthquake,2.2, Hawaii,-155.472671508789,19.1673336029053,35.060001373291,2022-03-16 18:05:50.520000+00:00,0,red,0
1646066410710,"6km WNW of Cobb, CA",reviewed,0,24,earthquake,1.26,California,-122.7901667,38.8345,2.12,2022-02-28 16:40:10.710000+00:00,1,blue,1
1661079737737,"157 km SSW of Akhiok, Alaska",reviewed,0,96,earthquake,2.5, Alaska,-155.5887,55.7685,2.3,2022-08-21 11:02:17.737000+00:00,0,red,0
1679410349970,"99 km W of Adak, Alaska",reviewed,0,47,earthquake,1.74, Alaska,-178.078833333333,51.8531666666667,3.3,2023-03-21 14:52:29.970000+00:00,0,red,0
1682725814868,"125 km S of McCarthy, Alaska",reviewed,0,19,earthquake,1.1, Alaska,-143.1408,60.3105,8.5,2023-04-28 23:50:14.868000+00:00,1,blue,1
1662452254419,"27 km NNE of Fishhook, Alaska",reviewed,0,35,earthquake,1.5, Alaska,-149.1342,61.9833,28.0,2022-09-06 08:17:34.419000+00:00,0,red,0
1671178101971,"181 km SSE of Kuqa, China",reviewed,0,298,earthquake,4.4, China,83.3854,40.121,10.0,2022-12-16 08:08:21.971000+00:00,2,green,2
1659941452900,"19 km WNW of Adak, Alaska",reviewed,0,0,earthquake,0.09, Alaska,-176.904,51.915,13.07,2022-08-08 06:50:52.900000+00:00,1,blue,1
1655794827013,"14 km NE of Chase, Alaska",reviewed,0,19,earthquake,1.1, Alaska,-149.9222,62.5538,15.3,2022-06-21 07:00:27.013000+00:00,1,blue,1
1655914409640,"9 km ENE of P?hala, Hawaii",automatic,0,87,earthquake,2.38, Hawaii,-155.391830444336,19.2298336029053,32.7900009155273,2022-06-22 16:13:29.640000+00:00,0,red,0
1654920888681,"39 km WSW of Mentone, Texas",reviewed,0,81,earthquake,2.3, Texas,-104.0065443,31.62729695,7.905419922,2022-06-11 04:14:48.681000+00:00,0,red,0
1662187554839,"104 km E of McCarthy, Alaska",reviewed,0,26,earthquake,1.3, Alaska,-140.9882,61.3232,0.9,2022-09-03 06:45:54.839000+00:00,1,blue,1
1688166257370,"26 km SSW of Kanosh, Utah",reviewed,0,15,earthquake,1.0, Utah,-112.5895,38.5915,1.13,2023-06-30 23:04:17.370000+00:00,1,blue,1
1641612046547,"123 km ESE of Chignik, Alaska",reviewed,0,158,earthquake,3.2, Alaska,-156.5782,55.8567,22.3,2022-01-08 03:20:46.547000+00:00,0,red,0
1688410200774,"84 km NW of Karluk, Alaska",reviewed,0,19,earthquake,1.1, Alaska,-155.2766,58.1929,3.0,2023-07-03 18:50:00.774000+00:00,1,blue,1
1681371872500,"4km N of The Geysers, CA",automatic,0,7,earthquake,0.69,California,-122.7636642,38.8093338,0.79,2023-04-13 07:44:32.500000+00:00,1,blue,1
1668181678362,"145 km S of Tomohon, Indonesia",reviewed,0,326,earthquake,4.6, Indonesia,124.6601,0.0118,10.893,2022-11-11 15:47:58.362000+00:00,2,green,2
1673381590229,"158 km SE of Chignik, Alaska",reviewed,0,178,earthquake,3.4, Alaska,-156.7951,55.199,10.8,2023-01-10 20:13:10.229000+00:00,0,red,0
1668038516270,"5km NE of Dixon Lane-Meadow Creek, CA",reviewed,0,34,earthquake,1.49,California,-118.3818333,37.4205,3.23,2022-11-10 00:01:56.270000+00:00,1,blue,1
1679348990592,"99 km ENE of Circle, Alaska",reviewed,0,26,earthquake,1.3, Alaska,-141.9354,66.0213,11.3,2023-03-20 21:49:50.592000+00:00,1,blue,1
1687007375139,"60 km WNW of Happy Valley, Alaska",reviewed,0,35,earthquake,1.5, Alaska,-152.7935,60.0739,99.6,2023-06-17 13:09:35.139000+00:00,0,red,0
1651850599180,"18km NNW of Santa Cruz Is. (NW end), CA",reviewed,0,52,earthquake,1.83,California,-120.0356667,34.2055,5.59,2022-05-06 15:23:19.180000+00:00,0,red,0
1671713393501,"77 km NNW of Aleneva, Alaska",reviewed,0,121,earthquake,2.8, Alaska,-153.167,58.7389,66.5,2022-12-22 12:49:53.501000+00:00,0,red,0
1661511646870,"3 km SW of P?hala, Hawaii",automatic,0,51,earthquake,1.82000005, Hawaii,-155.503829956055,19.1818332672119,30.5200004577637,2022-08-26 11:00:46.870000+00:00,0,red,0
1662642024394,"70 km SE of Akutan, Alaska",reviewed,0,138,earthquake,3.0, Alaska,-165.0472,53.6688,49.855,2022-09-08 13:00:24.394000+00:00,0,red,0
1644808266850,"16 km N of Four Mile Road, Alaska",reviewed,0,4,earthquake,0.5, Alaska,-149.0562,64.75,15.5,2022-02-14 03:11:06.850000+00:00,1,blue,1
1656156112108,"21 km SSE of Minto, Alaska",reviewed,0,4,earthquake,0.5, Alaska,-149.2126,64.9635,19.5,2022-06-25 11:21:52.108000+00:00,1,blue,1
1645951784720,"64 km S of Cantwell, Alaska",reviewed,0,12,earthquake,0.9, Alaska,-148.8947,62.8121,15.2,2022-02-27 08:49:44.720000+00:00,1,blue,1
1649824509550,Utah,reviewed,0,8,earthquake,0.72,Utah,-111.7325,40.7106667,5.34,2022-04-13 04:35:09.550000+00:00,1,blue,1
1677574435930,"9km SSE of Idyllwild, CA",reviewed,0,14,earthquake,0.96,California,-116.6898333,33.6596667,16.01,2023-02-28 08:53:55.930000+00:00,1,blue,1
1677786090727,"57 km WNW of Port-Olry, Vanuatu",reviewed,0,271,earthquake,4.2, Vanuatu,166.5757,-14.8608,10.0,2023-03-02 19:41:30.727000+00:00,2,green,2
1671923432370,"21km NNW of New Idria, CA",reviewed,0,61,earthquake,1.99,California,-120.7311667,36.5988333,6.92,2022-12-24 23:10:32.370000+00:00,0,red,0
1664188150775,"28 km ENE of Chitina, Alaska",reviewed,0,30,earthquake,1.4, Alaska,-143.9306,61.5983,50.1,2022-09-26 10:29:10.775000+00:00,0,red,0
1660947911920,"5km S of Larkfield-Wikiup, CA",reviewed,0,22,earthquake,1.2,California,-122.7536667,38.4705,7.5,2022-08-19 22:25:11.920000+00:00,1,blue,1
1658198398855,"83 km SE of Lugu, Taiwan",reviewed,0,271,earthquake,4.2, Taiwan,121.3457,23.2339,10.0,2022-07-19 02:39:58.855000+00:00,2,green,2
1676288331310,"8 km NW of Houston, Alaska",reviewed,0,26,earthquake,1.3, Alaska,-149.9315,61.6801,52.2,2023-02-13 11:38:51.310000+00:00,0,red,0
1643363605510,"7 km ESE of Walker, California",reviewed,0,0,earthquake,0.1, California,-119.3997,38.4922,7.3,2022-01-28 09:53:25.510000+00:00,1,blue,1
1655107181390,"13 km WSW of Downey, Idaho",reviewed,0,22,earthquake,1.2, Idaho,-112.281,42.3801667,1.86,2022-06-13 07:59:41.390000+00:00,1,blue,1
1669006811009,"8 km SSE of Wakita, Oklahoma",reviewed,0,34,earthquake,1.48, Oklahoma,-97.87233333,36.81733333,5.59,2022-11-21 05:00:11.009000+00:00,1,blue,1
1653448294746,"100 km SE of Sand Point, Alaska",reviewed,0,30,earthquake,1.4, Alaska,-159.5678,54.6144,41.2,2022-05-25 03:11:34.746000+00:00,0,red,0
1654806479980,"22 km ENE of West Yellowstone, Montana",reviewed,0,63,earthquake,2.03, Montana,-110.8606667,44.765,5.65,2022-06-09 20:27:59.980000+00:00,0,red,0
1647560622781,"86 km SSW of Atka, Alaska",reviewed,0,56,earthquake,1.9, Alaska,-174.6537,51.4671,3.7,2022-03-17 23:43:42.781000+00:00,0,red,0
1666643468110,"9km SW of Ridgemark, CA",reviewed,0,41,earthquake,1.63,California,-121.4325,36.747,11.19,2022-10-24 20:31:08.110000+00:00,1,blue,1
1657270652640,"10km NNE of Ocotillo Wells, CA",reviewed,0,126,earthquake,2.86,California,-116.1048333,33.2318333,9.19,2022-07-08 08:57:32.640000+00:00,0,red,0
1675907530568,"129 km SSE of Sand Point, Alaska",reviewed,0,129,earthquake,2.9, Alaska,-159.671,54.2782,19.969,2023-02-09 01:52:10.568000+00:00,0,red,0
1656302061189,Chile-Bolivia border region,reviewed,0,284,earthquake,4.3,Chile-Bolivia border region,-67.9179,-22.6048,175.98,2022-06-27 03:54:21.189000+00:00,2,green,2
1679962866936,"50 km W of Mentone, Texas",reviewed,0,35,earthquake,1.5, Texas,-104.1283039,31.69782549,7.776879883,2023-03-28 00:21:06.936000+00:00,1,blue,1
1673722334198,"25 km ESE of False Pass, Alaska",reviewed,0,50,earthquake,1.8, Alaska,-163.0588,54.7532,80.0,2023-01-14 18:52:14.198000+00:00,0,red,0
1687849381380,"23km ESE of Anza, CA",reviewed,0,31,earthquake,1.42,California,-116.4431667,33.4733333,11.47,2023-06-27 07:03:01.380000+00:00,1,blue,1
1682595155703,"294 km SE of Chiniak, Alaska",reviewed,0,138,earthquake,3.0, Alaska,-149.051,55.6511,15.608,2023-04-27 11:32:35.703000+00:00,0,red,0
1643221039590,"28km NW of Searles Valley, CA",reviewed,0,5,earthquake,0.55,California,-117.5798333,35.9785,6.41,2022-01-26 18:17:19.590000+00:00,1,blue,1
1660150772483,"98 km ESE of Adak, Alaska",reviewed,0,39,earthquake,1.6, Alaska,-175.3119,51.5541,50.2,2022-08-10 16:59:32.483000+00:00,0,red,0
1658924202534,"132 km ENE of Petropavlovsk-Kamchatsky, Russia",reviewed,0,312,earthquake,4.5, Russia,160.5087,53.439,45.041,2022-07-27 12:16:42.534000+00:00,2,green,2
1686063783560,"9km N of Borrego Springs, CA",reviewed,0,37,earthquake,1.55,California,-116.3683333,33.3331667,12.49,2023-06-06 15:03:03.560000+00:00,1,blue,1
1687082368532,"40 km ENE of Luganville, Vanuatu",reviewed,0,432,earthquake,5.3, Vanuatu,167.5081,-15.3895,118.51,2023-06-18 09:59:28.532000+00:00,2,green,2
1646128030950,"5km SSE of San Pedro, CA",reviewed,0,48,earthquake,1.76,California,-118.2661667,33.6961667,8.68,2022-03-01 09:47:10.950000+00:00,0,red,0
1645867287453,"33 km WNW of Elfin Cove, Alaska",reviewed,0,50,earthquake,1.8, Alaska,-136.8941,58.2667,16.0,2022-02-26 09:21:27.453000+00:00,0,red,0
1653632180026,"36 km W of Mentone, Texas",reviewed,0,96,earthquake,2.5, Texas,-103.9814186,31.72274693,8.136791992,2022-05-27 06:16:20.026000+00:00,0,red,0
1661400183527,"67 km WNW of Petersville, Alaska",reviewed,0,22,earthquake,1.2, Alaska,-151.9592,62.7409,1.0,2022-08-25 04:03:03.527000+00:00,1,blue,1
1662717630410,"6 km E of Hebgen Lake Estates, Montana",reviewed,0,4,earthquake,0.52, Montana,-111.1125,44.7615,10.13,2022-09-09 10:00:30.410000+00:00,1,blue,1
1644811491026,"41 km SSW of Rumonge, Burundi",reviewed,0,341,earthquake,4.7, Burundi,29.3112,-4.3271,10.0,2022-02-14 04:04:51.026000+00:00,2,green,2
1653096120806,"21 km ESE of Denali National Park, Alaska",reviewed,0,15,earthquake,1.0, Alaska,-151.3685,63.437,2.3,2022-05-21 01:22:00.806000+00:00,1,blue,1
1663991906860,"49 km SSE of Denali National Park, Alaska",reviewed,0,10,earthquake,0.8, Alaska,-151.4644,63.1081,16.0,2022-09-24 03:58:26.860000+00:00,1,blue,1
1678324088116,"19 km WSW of Susitna, Alaska",reviewed,0,22,earthquake,1.2, Alaska,-150.8288,61.4586,59.3,2023-03-09 01:08:08.116000+00:00,1,red,0
1643725699810,"5km N of Petrolia, CA",reviewed,0,103,earthquake,2.59,California,-124.2936667,40.3695,27.55,2022-02-01 14:28:19.810000+00:00,0,red,0
1680685534100,"8km WNW of The Geysers, CA",reviewed,0,17,earthquake,1.06,California,-122.8306667,38.8155,1.29,2023-04-05 09:05:34.100000+00:00,1,blue,1
1645835610790,"8 km NNE of Glennallen, Alaska",reviewed,0,22,earthquake,1.2, Alaska,-145.5074,62.1827,25.1,2022-02-26 00:33:30.790000+00:00,1,blue,1
1641829107290,"4 km ENE of Adak, Alaska",reviewed,0,27,earthquake,1.32, Alaska,-176.571666666667,51.8845,4.45,2022-01-10 15:38:27.290000+00:00,1,blue,1
1661047467853,"7 km S of Glacier View, Alaska",reviewed,0,39,earthquake,1.6, Alaska,-147.6409,61.7416,30.4,2022-08-21 02:04:27.853000+00:00,0,red,0
1687505188156,Kermadec Islands region,reviewed,0,400,earthquake,5.1,Kermadec Islands region,-176.6428,-27.0949,22.953,2023-06-23 07:26:28.156000+00:00,2,green,2
1684223716930,"2km S of Devore, CA",reviewed,0,20,earthquake,1.13,California,-117.3988333,34.202,12.17,2023-05-16 07:55:16.930000+00:00,1,blue,1
1688344569140,western Indian-Antarctic Ridge,reviewed,0,354,earthquake,4.8,western Indian-Antarctic Ridge,139.5734,-51.5794,10.0,2023-07-03 00:36:09.140000+00:00,2,green,2
1671902450055,"65 km SSE of Kokhanok, Alaska",reviewed,0,81,earthquake,2.3, Alaska,-154.3825,58.8911,116.5,2022-12-24 17:20:50.055000+00:00,0,red,0
1670980484021,"51 km S of Whites City, New Mexico",reviewed,0,62,earthquake,2.0, New Mexico,-104.2835132,31.71497312,6.697143555000001,2022-12-14 01:14:44.021000+00:00,0,red,0
1674838954610,"8km NW of The Geysers, CA",automatic,0,1,earthquake,0.22,California,-122.8183365,38.8341675,1.64,2023-01-27 17:02:34.610000+00:00,1,blue,1
1660167886500,"5km E of Willits, CA",reviewed,0,28,earthquake,1.35,California,-123.2991667,39.4126667,5.32,2022-08-10 21:44:46.500000+00:00,1,blue,1
1667534853000,"7km WNW of Cobb, CA",automatic,0,2,earthquake,0.36,California,-122.8006668,38.8356667,2.17,2022-11-04 04:07:33+00:00,1,blue,1
1663593495590,"9km SSE of Laytonville, CA",reviewed,0,48,earthquake,1.77,California,-123.4338333,39.619,7.17,2022-09-19 13:18:15.590000+00:00,0,red,0
1689369900140,"6 km N of Calumet, Oklahoma",reviewed,0,42,earthquake,1.65, Oklahoma,-98.1225,35.65666667,7.34,2023-07-14 21:25:00.140000+00:00,1,blue,1
1665999496621,"14 km WSW of Mala, Peru",reviewed,0,273,earthquake,4.2, Peru,-76.7555,-12.7146,46.78,2022-10-17 09:38:16.621000+00:00,2,green,2
1670753018103,"67 km S of Sand Point, Alaska",reviewed,0,68,earthquake,2.1, Alaska,-160.6406,54.7368,25.6,2022-12-11 10:03:38.103000+00:00,0,red,0
1643722467174,"67 km WNW of Anchor Point, Alaska",reviewed,0,168,earthquake,3.3, Alaska,-152.9431,60.0059,112.3,2022-02-01 13:34:27.174000+00:00,2,red,0
1677617482516,"52 km E of Port Alsworth, Alaska",reviewed,0,68,earthquake,2.1, Alaska,-153.3634,60.171,147.2,2023-02-28 20:51:22.516000+00:00,0,red,0
1671568808435,"15 km NNW of Ninilchik, Alaska",reviewed,0,44,earthquake,1.7, Alaska,-151.7279,60.1896,87.2,2022-12-20 20:40:08.435000+00:00,0,red,0
1679296158518,"76 km SW of San Juan del Sur, Nicaragua",reviewed,0,299,earthquake,4.4, Nicaragua,-86.4376,10.8522,39.481,2023-03-20 07:09:18.518000+00:00,2,green,2
1666571572821,"60 km E of Cordova, Alaska",reviewed,0,30,earthquake,1.4, Alaska,-144.6575,60.5533,12.0,2022-10-24 00:32:52.821000+00:00,1,blue,1
1667038388610,"108 km NW of Alatna, Alaska",reviewed,0,15,earthquake,1.0, Alaska,-154.0795,67.3675,10.4,2022-10-29 10:13:08.610000+00:00,1,blue,1
1650773277904,"87 km ESE of Lime Village, Alaska",reviewed,0,12,earthquake,0.9, Alaska,-153.9926,60.9953,6.1,2022-04-24 04:07:57.904000+00:00,1,blue,1
1687709517880,"7km WNW of Cobb, CA",automatic,0,8,earthquake,0.7,California,-122.8021698,38.8356667,2.42,2023-06-25 16:11:57.880000+00:00,1,blue,1
1657925231203,"247 km ESE of Chiniak, Alaska",reviewed,0,129,earthquake,2.9, Alaska,-148.7913,56.4655,10.0,2022-07-15 22:47:11.203000+00:00,0,red,0
1682792171340,"2km SW of Heber, CA",reviewed,0,122,earthquake,2.79,California,-115.543,32.7196667,10.02,2023-04-29 18:16:11.340000+00:00,0,red,0
1644047827998,"36 km ESE of Same, Timor Leste",reviewed,0,271,earthquake,4.2, Timor Leste,125.9543,-9.1247,10.0,2022-02-05 07:57:07.998000+00:00,2,green,2
1675259929566,"54 km W of Nanwalek, Alaska",reviewed,0,30,earthquake,1.4, Alaska,-152.8824,59.396,90.0,2023-02-01 13:58:49.566000+00:00,0,red,0
1663462420920,"5 km SW of Guánica, Puerto Rico",reviewed,0,102,earthquake,2.58, Puerto Rico,-66.9365,17.9355,6.94,2022-09-18 00:53:40.920000+00:00,0,red,0
1659377445790,"6km N of Little Lake, CA",reviewed,0,8,earthquake,0.72,California,-117.8945,35.9898333,3.16,2022-08-01 18:10:45.790000+00:00,1,blue,1
1644626392530,"15km SSW of Searles Valley, CA",reviewed,0,12,earthquake,0.88,California,-117.4603333,35.642,7.18,2022-02-12 00:39:52.530000+00:00,1,blue,1
1680867998950,"4 km S of Houston, Alaska",reviewed,0,12,earthquake,0.9, Alaska,-149.8105,61.5934,54.1,2023-04-07 11:46:38.950000+00:00,1,blue,1
1665138383294,"St. Lawrence Island, Alaska region",reviewed,0,211,earthquake,3.7, Alaska region,-171.1714,63.2782,10.0,2022-10-07 10:26:23.294000+00:00,2,green,2
1664403463730,"5 km S of P?hala, Hawaii",automatic,0,79,earthquake,2.26999998, Hawaii,-155.483993530273,19.1563339233398,33.0099983215332,2022-09-28 22:17:43.730000+00:00,0,red,0
1678453622717,"86 km NNW of Karluk, Alaska",reviewed,0,8,earthquake,0.7, Alaska,-155.1472,58.2526,4.0,2023-03-10 13:07:02.717000+00:00,1,blue,1
1672737493948,"21 km WSW of False Pass, Alaska",reviewed,0,30,earthquake,1.4, Alaska,-163.7033,54.7567,5.1,2023-01-03 09:18:13.948000+00:00,1,blue,1
1687319607280,"68 km WNW of Beluga, Alaska",reviewed,0,12,earthquake,0.9, Alaska,-152.2947,61.3281,1.0,2023-06-21 03:53:27.280000+00:00,1,blue,1
1650581915480,"2km NW of The Geysers, CA",automatic,0,21,earthquake,1.18,California,-122.769165,38.7885017,1.63,2022-04-21 22:58:35.480000+00:00,1,blue,1
1670733650229,"58 km SE of Cordova, Alaska",reviewed,0,26,earthquake,1.3, Alaska,-145.0606,60.1452,13.5,2022-12-11 04:40:50.229000+00:00,1,blue,1
1687693045510,"22 km ENE of Ashford, Washington",reviewed,0,1,earthquake,0.28, Washington,-121.76066666666668,46.84733333333333,0.62,2023-06-25 11:37:25.510000+00:00,1,blue,1
1684470124585,"35 km SE of Mina, Nevada",reviewed,0,168,earthquake,3.3, Nevada,-117.8174,38.1634,9.8,2023-05-19 04:22:04.585000+00:00,0,red,0
1652388547880,"15 km NNE of P?hala, Hawaii",reviewed,0,73,earthquake,2.18, Hawaii,-155.446833333333,19.3376666666667,8.08,2022-05-12 20:49:07.880000+00:00,0,red,0
1661533596270,"6km NW of The Geysers, CA",reviewed,0,39,earthquake,1.6,California,-122.815,38.812,3.14,2022-08-26 17:06:36.270000+00:00,1,blue,1
1665061264093,"69 km S of Adak, Alaska",reviewed,0,44,earthquake,1.7, Alaska,-176.4428,51.2647,16.8,2022-10-06 13:01:04.093000+00:00,0,red,0
1642371786252,"Papua, Indonesia",reviewed,0,298,earthquake,4.4, Indonesia,139.3002,-2.3358,34.97,2022-01-16 22:23:06.252000+00:00,2,green,2
1658400904762,"16 km NW of Fishhook, Alaska",reviewed,0,30,earthquake,1.4, Alaska,-149.429,61.8564,16.5,2022-07-21 10:55:04.762000+00:00,1,blue,1
1657164303310,"6km SW of Warner Springs, CA",reviewed,0,22,earthquake,1.19,California,-116.6705,33.2406667,9.09,2022-07-07 03:25:03.310000+00:00,1,blue,1
1664016904791,"42 km E of Big Pine, California",reviewed,0,10,earthquake,0.8, California,-117.8163,37.2203,5.3,2022-09-24 10:55:04.791000+00:00,1,blue,1
1669279751350,"24 km WNW of Volcano, Hawaii",automatic,0,53,earthquake,1.85000002, Hawaii,-155.464660644531,19.486499786377,0.699999988079071,2022-11-24 08:49:11.350000+00:00,0,red,0
1661832075760,"50 km ENE of Adak, Alaska",reviewed,0,5,earthquake,0.58, Alaska,-175.950166666667,52.0493333333333,11.41,2022-08-30 04:01:15.760000+00:00,1,blue,1
1650092653561,"38 km NW of Ninilchik, Alaska",reviewed,0,68,earthquake,2.1, Alaska,-152.1838,60.2802,78.6,2022-04-16 07:04:13.561000+00:00,0,red,0
1665112037944,"10 km E of Tyonek, Alaska",reviewed,0,26,earthquake,1.3, Alaska,-150.9355,61.0621,57.1,2022-10-07 03:07:17.944000+00:00,0,red,0
1677113087180,"84 km NNW of Karluk, Alaska",reviewed,0,0,earthquake,0.07, Alaska,-155.179833333333,58.2258333333333,4.1,2023-02-23 00:44:47.180000+00:00,1,blue,1
1660118631953,"197 km WNW of Lorengau, Papua New Guinea",reviewed,0,369,earthquake,4.9, Papua New Guinea,145.5634,-1.5498,10.0,2022-08-10 08:03:51.953000+00:00,2,green,2
1646189536740,"2km ENE of The Geysers, CA",automatic,0,1,earthquake,0.21,California,-122.7321701,38.784668,1.41,2022-03-02 02:52:16.740000+00:00,1,blue,1
1673664459570,"13 km NNW of Meadow Lakes, Alaska",reviewed,0,62,earthquake,2.0, Alaska,-149.6539,61.7465,37.2,2023-01-14 02:47:39.570000+00:00,0,red,0
1683380759720,"13 km SW of Volcano, Hawaii",reviewed,0,88,earthquake,2.39, Hawaii,-155.3065,19.3398333333333,3.11,2023-05-06 13:45:59.720000+00:00,0,red,0
1680342726905,"52 km WNW of Tyonek, Alaska",reviewed,0,15,earthquake,1.0, Alaska,-152.0302,61.2575,12.8,2023-04-01 09:52:06.905000+00:00,1,blue,1
1662493136722,"45 km ENE of Susitna North, Alaska",reviewed,0,12,earthquake,0.9, Alaska,-149.0748,62.3537,3.8,2022-09-06 19:38:56.722000+00:00,1,blue,1
1674088617760,"10km WNW of The Geysers, CA",automatic,0,7,earthquake,0.69,California,-122.8584976,38.8263321,2.18,2023-01-19 00:36:57.760000+00:00,1,blue,1
1684473224505,"114 km WSW of Adak, Alaska",reviewed,0,56,earthquake,1.9, Alaska,-178.179,51.5073,17.4,2023-05-19 05:13:44.505000+00:00,0,red,0
1689893203201,"90 km NW of Karluk, Alaska",reviewed,0,68,earthquake,2.1, Alaska,-155.3887,58.2112,0.2,2023-07-20 22:46:43.201000+00:00,0,red,0
1645295148380,"38 km WSW of Anchor Point, Alaska",reviewed,0,30,earthquake,1.4, Alaska,-152.4062,59.5961,75.1,2022-02-19 18:25:48.380000+00:00,0,red,0
1661821416810,"4 km E of Minco, Oklahoma",reviewed,0,11,earthquake,0.84, Oklahoma,-97.89166667,35.31666667,4.87,2022-08-30 01:03:36.810000+00:00,1,blue,1
1661354275324,"75 km SW of Atka, Alaska",reviewed,0,50,earthquake,1.8, Alaska,-174.957,51.7062,20.5,2022-08-24 15:17:55.324000+00:00,0,red,0
1684643357091,"52 km S of Silver Peak, Nevada",reviewed,0,30,earthquake,1.4, Nevada,-117.6153,37.2795,8.9,2023-05-21 04:29:17.091000+00:00,1,blue,1
1669145356130,"19km W of Alberto Oviedo Mota, B.C., MX",reviewed,0,127,earthquake,2.87, B.C.,-115.369,32.2506667,8.44,2022-11-22 19:29:16.130000+00:00,0,red,0
1642829578664,"68 km S of Unalaska, Alaska",reviewed,0,62,earthquake,2.0, Alaska,-166.5318,53.2542,16.3,2022-01-22 05:32:58.664000+00:00,0,red,0
1682384411849,"51 km SE of Pedro Bay, Alaska",reviewed,0,50,earthquake,1.8, Alaska,-153.468,59.4588,108.8,2023-04-25 01:00:11.849000+00:00,0,red,0
1648615497882,"45 km ENE of Chenega, Alaska",reviewed,0,30,earthquake,1.4, Alaska,-147.2721,60.2482,15.7,2022-03-30 04:44:57.882000+00:00,1,blue,1
1658563621425,"54 km NNW of Petersville, Alaska",reviewed,0,56,earthquake,1.9, Alaska,-151.025,62.9747,102.7,2022-07-23 08:07:01.425000+00:00,0,red,0
1669141591910,"69 km ENE of Pedro Bay, Alaska",reviewed,0,62,earthquake,2.0, Alaska,-153.0092,60.0716,122.3,2022-11-22 18:26:31.910000+00:00,0,red,0
1681583612800,"4km E of Mammoth Lakes, CA",reviewed,0,1,earthquake,0.3,California,-118.9331667,37.6425,3.13,2023-04-15 18:33:32.800000+00:00,1,blue,1
1683378718463,"80 km SE of Akutan, Alaska",reviewed,0,148,earthquake,3.1, Alaska,-164.9963,53.5715,35.0,2023-05-06 13:11:58.463000+00:00,0,red,0
1681100278889,"63 km SE of Denali National Park, Alaska",reviewed,0,39,earthquake,1.6, Alaska,-150.7812,63.1569,129.0,2023-04-10 04:17:58.889000+00:00,0,red,0
1684700564343,"62 km SSE of Cantwell, Alaska",reviewed,0,15,earthquake,1.0, Alaska,-148.3374,62.9033,11.2,2023-05-21 20:22:44.343000+00:00,1,blue,1
1665911684620,"19 km ENE of Butte Falls, Oregon",reviewed,0,28,earthquake,1.36, Oregon,-122.33283333333333,42.589,3.72,2022-10-16 09:14:44.620000+00:00,1,blue,1
1676664200140,"4 km SSW of P?hala, Hawaii",reviewed,0,110,earthquake,2.68, Hawaii,-155.494833333333,19.162,34.8,2023-02-17 20:03:20.140000+00:00,0,red,0
1670025289893,"19 km ESE of Panaca, Nevada",reviewed,0,10,earthquake,0.8, Nevada,-114.1735,37.7364,0.0,2022-12-02 23:54:49.893000+00:00,1,blue,1
1676814333450,"1km E of Lake Pillsbury, CA",reviewed,0,38,earthquake,1.57,California,-122.9436667,39.4065,4.13,2023-02-19 13:45:33.450000+00:00,1,blue,1
1676796842772,"19 km ENE of Point Possession, Alaska",reviewed,0,30,earthquake,1.4, Alaska,-150.3407,60.9716,47.5,2023-02-19 08:54:02.772000+00:00,0,red,0
1673993111469,"17 km SW of Surup, Philippines",reviewed,0,312,earthquake,4.5, Philippines,126.0482,6.2672,138.405,2023-01-17 22:05:11.469000+00:00,2,green,2
1646166923090,"2 km N of Palomas, Puerto Rico",reviewed,0,72,earthquake,2.16, Puerto Rico,-66.875,18.0365,15.94,2022-03-01 20:35:23.090000+00:00,0,red,0
1645040450890,"10km NE of Aguanga, CA",reviewed,0,2,earthquake,0.35,California,-116.789,33.5003333,6.73,2022-02-16 19:40:50.890000+00:00,1,blue,1
1687154942524,"Rat Islands, Aleutian Islands, Alaska",reviewed,0,148,earthquake,3.1, Aleutian Islands,178.2742,51.8792,118.569,2023-06-19 06:09:02.524000+00:00,0,red,0
1652615949893,"186 km W of Adak, Alaska",reviewed,0,35,earthquake,1.5, Alaska,-179.3043,51.6423,71.9,2022-05-15 11:59:09.893000+00:00,0,red,0
1676737407379,"18 km E of Livengood, Alaska",reviewed,0,8,earthquake,0.7, Alaska,-148.1457,65.5066,9.1,2023-02-18 16:23:27.379000+00:00,1,blue,1
1674752593690,"25 km ESE of Murghob, Tajikistan",reviewed,0,246,earthquake,4.0, Tajikistan,74.2357,38.0851,177.01,2023-01-26 17:03:13.690000+00:00,2,green,2
1666350072940,"13 km W of Akutan, Alaska",reviewed,0,0,earthquake,0.13, Alaska,-165.978666666667,54.1255,4.43,2022-10-21 11:01:12.940000+00:00,1,blue,1
1672865374070,"16km NE of Little Lake, CA",reviewed,0,139,earthquake,3.0,California,-117.7673333,36.0211667,1.5,2023-01-04 20:49:34.070000+00:00,0,red,0
1676612502109,"90 km W of Adak, Alaska",reviewed,0,74,earthquake,2.2, Alaska,-177.9468,51.8542,4.4,2023-02-17 05:41:42.109000+00:00,0,red,0
1648641169353,"30 km WNW of Petersville, Alaska",reviewed,0,19,earthquake,1.1, Alaska,-151.2931,62.6159,83.6,2022-03-30 11:52:49.353000+00:00,0,red,0
1669650579240,"6km WNW of Cobb, CA",reviewed,0,39,earthquake,1.6,California,-122.788,38.8366667,2.32,2022-11-28 15:49:39.240000+00:00,1,blue,1
1650145070120,"15 km S of La Parguera, Puerto Rico",reviewed,0,116,earthquake,2.75, Puerto Rico,-67.0425,17.8351666666667,28.74,2022-04-16 21:37:50.120000+00:00,0,red,0
1649774147003,"198 km NW of Sabang, Indonesia",reviewed,0,284,earthquake,4.3, Indonesia,94.2948,7.3693,10.0,2022-04-12 14:35:47.003000+00:00,2,green,2
1649943081891,"54 km SW of Adak, Alaska",reviewed,0,30,earthquake,1.4, Alaska,-177.0954,51.4763,17.6,2022-04-14 13:31:21.891000+00:00,1,blue,1
1675797229620,Central Turkey,reviewed,0,298,earthquake,4.4,Central Turkey,36.9204,38.0472,13.0,2023-02-07 19:13:49.620000+00:00,2,green,2
1659879745474,"66 km E of Port Alsworth, Alaska",reviewed,0,44,earthquake,1.7, Alaska,-153.1101,60.212,115.3,2022-08-07 13:42:25.474000+00:00,0,red,0
1645379064971,"39 km W of Nanwalek, Alaska",reviewed,0,26,earthquake,1.3, Alaska,-152.6074,59.3218,72.8,2022-02-20 17:44:24.971000+00:00,0,red,0
1660686006990,"14km S of Joshua Tree, CA",reviewed,0,15,earthquake,0.99,California,-116.3226667,34.011,10.32,2022-08-16 21:40:06.990000+00:00,1,blue,1
1674881622206,"64 km S of Cantwell, Alaska",reviewed,0,8,earthquake,0.7, Alaska,-148.8688,62.8125,12.1,2023-01-28 04:53:42.206000+00:00,1,blue,1
1683565632150,Utah,reviewed,0,42,earthquake,1.66,Utah,-109.3226667,39.0883333,6.0,2023-05-08 17:07:12.150000+00:00,1,blue,1
1687516588960,"5 km SSW of Washington, Oklahoma",reviewed,0,14,earthquake,0.95, Oklahoma,-97.50466667,35.01116667,3.39,2023-06-23 10:36:28.960000+00:00,1,blue,1
1677579473736,"16 km SSW of Valdez, Alaska",reviewed,0,22,earthquake,1.2, Alaska,-146.4959,60.9972,15.2,2023-02-28 10:17:53.736000+00:00,1,blue,1
1671808256865,"126 km SSE of Akhiok, Alaska",reviewed,0,188,earthquake,3.5, Alaska,-153.0177,56.001,2.6,2022-12-23 15:10:56.865000+00:00,0,green,2
1656850018419,"7 km WNW of Smiths Ferry, Idaho",reviewed,0,104,earthquake,2.6, Idaho,-116.1696,44.3294,11.02,2022-07-03 12:06:58.419000+00:00,0,red,0
1643177823460,"5 km NNW of Lewisville, Washington",reviewed,0,9,earthquake,0.77, Washington,-122.556,45.8501666666667,7.74,2022-01-26 06:17:03.460000+00:00,1,blue,1
1670291850050,"9km ESE of Ridgecrest, CA",reviewed,0,22,earthquake,1.2,California,-117.5893333,35.5861667,5.64,2022-12-06 01:57:30.050000+00:00,1,blue,1
1654758292760,"7 km WSW of Unalaska, Alaska",reviewed,0,0,earthquake,0.05, Alaska,-166.643666666667,53.855,8.27,2022-06-09 07:04:52.760000+00:00,1,blue,1
1685703972899,"7 km S of Cold Springs, Nevada",reviewed,0,10,earthquake,0.8, Nevada,-119.9768,39.6136,5.6,2023-06-02 11:06:12.899000+00:00,1,blue,1
1665072707281,"60 km SW of Adak, Alaska",reviewed,0,30,earthquake,1.4, Alaska,-177.2827,51.5104,12.7,2022-10-06 16:11:47.281000+00:00,1,blue,1
1673024452300,"6 km NNW of Chacra, Colorado",reviewed,0,105,earthquake,2.6, Colorado,-107.4709,39.6302,9.139,2023-01-06 17:00:52.300000+00:00,0,red,0
1671547295020,"6km WSW of Ferndale, CA",reviewed,0,64,earthquake,2.04,California,-124.3211667,40.548,18.9,2022-12-20 14:41:35.020000+00:00,0,red,0
1650059879834,"60 km WNW of Skwentna, Alaska",reviewed,0,30,earthquake,1.4, Alaska,-152.3785,62.2768,117.0,2022-04-15 21:57:59.834000+00:00,0,red,0
1669344296966,"36 km WSW of Mentone, Texas",reviewed,0,35,earthquake,1.5, Texas,-103.9723434,31.61936785,6.080151367,2022-11-25 02:44:56.966000+00:00,1,blue,1
1648234072140,"1km S of Valle Vista, CA",reviewed,0,3,earthquake,0.45,California,-116.8943333,33.7403333,4.97,2022-03-25 18:47:52.140000+00:00,1,blue,1
1686671374400,"1 km SSE of Anchor Point, Alaska",reviewed,0,56,earthquake,1.9, Alaska,-151.8184,59.7631,61.8,2023-06-13 15:49:34.400000+00:00,0,red,0
1677345125537,"108 km NNE of Lospalos, Timor Leste",reviewed,0,259,earthquake,4.1, Timor Leste,127.502,-7.6777,174.553,2023-02-25 17:12:05.537000+00:00,2,green,2
1660550663935,"60 km NNW of Petersville, Alaska",reviewed,0,234,earthquake,3.9, Alaska,-151.0129,63.0278,121.5,2022-08-15 08:04:23.935000+00:00,2,green,2
1653206120213,"62 km ENE of Chase, Alaska",reviewed,0,56,earthquake,1.9, Alaska,-148.9212,62.5912,52.8,2022-05-22 07:55:20.213000+00:00,0,red,0
1683864099120,"4 km SW of Volcano, Hawaii",reviewed,0,58,earthquake,1.95, Hawaii,-155.263666666667,19.4123333333333,1.25,2023-05-12 04:01:39.120000+00:00,0,red,0
1654286235633,"22 km SSW of Denali National Park, Alaska",reviewed,0,19,earthquake,1.1, Alaska,-151.9489,63.3638,9.3,2022-06-03 19:57:15.633000+00:00,1,blue,1
1665605264900,"23 km SSW of Mammoth, Wyoming",reviewed,0,5,earthquake,0.57, Wyoming,-110.8071667,44.7823333,3.87,2022-10-12 20:07:44.900000+00:00,1,blue,1
1652897262770,"292 km W of Adak, Alaska",reviewed,0,39,earthquake,1.6, Alaska,179.1404,51.6972,71.6,2022-05-18 18:07:42.770000+00:00,0,red,0
1674523827110,"6km NW of The Geysers, CA",reviewed,0,50,earthquake,1.81,California,-122.7981667,38.8228333,2.75,2023-01-24 01:30:27.110000+00:00,0,red,0
1652292428710,"7km WNW of Cobb, CA",automatic,0,2,earthquake,0.36,California,-122.8043365,38.8346672,1.79,2022-05-11 18:07:08.710000+00:00,1,blue,1
1671832000700,"2 km S of Guánica, Puerto Rico",reviewed,0,149,earthquake,3.11, Puerto Rico,-66.9058333333333,17.9521666666667,11.36,2022-12-23 21:46:40.700000+00:00,0,red,0
1655312019881,"78 km N of Aleneva, Alaska",reviewed,0,26,earthquake,1.3, Alaska,-152.7753,58.7614,51.5,2022-06-15 16:53:39.881000+00:00,0,red,0
1646686598650,"22 km ENE of Ashford, Washington",reviewed,0,0,earthquake,0.11, Washington,-121.7625,46.846,1.36,2022-03-07 20:56:38.650000+00:00,1,blue,1
1659870993850,"48 km W of Anchor Point, Alaska",reviewed,0,50,earthquake,1.8, Alaska,-152.6962,59.8148,80.5,2022-08-07 11:16:33.850000+00:00,0,red,0
1660386511019,"8 km ENE of Cleo Springs, Oklahoma",reviewed,0,24,earthquake,1.24, Oklahoma,-98.347,36.42816667,5.24,2022-08-13 10:28:31.019000+00:00,1,blue,1
1654350625740,"9 km SSE of Maria Antonia, Puerto Rico",reviewed,0,93,earthquake,2.46, Puerto Rico,-66.8466666666667,17.9046666666667,12.97,2022-06-04 13:50:25.740000+00:00,0,red,0
1641700612870,"2km NW of Palomar Observatory, CA",reviewed,0,77,earthquake,2.24,California,-116.8805,33.3725,5.4,2022-01-09 03:56:52.870000+00:00,0,red,0
1651227119279,"24 km WNW of Araure, Venezuela",reviewed,0,271,earthquake,4.2, Venezuela,-69.457,9.6447,10.0,2022-04-29 10:11:59.279000+00:00,2,green,2
1656038900070,"7km NW of The Geysers, CA",automatic,0,11,earthquake,0.84,California,-122.8046646,38.824501,2.54,2022-06-24 02:48:20.070000+00:00,1,blue,1
1658890514605,"80 km NNW of Aleneva, Alaska",reviewed,0,30,earthquake,1.4, Alaska,-153.1961,58.7671,61.1,2022-07-27 02:55:14.605000+00:00,0,red,0
1682846918220,"3km SSW of Heber, CA",reviewed,0,41,earthquake,1.64,California,-115.5376667,32.7058333,9.51,2023-04-30 09:28:38.220000+00:00,1,blue,1
1656925209120,"6km NE of Anza, CA",reviewed,0,0,earthquake,0.12,California,-116.6201667,33.5883333,13.63,2022-07-04 09:00:09.120000+00:00,1,blue,1
1689542380130,"7km NE of Coso Junction, CA",reviewed,0,21,earthquake,1.16,California,-117.9046667,36.0935,5.25,2023-07-16 21:19:40.130000+00:00,1,blue,1
1654536540220,"6km N of Beaumont, CA",reviewed,0,16,earthquake,1.02,California,-116.973,33.9853333,15.96,2022-06-06 17:29:00.220000+00:00,1,blue,1
1658413050534,"Unimak Island region, Alaska",reviewed,0,56,earthquake,1.9, Alaska,-163.4345,54.0928,25.5,2022-07-21 14:17:30.534000+00:00,0,red,0
1675304019432,"56 km SSW of Whites City, New Mexico",reviewed,0,39,earthquake,1.6, New Mexico,-104.5074572,31.67882452,7.185595703,2023-02-02 02:13:39.432000+00:00,1,blue,1
1642709683056,"80 km NNE of Arctic Village, Alaska",reviewed,0,129,earthquake,2.9, Alaska,-144.8188,68.7943,22.9,2022-01-20 20:14:43.056000+00:00,0,red,0
1661652617894,"32 km ENE of Cantwell, Alaska",reviewed,0,15,earthquake,1.0, Alaska,-148.3324,63.4728,3.9,2022-08-28 02:10:17.894000+00:00,1,blue,1
1651053675741,"43 km SSE of False Pass, Alaska",reviewed,0,35,earthquake,1.5, Alaska,-163.0712,54.5147,60.7,2022-04-27 10:01:15.741000+00:00,0,red,0
1647669664671,"Rat Islands, Aleutian Islands, Alaska",reviewed,0,68,earthquake,2.1, Aleutian Islands,178.8913,51.5524,62.6,2022-03-19 06:01:04.671000+00:00,0,red,0
1681421494128,"19 km ENE of Willow, Alaska",reviewed,0,96,earthquake,2.5, Alaska,-149.685,61.8098,38.4,2023-04-13 21:31:34.128000+00:00,0,red,0
1663215501660,southern Idaho,reviewed,0,39,earthquake,1.6,southern Idaho,-115.168,44.2718,10.0,2022-09-15 04:18:21.660000+00:00,1,blue,1
1649779326650,"7km NW of The Geysers, CA",automatic,0,11,earthquake,0.84,California,-122.8018341,38.824501,2.72,2022-04-12 16:02:06.650000+00:00,1,blue,1
1688219731850,"34 km SW of Covenant Life, Alaska",reviewed,0,26,earthquake,1.3, Alaska,-136.3962,59.1775,6.9,2023-07-01 13:55:31.850000+00:00,1,blue,1
1657814841120,"7km WNW of Cobb, CA",automatic,0,11,earthquake,0.85,California,-122.8003311,38.8349991,2.24,2022-07-14 16:07:21.120000+00:00,1,blue,1
1663935544027,"17 km NNE of Ta`?, American Samoa",reviewed,0,112,earthquake,2.7, American Samoa,-169.4613,-14.0843,10.0,2022-09-23 12:19:04.027000+00:00,0,red,0
1657542591350,"5 km SSW of Indios, Puerto Rico",reviewed,0,71,earthquake,2.15, Puerto Rico,-66.8405,17.9515,14.43,2022-07-11 12:29:51.350000+00:00,0,red,0
1666240267409,"212 km ESE of Chiniak, Alaska",reviewed,0,121,earthquake,2.8, Alaska,-148.8108,57.242,10.1,2022-10-20 04:31:07.409000+00:00,0,red,0
1670642905390,"7km S of Redlands, CA",reviewed,0,10,earthquake,0.8,California,-117.1686667,33.99,13.89,2022-12-10 03:28:25.390000+00:00,1,blue,1
1656655338670,"18km ESE of Little Lake, CA",reviewed,0,38,earthquake,1.57,California,-117.7125,35.8985,8.02,2022-07-01 06:02:18.670000+00:00,1,blue,1
1681745389801,"46 km SE of Glacier View, Alaska",reviewed,0,44,earthquake,1.7, Alaska,-147.0102,61.5191,15.8,2023-04-17 15:29:49.801000+00:00,0,red,0
1668621738650,"83 km NNW of Karluk, Alaska",reviewed,0,0,earthquake,0.05, Alaska,-155.086,58.2403333333333,3.05,2022-11-16 18:02:18.650000+00:00,1,blue,1
1664923444187,"15 km W of Stanley, Idaho",reviewed,0,74,earthquake,2.2, Idaho,-115.1261,44.2406,8.158,2022-10-04 22:44:04.187000+00:00,0,red,0
1664318060895,"55 km NE of Kobuk, Alaska",reviewed,0,30,earthquake,1.4, Alaska,-156.1397,67.3131,12.8,2022-09-27 22:34:20.895000+00:00,1,blue,1
1650781484365,"220 km WNW of Haveluloto, Tonga",reviewed,0,298,earthquake,4.4, Tonga,-177.0741,-20.1987,334.84,2022-04-24 06:24:44.365000+00:00,2,pink,3
1660167966091,Fiji region,reviewed,0,340,earthquake,4.7,Fiji region,-178.6237,-19.9513,614.519,2022-08-10 21:46:06.091000+00:00,2,pink,3
1654897245650,"11km NNE of Ocotillo Wells, CA",reviewed,0,24,earthquake,1.26,California,-116.1003333,33.2375,9.66,2022-06-10 21:40:45.650000+00:00,1,blue,1
1651588859530,"3 km E of P?hala, Hawaii",automatic,0,63,earthquake,2.02999997, Hawaii,-155.447326660156,19.2061672210693,35.310001373291,2022-05-03 14:40:59.530000+00:00,0,red,0
1664208319178,"Rat Islands, Aleutian Islands, Alaska",reviewed,0,81,earthquake,2.3, Aleutian Islands,178.3253,51.2268,10.0,2022-09-26 16:05:19.178000+00:00,0,red,0
1687374357914,"213 km N of Baukau, Timor Leste",reviewed,0,284,earthquake,4.3, Timor Leste,126.6109,-6.5528,442.663,2023-06-21 19:05:57.914000+00:00,2,pink,3
1686961698012,"91 km WNW of Kirakira, Solomon Islands",reviewed,0,298,earthquake,4.4, Solomon Islands,161.1064,-10.2505,35.0,2023-06-17 00:28:18.012000+00:00,2,green,2
1687050329648,"6 km SE of Pedro Sánchez, Dominican Republic",reviewed,0,129,earthquake,2.9, Dominican Republic,-69.0672,18.8227,127.862,2023-06-18 01:05:29.648000+00:00,0,red,0
1670805794840,"15km E of Ocotillo Wells, CA",reviewed,0,35,earthquake,1.5,California,-115.9706667,33.1581667,7.55,2022-12-12 00:43:14.840000+00:00,1,blue,1
1658730362005,"127 km ENE of Atka, Alaska",reviewed,0,138,earthquake,3.0, Alaska,-172.3775,52.4695,123.032,2022-07-25 06:26:02.005000+00:00,0,red,0
1650359187109,"13 km E of Crowder, Oklahoma",reviewed,0,28,earthquake,1.35, Oklahoma,-95.521,35.09983333,7.7,2022-04-19 09:06:27.109000+00:00,1,blue,1
1689361909260,"33 km ESE of Beaverdam, Nevada",reviewed,0,9,earthquake,0.78, Nevada,-114.1201667,37.5291667,5.85,2023-07-14 19:11:49.260000+00:00,1,blue,1
1659641220340,"95 km ESE of King Salmon, Alaska",reviewed,0,2,earthquake,0.36, Alaska,-155.143833333333,58.3646666666667,14.67,2022-08-04 19:27:00.340000+00:00,1,blue,1
1670739384240,"5 km SE of Maria Antonia, Puerto Rico",reviewed,0,60,earthquake,1.98, Puerto Rico,-66.8531,17.938,15.0,2022-12-11 06:16:24.240000+00:00,0,red,0
1659043839063,Central Alaska,reviewed,0,30,earthquake,1.4,Central Alaska,-152.1341,62.1706,103.5,2022-07-28 21:30:39.063000+00:00,0,red,0
1651826555855,"55 km WNW of Happy Valley, Alaska",reviewed,0,26,earthquake,1.3, Alaska,-152.6985,60.0541,101.8,2022-05-06 08:42:35.855000+00:00,0,red,0
1681461856520,"4 km E of La Parguera, Puerto Rico",reviewed,0,40,earthquake,1.61, Puerto Rico,-67.0026666666667,17.9791666666667,9.5,2023-04-14 08:44:16.520000+00:00,1,blue,1
1662990193103,"34 km NW of Stanley, Idaho",reviewed,0,22,earthquake,1.2, Idaho,-115.194,44.4699,10.0,2022-09-12 13:43:13.103000+00:00,1,blue,1
1643941798462,"162 km ESE of Kimbe, Papua New Guinea",reviewed,0,369,earthquake,4.9, Papua New Guinea,151.5255,-6.0358,23.31,2022-02-04 02:29:58.462000+00:00,2,green,2
1658964638920,"2km W of Anderson Springs, CA",reviewed,0,36,earthquake,1.53,California,-122.7148333,38.774,2.05,2022-07-27 23:30:38.920000+00:00,1,blue,1
1643162674452,"Rat Islands, Aleutian Islands, Alaska",reviewed,0,112,earthquake,2.7, Aleutian Islands,178.1542,51.9718,4.33,2022-01-26 02:04:34.452000+00:00,0,red,0
1642743102750,"7km WNW of The Geysers, CA",automatic,0,5,earthquake,0.57,California,-122.822998,38.8079987,2.47,2022-01-21 05:31:42.750000+00:00,1,blue,1
1656567862053,"34 km NW of Ninilchik, Alaska",reviewed,0,22,earthquake,1.2, Alaska,-152.0754,60.2787,81.4,2022-06-30 05:44:22.053000+00:00,0,red,0
1644271886810,"12km NW of Progreso, B.C., MX",reviewed,0,3,earthquake,0.47, B.C.,-115.6635,32.665,12.45,2022-02-07 22:11:26.810000+00:00,1,blue,1
1662142424614,"39 km NNE of Chase, Alaska",reviewed,0,35,earthquake,1.5, Alaska,-149.7015,62.7511,73.4,2022-09-02 18:13:44.614000+00:00,0,red,0
1688652942285,"13 km SSW of Smiley, Texas",reviewed,0,68,earthquake,2.1, Texas,-97.69094669,29.15588379,2.494384766,2023-07-06 14:15:42.285000+00:00,0,red,0
1648869138556,"35 km SE of Akutan, Alaska",reviewed,0,44,earthquake,1.7, Alaska,-165.4273,53.8952,66.4,2022-04-02 03:12:18.556000+00:00,0,red,0
1686744934042,"Rat Islands, Aleutian Islands, Alaska",reviewed,0,259,earthquake,4.1, Aleutian Islands,178.9679,50.3167,10.0,2023-06-14 12:15:34.042000+00:00,2,green,2
1670144772049,"52 km WNW of Nanwalek, Alaska",reviewed,0,44,earthquake,1.7, Alaska,-152.7592,59.551,88.0,2022-12-04 09:06:12.049000+00:00,0,red,0
1674284999430,"80 km N of Charlotte Amalie, U.S. Virgin Islands",reviewed,0,156,earthquake,3.18, U.S. Virgin Islands,-64.8555,19.0621666666667,38.73,2023-01-21 07:09:59.430000+00:00,0,red,0
1682209231142,"255 km SW of Yakutat, Alaska",reviewed,0,62,earthquake,2.0, Alaska,-143.2058,58.1265,11.4,2023-04-23 00:20:31.142000+00:00,0,red,0
1686353566980,"4km NNW of Pinnacles, CA",reviewed,0,91,earthquake,2.42,California,-121.1593333,36.5678333,2.96,2023-06-09 23:32:46.980000+00:00,0,red,0
1668424210700,"12 km W of Adjuntas, Puerto Rico",reviewed,0,63,earthquake,2.03, Puerto Rico,-66.8401666666667,18.1551666666667,16.47,2022-11-14 11:10:10.700000+00:00,0,red,0
1643716921880,"6km NW of The Geysers, CA",reviewed,0,20,earthquake,1.15,California,-122.7985,38.8171667,3.29,2022-02-01 12:02:01.880000+00:00,1,blue,1
1660646809970,"5 km SSW of Mossyrock, Washington",reviewed,0,25,earthquake,1.27, Washington,-122.5085,46.484,20.92,2022-08-16 10:46:49.970000+00:00,1,blue,1
1667823661656,"60 km S of King Cove, Alaska",reviewed,0,148,earthquake,3.1, Alaska,-162.213,54.5167,35.0,2022-11-07 12:21:01.656000+00:00,0,red,0
1656238028470,"12 km SW of Leilani Estates, Hawaii",automatic,0,46,earthquake,1.73, Hawaii,-155.014495849609,19.3994998931885,4.63000011444092,2022-06-26 10:07:08.470000+00:00,0,red,0
1655209048616,"31 km SSW of Hawthorne, Nevada",reviewed,0,0,earthquake,0.1, Nevada,-118.7311,38.2489,5.9,2022-06-14 12:17:28.616000+00:00,1,blue,1
1655243066950,"21km E of Little Lake, CA",reviewed,0,4,earthquake,0.52,California,-117.6773333,35.9395,3.88,2022-06-14 21:44:26.950000+00:00,1,blue,1
1677692908250,Nevada,reviewed,0,39,earthquake,1.6,Nevada,-119.0411,39.3767,8.5,2023-03-01 17:48:28.250000+00:00,1,blue,1
1675448018853,"122 km E of McCarthy, Alaska",reviewed,0,10,earthquake,0.8, Alaska,-140.6296,61.5032,16.5,2023-02-03 18:13:38.853000+00:00,1,blue,1
1676729263327,central Mid-Atlantic Ridge,reviewed,0,340,earthquake,4.7,central Mid-Atlantic Ridge,-36.0992,7.4362,10.0,2023-02-18 14:07:43.327000+00:00,2,green,2
1688994325700,"85 km NW of Karluk, Alaska",reviewed,0,1,earthquake,0.27, Alaska,-155.3155,58.1818333333333,2.54,2023-07-10 13:05:25.700000+00:00,1,blue,1
1661288803650,"12 km ESE of P?hala, Hawaii",automatic,0,57,earthquake,1.92, Hawaii,-155.364334106445,19.1585006713867,30.2299995422363,2022-08-23 21:06:43.650000+00:00,0,red,0
1678611535930,"5km SW of Idyllwild, CA",reviewed,0,4,earthquake,0.49,California,-116.7626667,33.7151667,16.28,2023-03-12 08:58:55.930000+00:00,1,blue,1
1657978989244,Banda Sea,reviewed,0,340,earthquake,4.7,Banda Sea,129.3262,-6.9415,197.302,2022-07-16 13:43:09.244000+00:00,2,green,2
1644598059481,"67 km E of Hualien City, Taiwan",reviewed,0,340,earthquake,4.7, Taiwan,122.2649,24.0328,10.0,2022-02-11 16:47:39.481000+00:00,2,green,2
1680994476877,"17 km SW of Larsen Bay, Alaska",reviewed,0,56,earthquake,1.9, Alaska,-154.2128,57.4395,47.0,2023-04-08 22:54:36.877000+00:00,0,red,0
1644260899180,"40 km W of Petersville, Alaska",reviewed,0,248,earthquake,4.0, Alaska,-151.5482,62.5149,97.1,2022-02-07 19:08:19.180000+00:00,2,green,2
1653299572579,"Andreanof Islands, Aleutian Islands, Alaska",reviewed,0,39,earthquake,1.6, Aleutian Islands,-177.7263,51.4417,57.2,2022-05-23 09:52:52.579000+00:00,0,red,0
1655687868133,"150 km E of Iquique, Chile",reviewed,0,327,earthquake,4.6, Chile,-68.7101,-20.2969,120.25,2022-06-20 01:17:48.133000+00:00,2,green,2
1654614469710,"1 km WNW of Esperanza, Puerto Rico",reviewed,0,81,earthquake,2.29, Puerto Rico,-65.4871666666667,18.1055,20.34,2022-06-07 15:07:49.710000+00:00,0,red,0
1686142890720,"15 km SE of Fern Forest, Hawaii",reviewed,0,12,earthquake,0.88, Hawaii,-155.04,19.3565,0.59,2023-06-07 13:01:30.720000+00:00,1,blue,1
1679677763920,"2km NW of The Geysers, CA",automatic,0,10,earthquake,0.8,California,-122.7681656,38.7874985,1.2,2023-03-24 17:09:23.920000+00:00,1,blue,1
1678568001980,"4 km SW of Volcano, Hawaii",reviewed,0,36,earthquake,1.53, Hawaii,-155.269833333333,19.4191666666667,0.24,2023-03-11 20:53:21.980000+00:00,1,blue,1
1684835039501,"28 km WSW of Totoral, Bolivia",reviewed,0,298,earthquake,4.4, Bolivia,-67.1094,-18.6224,249.135,2023-05-23 09:43:59.501000+00:00,2,green,2
1686653422750,"29 km WSW of Golovin, Alaska",reviewed,0,234,earthquake,3.9, Alaska,-163.5773,64.4123,21.9,2023-06-13 10:50:22.750000+00:00,2,green,2
1667788591940,Puerto Rico region,reviewed,0,221,earthquake,3.79,Puerto Rico region,-65.8173,19.6766,6.0,2022-11-07 02:36:31.940000+00:00,2,green,2
1665346920470,"10km WSW of Idyllwild, CA",reviewed,0,6,earthquake,0.62,California,-116.8091667,33.6968333,15.37,2022-10-09 20:22:00.470000+00:00,1,blue,1
1690530278537,"125 km SE of Hiroo, Japan",reviewed,0,340,earthquake,4.7, Japan,144.2639,41.408,37.839,2023-07-28 07:44:38.537000+00:00,2,green,2
1650016225236,"8 km SE of Perryville, Alaska",reviewed,0,68,earthquake,2.1, Alaska,-159.0397,55.8581,66.9,2022-04-15 09:50:25.236000+00:00,0,red,0
1656730969689,"4 km SE of Marshall, Oklahoma",reviewed,0,15,earthquake,0.99, Oklahoma,-97.5915,36.125,6.51,2022-07-02 03:02:49.689000+00:00,1,blue,1
1644642388544,"23 km W of Kalifornsky, Alaska",reviewed,0,30,earthquake,1.4, Alaska,-151.6999,60.4584,67.4,2022-02-12 05:06:28.544000+00:00,0,red,0
1681398245709,Nevada,reviewed,0,10,earthquake,0.8,Nevada,-118.0229,39.2289,9.0,2023-04-13 15:04:05.709000+00:00,1,blue,1
1671622690560,"6 km SW of Glencoe, Oklahoma",reviewed,0,4,earthquake,0.52, Oklahoma,-96.97066667,36.18716667,6.89,2022-12-21 11:38:10.560000+00:00,1,blue,1
1676164131030,"93 km W of Adak, Alaska",reviewed,0,1,earthquake,0.28, Alaska,-177.984,51.8506666666667,3.75,2023-02-12 01:08:51.030000+00:00,1,blue,1
1658785575910,"1km E of Anza, CA",reviewed,0,2,earthquake,0.32,California,-116.6596667,33.5545,8.63,2022-07-25 21:46:15.910000+00:00,1,blue,1
1666578963800,"10km N of Healdsburg, CA",reviewed,0,33,earthquake,1.47,California,-122.888,38.698,7.15,2022-10-24 02:36:03.800000+00:00,1,blue,1
1659943792979,"20 km NW of Stanley, Idaho",reviewed,0,39,earthquake,1.6, Idaho,-115.1403,44.3242,10.0,2022-08-08 07:29:52.979000+00:00,1,blue,1
1673376709061,"17 km WNW of Mentasta Lake, Alaska",reviewed,0,19,earthquake,1.1, Alaska,-144.0776,62.9954,11.5,2023-01-10 18:51:49.061000+00:00,1,blue,1
1668531365670,"75 km SSE of Atka, Alaska",reviewed,0,81,earthquake,2.3, Alaska,-173.6035,51.6282,18.4,2022-11-15 16:56:05.670000+00:00,0,red,0
1667685346388,"58 km WNW of Ninilchik, Alaska",reviewed,0,62,earthquake,2.0, Alaska,-152.6762,60.1972,102.2,2022-11-05 21:55:46.388000+00:00,0,red,0
1646147190247,"45 km W of Karluk, Alaska",reviewed,0,50,earthquake,1.8, Alaska,-155.2131,57.6047,37.7,2022-03-01 15:06:30.247000+00:00,0,red,0
1641110224101,"139 km ENE of Amahai, Indonesia",reviewed,0,271,earthquake,4.2, Indonesia,130.1375,-3.0222,10.0,2022-01-02 07:57:04.101000+00:00,2,green,2
1657358367150,"6km ENE of North Shore, CA",reviewed,0,65,earthquake,2.06,California,-115.8725,33.5481667,8.69,2022-07-09 09:19:27.150000+00:00,0,red,0
1669097833160,"5km S of Redlands, CA",reviewed,0,53,earthquake,1.85,California,-117.1868333,34.008,15.18,2022-11-22 06:17:13.160000+00:00,0,red,0
1677655510900,"8km W of Cobb, CA",automatic,0,8,earthquake,0.71,California,-122.8115005,38.8325005,2.06,2023-03-01 07:25:10.900000+00:00,1,blue,1
1689343549140,"9 km ESE of Mendocino, CA",reviewed,0,26,earthquake,1.29,California,-123.7063333,39.2703333,0.64,2023-07-14 14:05:49.140000+00:00,1,blue,1
1652335744562,"97 km NNW of Yakutat, Alaska",reviewed,0,10,earthquake,0.8, Alaska,-140.6271,60.2921,5.7,2022-05-12 06:09:04.562000+00:00,1,blue,1
1683653993832,Nevada,reviewed,0,89,earthquake,2.4,Nevada,-117.1681,40.8059,3.4,2023-05-09 17:39:53.832000+00:00,0,red,0
1678408121860,"7km NW of San Jacinto, CA",reviewed,0,15,earthquake,0.99,California,-117.0133333,33.8298333,15.34,2023-03-10 00:28:41.860000+00:00,1,blue,1
1682188973439,"5 km W of Prague, Oklahoma",reviewed,0,37,earthquake,1.56, Oklahoma,-96.74616667,35.496,5.77,2023-04-22 18:42:53.439000+00:00,1,blue,1
1688490608860,"27 km S of Mammoth, Wyoming",reviewed,0,5,earthquake,0.59, Wyoming,-110.657,44.732,4.79,2023-07-04 17:10:08.860000+00:00,1,blue,1
1686118395530,"7km WNW of Cobb, CA",reviewed,0,9,earthquake,0.78,California,-122.8056667,38.836,1.98,2023-06-07 06:13:15.530000+00:00,1,blue,1
1647333074887,"73 km WNW of Cabra, Philippines",reviewed,0,326,earthquake,4.6, Philippines,119.4051,14.1086,10.0,2022-03-15 08:31:14.887000+00:00,2,green,2
1680142893129,"33 km SSE of Denali National Park, Alaska",reviewed,0,35,earthquake,1.5, Alaska,-151.4949,63.257,9.6,2023-03-30 02:21:33.129000+00:00,1,blue,1
1648229185610,"5 km ENE of Government Camp, Oregon",reviewed,0,7,earthquake,0.66, Oregon,-121.6935,45.324,3.8,2022-03-25 17:26:25.610000+00:00,1,blue,1
1668087466920,"7 km WNW of Tiptonville, Tennessee",reviewed,0,56,earthquake,1.91, Tennessee,-89.5426667,36.4081667,5.13,2022-11-10 13:37:46.920000+00:00,0,red,0
1644152590588,"216 km E of Levuka, Fiji",reviewed,0,312,earthquake,4.5, Fiji,-178.672,-17.7244,550.02,2022-02-06 13:03:10.588000+00:00,2,pink,3
1682064638580,"22 km W of Volcano, Hawaii",reviewed,0,89,earthquake,2.41, Hawaii,-155.444833333333,19.4548333333333,8.94,2023-04-21 08:10:38.580000+00:00,0,red,0
1647241255810,"5 km SSW of P?hala, Hawaii",automatic,0,58,earthquake,1.94, Hawaii,-155.505661010742,19.1633338928223,36.5800018310547,2022-03-14 07:00:55.810000+00:00,0,red,0
1675511721981,"7 km WNW of Westbrook, Texas",reviewed,0,62,earthquake,2.0, Texas,-101.0902963,32.38494873,6.969604492,2023-02-04 11:55:21.981000+00:00,0,red,0
1664822724403,"10 km W of Akutan, Alaska",reviewed,0,15,earthquake,1.0, Alaska,-165.9322,54.1503,5.4,2022-10-03 18:45:24.403000+00:00,1,blue,1
1680632711009,"9 km SE of Erin Springs, Oklahoma",reviewed,0,35,earthquake,1.5, Oklahoma,-97.52833333,34.75633333,7.36,2023-04-04 18:25:11.009000+00:00,1,blue,1
1681432982160,"7km WNW of Cobb, CA",reviewed,0,2,earthquake,0.32,California,-122.8023333,38.8418333,3.23,2023-04-14 00:43:02.160000+00:00,1,blue,1
1672924943770,"3km ENE of Imperial Beach, CA",reviewed,0,17,earthquake,1.04,California,-117.0876667,32.5971667,8.82,2023-01-05 13:22:23.770000+00:00,1,blue,1
1683045225318,"50 km NNE of Petersville, Alaska",reviewed,0,22,earthquake,1.2, Alaska,-150.462,62.9268,84.3,2023-05-02 16:33:45.318000+00:00,0,red,0
1646910266140,"11km WNW of Alberto Oviedo Mota, B.C., MX",reviewed,0,44,earthquake,1.7, B.C.,-115.288,32.2515,2.57,2022-03-10 11:04:26.140000+00:00,1,blue,1
1652606564385,Kermadec Islands region,reviewed,0,369,earthquake,4.9,Kermadec Islands region,-176.5473,-28.6927,10.0,2022-05-15 09:22:44.385000+00:00,2,green,2
1678286986868,"102 km W of Adak, Alaska",reviewed,0,68,earthquake,2.1, Alaska,-178.1281,51.8692,6.8,2023-03-08 14:49:46.868000+00:00,0,red,0
1670198999150,"3 km W of Gorst, Washington",reviewed,0,20,earthquake,1.15, Washington,-122.75216666666668,47.53116666666666,22.37,2022-12-05 00:09:59.150000+00:00,1,blue,1
1657869505279,"8 km WSW of La Paz, Philippines",reviewed,0,271,earthquake,4.2, Philippines,124.8902,10.856,71.02,2022-07-15 07:18:25.279000+00:00,2,green,2
1643016320290,"15 km ESE of Lacomb, Oregon",reviewed,0,31,earthquake,1.41, Oregon,-122.558166666667,44.546,13.83,2022-01-24 09:25:20.290000+00:00,1,blue,1
1678206439530,"9km NW of Pinnacles, CA",reviewed,0,5,earthquake,0.58,California,-121.2016667,36.5965,8.11,2023-03-07 16:27:19.530000+00:00,1,blue,1
1641788479940,"2km NNW of The Geysers, CA",automatic,0,8,earthquake,0.72,California,-122.7668304,38.795166,1.55,2022-01-10 04:21:19.940000+00:00,1,blue,1
1660519164600,"1 km NE of Quinton, Oklahoma",reviewed,0,15,earthquake,0.99, Oklahoma,-95.35883333,35.13216667,6.56,2022-08-14 23:19:24.600000+00:00,1,blue,1
1655239811420,"21km E of Little Lake, CA",reviewed,0,20,earthquake,1.14,California,-117.674,35.9435,4.73,2022-06-14 20:50:11.420000+00:00,1,blue,1
1681400226790,"3 km S of P?hala, Hawaii",automatic,0,57,earthquake,1.91999996, Hawaii,-155.478668212891,19.1746673583984,32.0499992370605,2023-04-13 15:37:06.790000+00:00,0,red,0
1661885230202,"57 km NNE of Petersville, Alaska",reviewed,0,30,earthquake,1.4, Alaska,-150.4442,62.9915,100.5,2022-08-30 18:47:10.202000+00:00,0,red,0
1657279093310,"36 km SE of West Yellowstone, Montana",reviewed,0,32,earthquake,1.45, Montana,-110.8396667,44.3918333,2.29,2022-07-08 11:18:13.310000+00:00,1,blue,1
1673368066582,"56 km WNW of Finschhafen, Papua New Guinea",reviewed,0,284,earthquake,4.3, Papua New Guinea,147.419,-6.2834,66.885,2023-01-10 16:27:46.582000+00:00,2,green,2
1661343873349,"27 km WNW of Anchor Point, Alaska",reviewed,0,30,earthquake,1.4, Alaska,-152.3082,59.8462,79.9,2022-08-24 12:24:33.349000+00:00,0,red,0
1687623993846,"86 km NW of Karluk, Alaska",reviewed,0,22,earthquake,1.2, Alaska,-155.3369,58.1838,1.8,2023-06-24 16:26:33.846000+00:00,1,blue,1
1680610930181,"22 km SW of Deltana, Alaska",reviewed,0,30,earthquake,1.4, Alaska,-145.5201,63.72,16.1,2023-04-04 12:22:10.181000+00:00,1,blue,1
1641552857289,"15 km WSW of Willow, Alaska",reviewed,0,19,earthquake,1.1, Alaska,-150.3029,61.6799,12.6,2022-01-07 10:54:17.289000+00:00,1,blue,1
1645423773203,"6 km E of Saint-Siméon, Canada",reviewed,0,39,earthquake,1.6, Canada,-69.7865,47.8349,13.97,2022-02-21 06:09:33.203000+00:00,1,blue,1
1657821882235,"63 km S of Cantwell, Alaska",reviewed,0,19,earthquake,1.1, Alaska,-148.9479,62.8247,62.5,2022-07-14 18:04:42.235000+00:00,1,blue,1
1654646413028,"148 km WSW of Adak, Alaska",reviewed,0,30,earthquake,1.4, Alaska,-178.6946,51.5034,66.3,2022-06-08 00:00:13.028000+00:00,0,red,0
1658817341895,"Andreanof Islands, Aleutian Islands, Alaska",reviewed,0,168,earthquake,3.3, Aleutian Islands,-172.1922,52.1919,35.0,2022-07-26 06:35:41.895000+00:00,0,red,0
1671089362340,"5 km SW of Guánica, Puerto Rico",reviewed,0,81,earthquake,2.29, Puerto Rico,-66.9478333333333,17.9436666666667,10.1,2022-12-15 07:29:22.340000+00:00,0,red,0
1688012898330,"44 km WSW of Anchor Point, Alaska",reviewed,0,19,earthquake,1.1, Alaska,-152.5794,59.6531,83.9,2023-06-29 04:28:18.330000+00:00,0,red,0
1689538042542,"121 km S of Sand Point, Alaska",reviewed,0,234,earthquake,3.9, Alaska,-160.7432,54.2568,35.0,2023-07-16 20:07:22.542000+00:00,2,green,2
1656676108596,"7 km WSW of Houston, Alaska",reviewed,0,12,earthquake,0.9, Alaska,-149.9523,61.608,36.5,2022-07-01 11:48:28.596000+00:00,1,blue,1
1641928502800,"18 km WNW of Akutan, Alaska",reviewed,0,0,earthquake,0.12, Alaska,-166.043333333333,54.1821666666667,7.55,2022-01-11 19:15:02.800000+00:00,1,blue,1
1677623844520,"18km SSE of Maricopa, CA",reviewed,0,28,earthquake,1.35,California,-119.349,34.8976667,5.88,2023-02-28 22:37:24.520000+00:00,1,blue,1
1672132047730,"10km NNW of Anza, CA",reviewed,0,5,earthquake,0.55,California,-116.7001667,33.6466667,12.78,2022-12-27 09:07:27.730000+00:00,1,blue,1
1682038306572,"154 km ESE of Kimbe, Papua New Guinea",reviewed,0,298,earthquake,4.4, Papua New Guinea,151.3398,-6.2537,10.0,2023-04-21 00:51:46.572000+00:00,2,green,2
1681222800660,"99 km W of Adak, Alaska",reviewed,0,34,earthquake,1.48, Alaska,-178.083666666667,51.858,3.24,2023-04-11 14:20:00.660000+00:00,1,blue,1
1675670079189,"19 km WNW of Latakia, Syria",reviewed,0,284,earthquake,4.3, Syria,35.5841,35.5907,10.0,2023-02-06 07:54:39.189000+00:00,2,green,2
1668956010394,"84 km NNW of Karluk, Alaska",reviewed,0,22,earthquake,1.2, Alaska,-155.1447,58.2336,9.3,2022-11-20 14:53:30.394000+00:00,1,blue,1
1660817307773,"60 km E of Pedro Bay, Alaska",reviewed,0,39,earthquake,1.6, Alaska,-153.0363,59.8312,103.2,2022-08-18 10:08:27.773000+00:00,0,red,0
1653843289634,"220 km SE of Attu Station, Alaska",reviewed,0,199,earthquake,3.6, Alaska,175.5282,51.4869,35.0,2022-05-29 16:54:49.634000+00:00,2,green,2
1663144184960,"19 km S of Guánica, Puerto Rico",reviewed,0,77,earthquake,2.24, Puerto Rico,-66.9263333333333,17.7931666666667,13.72,2022-09-14 08:29:44.960000+00:00,0,red,0
1681714317230,"4km NNW of The Geysers, CA",automatic,0,8,earthquake,0.74,California,-122.7708359,38.8068352,1.35,2023-04-17 06:51:57.230000+00:00,1,blue,1
1678237846550,"105 km W of Adak, Alaska",reviewed,0,28,earthquake,1.34, Alaska,-178.1715,51.8828333333333,5.24,2023-03-08 01:10:46.550000+00:00,1,blue,1
1682632736020,"99 km W of Adak, Alaska",reviewed,0,4,earthquake,0.49, Alaska,-178.0835,51.8551666666667,3.52,2023-04-27 21:58:56.020000+00:00,1,blue,1
1681365700420,"7km WNW of The Geysers, CA",automatic,0,9,earthquake,0.75,California,-122.8276672,38.8086662,1.94,2023-04-13 06:01:40.420000+00:00,1,blue,1
1648438008850,"34 km NW of Ovalle, Chile",reviewed,0,272,earthquake,4.2, Chile,-71.4066,-30.3506,35.91,2022-03-28 03:26:48.850000+00:00,2,green,2
1686125552241,"39 km N of Santa Monica, Philippines",reviewed,0,284,earthquake,4.3, Philippines,126.0088,10.3758,59.41,2023-06-07 08:12:32.241000+00:00,2,green,2
1688934432105,"33 km W of Tanana, Alaska",reviewed,0,56,earthquake,1.9, Alaska,-152.7883,65.1741,4.5,2023-07-09 20:27:12.105000+00:00,0,red,0
1642730492670,"22 km E of Honaunau-Napoopoo, Hawaii",reviewed,0,86,earthquake,2.37, Hawaii,-155.6505,19.4838333333333,4.42,2022-01-21 02:01:32.670000+00:00,0,red,0
1664236478893,"53 km SSW of Skwentna, Alaska",reviewed,0,121,earthquake,2.8, Alaska,-151.8445,61.5603,102.8,2022-09-26 23:54:38.893000+00:00,0,red,0
1669603181270,"8 km WSW of Minco, Oklahoma",reviewed,0,20,earthquake,1.15, Oklahoma,-98.02166667,35.2755,7.0,2022-11-28 02:39:41.270000+00:00,1,blue,1
1664497623745,"135 km S of McCarthy, Alaska",reviewed,0,30,earthquake,1.4, Alaska,-143.2502,60.2314,0.5,2022-09-30 00:27:03.745000+00:00,1,blue,1
1646400383590,"23 km WNW of Stanley, Idaho",reviewed,0,86,earthquake,2.37, Idaho,-115.1955,44.3278333,10.34,2022-03-04 13:26:23.590000+00:00,0,red,0
1689637160610,"63 km E of Ugashik, Alaska",reviewed,0,89,earthquake,2.4, Alaska,-156.343,57.4385,89.0,2023-07-17 23:39:20.610000+00:00,0,red,0
1675889488824,"40 km W of Akhiok, Alaska",reviewed,0,44,earthquake,1.7, Alaska,-154.8341,56.988,6.2,2023-02-08 20:51:28.824000+00:00,0,red,0
1664415390660,"9 km E of P?hala, Hawaii",automatic,0,46,earthquake,1.73000002, Hawaii,-155.393325805664,19.2185001373291,32.0099983215332,2022-09-29 01:36:30.660000+00:00,0,red,0
1660291520220,"22km ENE of Little Lake, CA",reviewed,0,13,earthquake,0.92,California,-117.6676667,35.9768333,2.43,2022-08-12 08:05:20.220000+00:00,1,blue,1
1684643573132,"3 km W of Happy Valley, Alaska",reviewed,0,19,earthquake,1.1, Alaska,-151.801,59.9425,12.9,2023-05-21 04:32:53.132000+00:00,1,blue,1
1647123761540,"16km SSW of Searles Valley, CA",reviewed,0,44,earthquake,1.7,California,-117.4975,35.6491667,6.38,2022-03-12 22:22:41.540000+00:00,0,red,0
1679694456700,"1 km NW of Blytheville, Arkansas",reviewed,0,58,earthquake,1.94, Arkansas,-89.926,35.9358333333333,16.43,2023-03-24 21:47:36.700000+00:00,0,red,0
1663081323020,"53km E of Maneadero, B.C., MX",reviewed,0,130,earthquake,2.91, B.C.,-116.0178333,31.6245,9.4,2022-09-13 15:02:03.020000+00:00,0,red,0
1649247203494,"73 km WNW of Aleneva, Alaska",reviewed,0,22,earthquake,1.2, Alaska,-154.1229,58.2255,77.7,2022-04-06 12:13:23.494000+00:00,0,red,0
1679667230040,"9km SSW of Borrego Springs, CA",reviewed,0,39,earthquake,1.6,California,-116.4083333,33.1831667,11.87,2023-03-24 14:13:50.040000+00:00,1,blue,1
1671928533644,"15 km S of Nelson Lagoon, Alaska",reviewed,0,104,earthquake,2.6, Alaska,-161.2356,55.8633,183.28,2022-12-25 00:35:33.644000+00:00,0,red,0
1670739638248,"13 km WNW of Point MacKenzie, Alaska",reviewed,0,22,earthquake,1.2, Alaska,-150.2234,61.3844,41.8,2022-12-11 06:20:38.248000+00:00,1,blue,1
1649085406240,"9km W of Rio Dell, CA",reviewed,0,348,earthquake,4.07,California,-124.2101667,40.4871667,21.4,2022-04-04 15:16:46.240000+00:00,2,green,2
1670815252340,"14km WSW of Toms Place, CA",reviewed,0,1,earthquake,0.27,California,-118.8311667,37.5365,6.7,2022-12-12 03:20:52.340000+00:00,1,blue,1
1685299714440,"6km W of Cobb, CA",automatic,0,9,earthquake,0.78,California,-122.7910004,38.8238335,1.18,2023-05-28 18:48:34.440000+00:00,1,blue,1
1651132805706,South Sandwich Islands region,reviewed,0,271,earthquake,4.2,South Sandwich Islands region,-25.281,-58.107,35.0,2022-04-28 08:00:05.706000+00:00,2,green,2
1665764232270,"5km NNE of Millville, CA",reviewed,0,34,earthquake,1.48,California,-122.1601667,40.5965,11.53,2022-10-14 16:17:12.270000+00:00,1,blue,1
1683343960420,"85 km NNW of Karluk, Alaska",reviewed,0,4,earthquake,0.49, Alaska,-155.0945,58.2585,4.9,2023-05-06 03:32:40.420000+00:00,1,blue,1
1679968608490,"5km NNW of The Geysers, CA",reviewed,0,3,earthquake,0.43,California,-122.7845,38.8131667,1.64,2023-03-28 01:56:48.490000+00:00,1,blue,1
1655690519910,"2km NW of The Geysers, CA",automatic,0,12,earthquake,0.88,California,-122.7666702,38.7879982,2.14,2022-06-20 02:01:59.910000+00:00,1,blue,1
1646915632400,"10km WNW of The Geysers, CA",reviewed,0,24,earthquake,1.26,California,-122.8525,38.8233333,2.89,2022-03-10 12:33:52.400000+00:00,1,blue,1
1681896989124,"72 km WSW of Nanwalek, Alaska",reviewed,0,56,earthquake,1.9, Alaska,-153.0008,59.0192,66.4,2023-04-19 09:36:29.124000+00:00,0,red,0
1652636137689,"10 km WNW of Okeene, Oklahoma",reviewed,0,74,earthquake,2.19, Oklahoma,-98.43133333,36.1405,5.15,2022-05-15 17:35:37.689000+00:00,0,red,0
1686301354960,"260 km W of Adak, Alaska",reviewed,0,3,earthquake,0.41, Alaska,179.580666666667,51.9255,10.8,2023-06-09 09:02:34.960000+00:00,1,blue,1
1641722322382,"31 km N of Skwentna, Alaska",reviewed,0,35,earthquake,1.5, Alaska,-151.3196,62.2681,88.3,2022-01-09 09:58:42.382000+00:00,0,red,0
1661583274550,"84 km NNW of Karluk, Alaska",reviewed,0,0,earthquake,0.09, Alaska,-155.096,58.2435,16.5,2022-08-27 06:54:34.550000+00:00,1,blue,1
1661412771460,"7km NNE of Borrego Springs, CA",reviewed,0,169,earthquake,3.27,California,-116.3506667,33.3161667,11.56,2022-08-25 07:32:51.460000+00:00,0,red,0
1679507109067,"44 km SSE of Glacier View, Alaska",reviewed,0,35,earthquake,1.5, Alaska,-147.4236,61.4246,13.2,2023-03-22 17:45:09.067000+00:00,1,blue,1
1650310008310,"14km ENE of Indio, CA",reviewed,0,15,earthquake,0.98,California,-116.0916667,33.7891667,3.35,2022-04-18 19:26:48.310000+00:00,1,blue,1
1671629325690,"8km W of Cobb, CA",automatic,0,17,earthquake,1.04,California,-122.8176651,38.8356667,1.45,2022-12-21 13:28:45.690000+00:00,1,blue,1
1647099825810,"149 km W of Adak, Alaska",reviewed,0,5,earthquake,0.58, Alaska,-178.798333333333,51.7973333333333,7.01,2022-03-12 15:43:45.810000+00:00,1,blue,1
1643195640670,"28 km W of Hebgen Lake Estates, Montana",reviewed,0,24,earthquake,1.24, Montana,-111.5446667,44.798,13.43,2022-01-26 11:14:00.670000+00:00,1,blue,1
1650982459840,"2 km ESE of Palomas, Puerto Rico",reviewed,0,79,earthquake,2.26, Puerto Rico,-66.8498333333333,18.0075,7.12,2022-04-26 14:14:19.840000+00:00,0,red,0
1674688496300,"25km SW of Ocotillo Wells, CA",reviewed,0,10,earthquake,0.82,California,-116.296,32.9668333,11.55,2023-01-25 23:14:56.300000+00:00,1,blue,1
1666429307450,"16 km N of Meadow Lakes, Alaska",reviewed,0,44,earthquake,1.7, Alaska,-149.5455,61.7707,38.2,2022-10-22 09:01:47.450000+00:00,0,red,0
1645926506180,"11km NNW of Santa Paula, CA",reviewed,0,37,earthquake,1.42,California,-119.118,34.4361667,13.79,2022-02-27 01:48:26.180000+00:00,1,blue,1
1666493551240,"7km NW of The Geysers, CA",automatic,0,16,earthquake,1.01,California,-122.8166656,38.8151665,2.18,2022-10-23 02:52:31.240000+00:00,1,blue,1
1681249879080,"5 km SW of Fuig, Puerto Rico",reviewed,0,73,earthquake,2.18, Puerto Rico,-66.9625,17.9578333333333,14.99,2023-04-11 21:51:19.080000+00:00,0,red,0
1672824523436,"55 km NW of Aleneva, Alaska",reviewed,0,104,earthquake,2.6, Alaska,-153.5308,58.439,66.5,2023-01-04 09:28:43.436000+00:00,0,red,0
1673435011250,"3 km WSW of Guánica, Puerto Rico",reviewed,0,62,earthquake,2.01, Puerto Rico,-66.9325,17.9578333333333,12.83,2023-01-11 11:03:31.250000+00:00,0,red,0
1679785904760,"7km NW of The Geysers, CA",automatic,0,11,earthquake,0.85,California,-122.8011703,38.8273315,1.83,2023-03-25 23:11:44.760000+00:00,1,blue,1
1671994444170,"6km W of Cobb, CA",automatic,0,9,earthquake,0.78,California,-122.7914963,38.8269997,0.71,2022-12-25 18:54:04.170000+00:00,1,blue,1
1658733478127,"30 km SSE of Mina, Nevada",reviewed,0,10,earthquake,0.8, Nevada,-117.9248,38.156,10.2,2022-07-25 07:17:58.127000+00:00,1,blue,1
1687588829826,"3 km ESE of Big Lake, Alaska",reviewed,0,15,earthquake,1.0, Alaska,-149.8948,61.5073,31.9,2023-06-24 06:40:29.826000+00:00,1,blue,1
1657613436679,"89 km S of Eureka, Nevada",reviewed,0,44,earthquake,1.7, Nevada,-116.1222,38.7163,3.2,2022-07-12 08:10:36.679000+00:00,1,blue,1
1670518440990,"10km NW of The Geysers, CA",automatic,0,18,earthquake,1.07,California,-122.8523331,38.8288345,1.56,2022-12-08 16:54:00.990000+00:00,1,blue,1
1662199236753,"9 km NE of Markleeville, California",reviewed,0,8,earthquake,0.7, California,-119.7039,38.7493,8.2,2022-09-03 10:00:36.753000+00:00,1,blue,1
1688098302850,"7km NW of The Geysers, CA",reviewed,0,3,earthquake,0.43,California,-122.817,38.8153333,3.42,2023-06-30 04:11:42.850000+00:00,1,blue,1
1659536590114,"41 km NNE of Chickaloon, Alaska",reviewed,0,19,earthquake,1.1, Alaska,-148.1132,62.1335,27.4,2022-08-03 14:23:10.114000+00:00,1,blue,1
1641336128168,"70 km NNW of Neiafu, Tonga",reviewed,0,271,earthquake,4.2, Tonga,-174.3292,-18.1022,137.78,2022-01-04 22:42:08.168000+00:00,2,green,2
1683273037718,"26 km SW of Petersville, Alaska",reviewed,0,30,earthquake,1.4, Alaska,-151.0563,62.3049,69.5,2023-05-05 07:50:37.718000+00:00,0,red,0
1650476294240,"29km ENE of Johannesburg, CA",reviewed,0,1,earthquake,0.2,California,-117.3516667,35.4976667,10.42,2022-04-20 17:38:14.240000+00:00,1,blue,1
1662747848780,"3km NNW of Pinnacles, CA",reviewed,0,52,earthquake,1.83,California,-121.153,36.5605,6.91,2022-09-09 18:24:08.780000+00:00,0,red,0
1655505582690,"3km W of Cobb, CA",reviewed,0,40,earthquake,1.62,California,-122.761,38.822,0.15,2022-06-17 22:39:42.690000+00:00,1,blue,1
1649616546850,"4 km WSW of Benton City, Washington",reviewed,0,11,earthquake,0.84, Washington,-119.544,46.252833333333335,7.09,2022-04-10 18:49:06.850000+00:00,1,blue,1
1680589346700,"14km WSW of Searles Valley, CA",reviewed,0,42,earthquake,1.65,California,-117.5286667,35.7008333,7.56,2023-04-04 06:22:26.700000+00:00,1,blue,1
1653901408620,"2 km SSW of Magas Arriba, Puerto Rico",reviewed,0,95,earthquake,2.48, Puerto Rico,-66.7768333333333,17.9995,13.01,2022-05-30 09:03:28.620000+00:00,0,red,0
1683274558710,"2km S of Blackhawk, CA",reviewed,0,24,earthquake,1.26,California,-121.9105,37.8005,16.29,2023-05-05 08:15:58.710000+00:00,1,blue,1
1651303900820,"20km SSE of Twentynine Palms, CA",reviewed,0,15,earthquake,0.98,California,-115.968,33.9778333,10.27,2022-04-30 07:31:40.820000+00:00,1,blue,1
1649204967841,"193 km SSW of Singkil, Indonesia",reviewed,0,284,earthquake,4.3, Indonesia,97.1097,0.6799,10.0,2022-04-06 00:29:27.841000+00:00,2,green,2
1676902347548,"12 km ENE of Point Possession, Alaska",reviewed,0,22,earthquake,1.2, Alaska,-150.4598,60.9501,48.7,2023-02-20 14:12:27.548000+00:00,1,blue,1
1674887535110,"24 km ENE of Beluga, Alaska",reviewed,0,15,earthquake,1.0, Alaska,-150.6567,61.2194,56.5,2023-01-28 06:32:15.110000+00:00,1,blue,1
1650635565575,"2 km SSE of Burning Man Earth, Nevada",reviewed,0,44,earthquake,1.7, Nevada,-119.2159,40.7466,5.8,2022-04-22 13:52:45.575000+00:00,0,red,0
1662527080986,"Southern Yukon Territory, Canada",reviewed,0,19,earthquake,1.1, Canada,-140.9547,60.2869,19.1,2022-09-07 05:04:40.986000+00:00,1,blue,1
1649662664404,"66 km W of Tyonek, Alaska",reviewed,0,15,earthquake,1.0, Alaska,-152.3727,61.0675,110.2,2022-04-11 07:37:44.404000+00:00,0,red,0
1654851209120,"6km NW of The Geysers, CA",automatic,0,14,earthquake,0.97,California,-122.7963333,38.8183327,3.25,2022-06-10 08:53:29.120000+00:00,1,blue,1
1687600900500,"8km W of Cobb, CA",automatic,0,9,earthquake,0.76,California,-122.8144989,38.8334999,1.75,2023-06-24 10:01:40.500000+00:00,1,blue,1
1677866046649,"61 km E of Pedro Bay, Alaska",reviewed,0,56,earthquake,1.9, Alaska,-153.0065,59.7907,91.2,2023-03-03 17:54:06.649000+00:00,0,red,0
1671212528050,"10 km SSE of Maria Antonia, Puerto Rico",reviewed,0,79,earthquake,2.27, Puerto Rico,-66.8406666666667,17.8958333333333,12.84,2022-12-16 17:42:08.050000+00:00,0,red,0
1664338389960,"3 km SW of P?hala, Hawaii",automatic,0,71,earthquake,2.1500001, Hawaii,-155.495666503906,19.1793327331543,32.2299995422363,2022-09-28 04:13:09.960000+00:00,0,red,0
1685824663927,"60 km NNW of Skwentna, Alaska",reviewed,0,15,earthquake,1.0, Alaska,-152.0033,62.4487,99.0,2023-06-03 20:37:43.927000+00:00,0,red,0
1665147066880,"4 km ESE of Indios, Puerto Rico",reviewed,0,44,earthquake,1.69, Puerto Rico,-66.7801666666667,17.9703333333333,12.26,2022-10-07 12:51:06.880000+00:00,0,red,0
1676619865740,"3km NE of The Geysers, CA",automatic,0,19,earthquake,1.1,California,-122.7279968,38.7936668,1.92,2023-02-17 07:44:25.740000+00:00,1,blue,1
1669461157890,"1km E of The Geysers, CA",automatic,0,1,earthquake,0.21,California,-122.7419968,38.7783318,1.41,2022-11-26 11:12:37.890000+00:00,1,blue,1
1650632037084,"121 km E of McCarthy, Alaska",reviewed,0,15,earthquake,1.0, Alaska,-140.6525,61.5612,6.0,2022-04-22 12:53:57.084000+00:00,1,blue,1
1682710478860,"13 km ESE of P?hala, Hawaii",automatic,0,52,earthquake,1.83, Hawaii,-155.361328125,19.1464996337891,30.3899993896484,2023-04-28 19:34:38.860000+00:00,0,red,0
1679053247257,"27 km SSW of Segundo, Colorado",reviewed,0,19,earthquake,1.1, Colorado,-104.8222,36.8872,5.0,2023-03-17 11:40:47.257000+00:00,1,blue,1
1648937327980,"6km NW of The Geysers, CA",automatic,0,16,earthquake,1.01,California,-122.8001633,38.8221664,2.04,2022-04-02 22:08:47.980000+00:00,1,blue,1
1648069888280,"10km ESE of Anderson, CA",reviewed,0,52,earthquake,1.84,California,-122.1858333,40.4088333,26.16,2022-03-23 21:11:28.280000+00:00,0,red,0
1651402265150,"0 km NE of Guayanilla, Puerto Rico",reviewed,0,45,earthquake,1.71, Puerto Rico,-66.7861666666667,18.0238333333333,14.13,2022-05-01 10:51:05.150000+00:00,0,red,0
1671051881864,"42 km NW of Ninilchik, Alaska",reviewed,0,35,earthquake,1.5, Alaska,-152.2582,60.2939,84.1,2022-12-14 21:04:41.864000+00:00,0,red,0
1644871071020,"Rat Islands, Aleutian Islands, Alaska",reviewed,0,40,earthquake,1.61, Aleutian Islands,178.339833333333,52.0186666666667,8.96,2022-02-14 20:37:51.020000+00:00,1,blue,1
1658845662908,"32 km S of Tatitlek, Alaska",reviewed,0,22,earthquake,1.2, Alaska,-146.6869,60.5724,16.8,2022-07-26 14:27:42.908000+00:00,1,blue,1
1677786090727,"57 km WNW of Port-Olry, Vanuatu",reviewed,0,271,earthquake,4.2, Vanuatu,166.5757,-14.8608,10.0,2023-03-02 19:41:30.727000+00:00,2,green,2
1644694636080,"20km E of Little Lake, CA",reviewed,0,0,earthquake,0.14,California,-117.6838333,35.9456667,2.81,2022-02-12 19:37:16.080000+00:00,1,blue,1
1651868247060,"16km WNW of Bayview, CA",reviewed,0,179,earthquake,3.25,California,-124.3613333,40.8213333,23.02,2022-05-06 20:17:27.060000+00:00,0,red,0
1682771869820,"3km S of Heber, CA",reviewed,0,32,earthquake,1.44,California,-115.5325,32.7001667,10.1,2023-04-29 12:37:49.820000+00:00,1,blue,1
1644313105088,"71 km ESE of Denali National Park, Alaska",reviewed,0,50,earthquake,1.8, Alaska,-150.4797,63.2169,122.2,2022-02-08 09:38:25.088000+00:00,0,red,0
1665385729211,"11 km NE of Panaca, Nevada",reviewed,0,1,earthquake,0.2, Nevada,-114.2894,37.8593,8.9,2022-10-10 07:08:49.211000+00:00,1,blue,1
1681979803018,"67 km WNW of Happy Valley, Alaska",reviewed,0,22,earthquake,1.2, Alaska,-152.8908,60.1298,109.7,2023-04-20 08:36:43.018000+00:00,0,red,0
1650298976531,"54 km N of Petersville, Alaska",reviewed,0,26,earthquake,1.3, Alaska,-150.6555,62.9857,92.0,2022-04-18 16:22:56.531000+00:00,0,red,0
1659429582130,"7km WNW of Los Olivos, CA",reviewed,0,21,earthquake,1.18,California,-120.1828333,34.6865,3.2,2022-08-02 08:39:42.130000+00:00,1,blue,1
1664518547006,"Off the coast of Aisen, Chile",reviewed,0,432,earthquake,5.3, Chile,-76.1355,-45.7884,10.0,2022-09-30 06:15:47.006000+00:00,2,green,2
1669611128116,"65 km SW of Covenant Life, Alaska",reviewed,0,50,earthquake,1.8, Alaska,-136.6999,58.9466,6.1,2022-11-28 04:52:08.116000+00:00,0,red,0
1682301065340,"37 km NE of Spencer, Idaho",reviewed,0,35,earthquake,1.51, Idaho,-111.912666666667,44.6346666666667,10.94,2023-04-24 01:51:05.340000+00:00,1,blue,1
1652276230764,"60 km S of Denali National Park, Alaska",reviewed,0,15,earthquake,1.0, Alaska,-151.5422,63.0031,11.2,2022-05-11 13:37:10.764000+00:00,1,blue,1
1685100396940,"7km NW of The Geysers, CA",automatic,0,13,earthquake,0.92,California,-122.8236694,38.8131676,2.22,2023-05-26 11:26:36.940000+00:00,1,blue,1
1675596687090,"7km NW of The Geysers, CA",automatic,0,13,earthquake,0.91,California,-122.8183365,38.8160019,2.23,2023-02-05 11:31:27.090000+00:00,1,blue,1
1689251796370,"68 km W of Happy Valley, Alaska",reviewed,0,19,earthquake,1.1, Alaska,-152.9439,60.0656,116.1,2023-07-13 12:36:36.370000+00:00,0,red,0
1663869545685,"81 km ENE of Gorontalo, Indonesia",reviewed,0,271,earthquake,4.2, Indonesia,123.7763,0.7171,265.468,2022-09-22 17:59:05.685000+00:00,2,green,2
1673407510430,"90 km W of Adak, Alaska",reviewed,0,1,earthquake,0.3, Alaska,-177.951833333333,51.8628333333333,4.82,2023-01-11 03:25:10.430000+00:00,1,blue,1
1641383479993,"4 km ENE of Coleville, California",reviewed,0,30,earthquake,1.4, California,-119.4625,38.5783,5.9,2022-01-05 11:51:19.993000+00:00,1,blue,1
1667874592386,"32 km NW of Valdez, Alaska",reviewed,0,26,earthquake,1.3, Alaska,-146.7264,61.3555,27.7,2022-11-08 02:29:52.386000+00:00,1,blue,1
1674098201650,"22km SSW of La Quinta, CA",reviewed,0,9,earthquake,0.75,California,-116.419,33.4918333,6.29,2023-01-19 03:16:41.650000+00:00,1,blue,1
1686920808500,"3 km NW of Okarche, Oklahoma",reviewed,0,21,earthquake,1.17, Oklahoma,-98.002,35.74616667,3.76,2023-06-16 13:06:48.500000+00:00,1,blue,1
1656216410706,"27 km NW of Beluga, Alaska",reviewed,0,19,earthquake,1.1, Alaska,-151.3695,61.343,66.6,2022-06-26 04:06:50.706000+00:00,1,blue,1
1671706822444,Tonga,reviewed,0,369,earthquake,4.9,Tonga,-175.4397,-20.3278,140.589,2022-12-22 11:00:22.444000+00:00,2,green,2
1641753890519,"74 km SSW of Kaktovik, Alaska",reviewed,0,50,earthquake,1.8, Alaska,-144.0738,69.4844,20.2,2022-01-09 18:44:50.519000+00:00,0,red,0
1664740385603,"16 km SE of Kasilof, Alaska",reviewed,0,56,earthquake,1.9, Alaska,-151.0599,60.2347,59.7,2022-10-02 19:53:05.603000+00:00,0,red,0
1678672425540,"7km NW of The Geysers, CA",reviewed,0,12,earthquake,0.9,California,-122.8256667,38.815,1.86,2023-03-13 01:53:45.540000+00:00,1,blue,1
1649723430649,"47 km E of Pedro Bay, Alaska",reviewed,0,104,earthquake,2.6, Alaska,-153.2618,59.7933,113.0,2022-04-12 00:30:30.649000+00:00,0,red,0
1651298068540,"4km SE of Loma Linda, CA",reviewed,0,17,earthquake,1.05,California,-117.2358333,34.018,11.27,2022-04-30 05:54:28.540000+00:00,1,blue,1
1671969897480,"30km WNW of Buttonwillow, CA",reviewed,0,48,earthquake,1.76,California,-119.7451667,35.5435,0.89,2022-12-25 12:04:57.480000+00:00,0,red,0
1677178518010,"6km NW of The Geysers, CA",reviewed,0,3,earthquake,0.42,California,-122.7965,38.8238333,1.27,2023-02-23 18:55:18.010000+00:00,1,blue,1
1647666432050,"10km W of Toms Place, CA",reviewed,0,21,earthquake,1.17,California,-118.7941667,37.5558333,5.73,2022-03-19 05:07:12.050000+00:00,1,blue,1
1689368721367,California-Nevada border region,reviewed,0,19,earthquake,1.1,California-Nevada border region,-118.1588,38.531,6.3,2023-07-14 21:05:21.367000+00:00,1,blue,1
1663372038320,"7km ESE of Valle Vista, CA",reviewed,0,9,earthquake,0.75,California,-116.8221667,33.7335,16.48,2022-09-16 23:47:18.320000+00:00,1,blue,1
1646755490643,Kermadec Islands region,reviewed,0,340,earthquake,4.7,Kermadec Islands region,-176.1432,-27.0595,10.0,2022-03-08 16:04:50.643000+00:00,2,green,2
1673328127727,"58 km S of Whites City, New Mexico",reviewed,0,74,earthquake,2.2, New Mexico,-104.4229523,31.6516116,6.234399414,2023-01-10 05:22:07.727000+00:00,0,red,0
1674326330944,"48 km ENE of Chase, Alaska",reviewed,0,19,earthquake,1.1, Alaska,-149.2939,62.6707,10.6,2023-01-21 18:38:50.944000+00:00,1,blue,1
1661679858991,"35 km NW of Toyah, Texas",reviewed,0,89,earthquake,2.4, Texas,-104.0116446,31.56937051,8.008251953,2022-08-28 09:44:18.991000+00:00,0,red,0
1667565714595,"Rat Islands, Aleutian Islands, Alaska",reviewed,0,62,earthquake,2.0, Aleutian Islands,178.8586,51.5128,49.7,2022-11-04 12:41:54.595000+00:00,0,red,0
1656609394207,"45 km N of Petersville, Alaska",reviewed,0,15,earthquake,1.0, Alaska,-150.7713,62.9026,83.5,2022-06-30 17:16:34.207000+00:00,0,red,0
1685441234350,"85 km NW of Karluk, Alaska",reviewed,0,2,earthquake,0.37, Alaska,-155.309166666667,58.1891666666667,2.39,2023-05-30 10:07:14.350000+00:00,1,blue,1
1687090623610,"20 km E of Darrington, Washington",reviewed,0,14,earthquake,0.94, Washington,-121.32683333333334,48.22983333333333,13.25,2023-06-18 12:17:03.610000+00:00,1,blue,1
1652611196229,"44 km W of Nikiski, Alaska",reviewed,0,35,earthquake,1.5, Alaska,-152.1014,60.7421,78.4,2022-05-15 10:39:56.229000+00:00,0,red,0
1645296364280,"22km ESE of Little Lake, CA",reviewed,0,14,earthquake,0.95,California,-117.68,35.8635,10.03,2022-02-19 18:46:04.280000+00:00,1,blue,1
1641602759191,"69 km SE of Denali National Park, Alaska",reviewed,0,30,earthquake,1.4, Alaska,-150.5635,63.1988,118.1,2022-01-08 00:45:59.191000+00:00,0,red,0
1685712222201,"30 km SSW of Palaióchora, Greece",reviewed,0,259,earthquake,4.1, Greece,23.5886,34.9635,54.483,2023-06-02 13:23:42.201000+00:00,2,green,2
1673092800384,"47 km SSE of Tanana, Alaska",reviewed,0,19,earthquake,1.1, Alaska,-151.6342,64.7861,15.3,2023-01-07 12:00:00.384000+00:00,1,blue,1
1671203844812,"91 km ENE of McCarthy, Alaska",reviewed,0,22,earthquake,1.2, Alaska,-141.3682,61.7892,8.9,2022-12-16 15:17:24.812000+00:00,1,blue,1
1658528962760,"9 km E of P?hala, Hawaii",automatic,0,74,earthquake,2.2, Hawaii,-155.389495849609,19.191333770752,29.9899997711182,2022-07-22 22:29:22.760000+00:00,0,red,0
1690567840840,"18 km SE of Anza, CA",reviewed,0,5,earthquake,0.56,California,-116.52,33.461,12.18,2023-07-28 18:10:40.840000+00:00,1,blue,1
1645295854234,"4 km NNE of Walker, California",automatic,0,10,earthquake,0.8, California,-119.4522,38.5548,1.0,2022-02-19 18:37:34.234000+00:00,1,blue,1
1658733625115,"13 km SE of Solomon, Alaska",reviewed,0,19,earthquake,1.1, Alaska,-164.246,64.4697,11.1,2022-07-25 07:20:25.115000+00:00,1,blue,1
1664052660970,"8km S of Alberto Oviedo Mota, B.C., MX",reviewed,0,100,earthquake,2.55, B.C.,-115.1648333,32.157,24.76,2022-09-24 20:51:00.970000+00:00,0,red,0
1686107280426,"30 km S of Segundo, Colorado",reviewed,0,10,earthquake,0.8, Colorado,-104.8125,36.8568,5.0,2023-06-07 03:08:00.426000+00:00,1,blue,1
1686759415330,"13km SE of Mammoth Lakes, CA",reviewed,0,11,earthquake,0.85,California,-118.8805,37.5485,5.45,2023-06-14 16:16:55.330000+00:00,1,blue,1
1690299305902,"144 km WNW of Tobelo, Indonesia",reviewed,0,400,earthquake,5.1, Indonesia,126.8221,2.2578,54.244,2023-07-25 15:35:05.902000+00:00,2,green,2
1689092006579,"55 km WNW of Beluga, Alaska",reviewed,0,30,earthquake,1.4, Alaska,-151.9424,61.4183,93.9,2023-07-11 16:13:26.579000+00:00,0,red,0
1688416343040,"3 km SSW of Pāhala, Hawaii",reviewed,0,143,earthquake,3.04, Hawaii,-155.487333333333,19.1721666666667,35.15,2023-07-03 20:32:23.040000+00:00,0,red,0
1643789843159,"62 km S of Shungnak, Alaska",reviewed,0,68,earthquake,2.1, Alaska,-157.237,66.3282,8.4,2022-02-02 08:17:23.159000+00:00,0,red,0
1671875734964,"79 km ENE of Port Alsworth, Alaska",reviewed,0,15,earthquake,1.0, Alaska,-153.0048,60.4998,9.8,2022-12-24 09:55:34.964000+00:00,1,blue,1
1686927059622,"Rat Islands, Aleutian Islands, Alaska",reviewed,0,39,earthquake,1.6, Aleutian Islands,177.7699,51.9025,5.6,2023-06-16 14:50:59.622000+00:00,1,blue,1
1652414681470,"10 km SE of P?hala, Hawaii",automatic,0,53,earthquake,1.85000002, Hawaii,-155.412002563477,19.1366672515869,32.7900009155273,2022-05-13 04:04:41.470000+00:00,0,red,0
1669769774040,"3km SSE of Lake Henshaw, CA",reviewed,0,11,earthquake,0.83,California,-116.7486667,33.2185,10.77,2022-11-30 00:56:14.040000+00:00,1,blue,1
1642953016399,"169 km SW of Bamboo Flat, India",reviewed,0,326,earthquake,4.6, India,91.4855,10.7625,10.0,2022-01-23 15:50:16.399000+00:00,2,green,2
1690481780400,"1 km WNW of The Geysers, CA",reviewed,0,3,earthquake,0.42,California,-122.7661667,38.7791667,0.99,2023-07-27 18:16:20.400000+00:00,1,blue,1
1684450382380,"3km NNE of San Jacinto, CA",reviewed,0,14,earthquake,0.95,California,-116.9511667,33.8095,14.53,2023-05-18 22:53:02.380000+00:00,1,blue,1
1659115209180,"6km NNW of The Geysers, CA",automatic,0,14,earthquake,0.95,California,-122.7949982,38.8235016,2.67,2022-07-29 17:20:09.180000+00:00,1,blue,1
1668988149336,"90 km SSW of Unalaska, Alaska",reviewed,0,35,earthquake,1.5, Alaska,-167.0394,53.1195,13.1,2022-11-20 23:49:09.336000+00:00,1,blue,1
1641657698240,"4 km E of P?hala, Hawaii",automatic,0,49,earthquake,1.77999997, Hawaii,-155.432006835938,19.2053337097168,32.5400009155273,2022-01-08 16:01:38.240000+00:00,0,red,0
1659502294340,"25 km E of Honaunau-Napoopoo, Hawaii",reviewed,0,57,earthquake,1.93, Hawaii,-155.624,19.4205,0.28,2022-08-03 04:51:34.340000+00:00,0,red,0
1678713634467,"19 km SSE of Dyer, Nevada",reviewed,0,39,earthquake,1.6, Nevada,-117.9664,37.511,10.4,2023-03-13 13:20:34.467000+00:00,1,blue,1
1650995731700,"2km NNE of The Geysers, CA",automatic,0,6,earthquake,0.63,California,-122.7490005,38.7975006,2.2,2022-04-26 17:55:31.700000+00:00,1,blue,1
1679255273097,South Sandwich Islands region,reviewed,0,326,earthquake,4.6,South Sandwich Islands region,-26.2969,-55.8326,10.0,2023-03-19 19:47:53.097000+00:00,2,green,2
1678401668130,"99 km W of Adak, Alaska",reviewed,0,40,earthquake,1.62, Alaska,-178.079333333333,51.8661666666667,2.69,2023-03-09 22:41:08.130000+00:00,1,blue,1
1669196197454,"81 km NNW of Karluk, Alaska",reviewed,0,15,earthquake,1.0, Alaska,-155.1348,58.2087,3.7,2022-11-23 09:36:37.454000+00:00,1,blue,1
1654103160176,"55 km SSW of Whites City, New Mexico",reviewed,0,89,earthquake,2.4, New Mexico,-104.5891034,31.71083072,7.134179687,2022-06-01 17:06:00.176000+00:00,0,red,0
1674284945390,"11km W of Toms Place, CA",reviewed,0,4,earthquake,0.48,California,-118.8035,37.552,9.1,2023-01-21 07:09:05.390000+00:00,1,blue,1
1670017435760,"5 km SSW of Volcano, Hawaii",reviewed,0,75,earthquake,2.21, Hawaii,-155.259833333333,19.3966666666667,1.81,2022-12-02 21:43:55.760000+00:00,0,red,0
1673944097720,"1 km SW of Guánica, Puerto Rico",reviewed,0,92,earthquake,2.45, Puerto Rico,-66.919,17.9611666666667,14.78,2023-01-17 08:28:17.720000+00:00,0,red,0
1671729807375,"27 km WSW of Stevens Village, Alaska",reviewed,0,15,earthquake,1.0, Alaska,-149.6641,65.9291,1.1,2022-12-22 17:23:27.375000+00:00,1,blue,1
1669539198130,"2km N of The Geysers, CA",automatic,0,11,earthquake,0.86,California,-122.7528305,38.7988319,2.33,2022-11-27 08:53:18.130000+00:00,1,blue,1
1660075805602,California-Nevada border region,reviewed,0,30,earthquake,1.4,California-Nevada border region,-119.4431,38.5787,8.7,2022-08-09 20:10:05.602000+00:00,1,blue,1
1649536627490,"15km NE of Borrego Springs, CA",reviewed,0,12,earthquake,0.87,California,-116.2375,33.3335,10.24,2022-04-09 20:37:07.490000+00:00,1,blue,1
1660342116209,"19 km N of Summerlin South, Nevada",reviewed,0,35,earthquake,1.5, Nevada,-115.3547,36.2939,0.0,2022-08-12 22:08:36.209000+00:00,1,blue,1
1672773951295,"61 km SE of Pedro Bay, Alaska",reviewed,0,56,earthquake,1.9, Alaska,-153.4453,59.3444,105.7,2023-01-03 19:25:51.295000+00:00,0,red,0
1656408870210,"8 km E of P?hala, Hawaii",automatic,0,52,earthquake,1.83000004, Hawaii,-155.397994995117,19.1928329467773,32.1100006103516,2022-06-28 09:34:30.210000+00:00,0,red,0
1655537237963,"71 km ESE of Denali Park, Alaska",reviewed,0,10,earthquake,0.8, Alaska,-147.4946,63.5979,69.8,2022-06-18 07:27:17.963000+00:00,1,blue,1
1660000287225,"6 km ENE of Coleville, California",reviewed,0,10,earthquake,0.8, California,-119.4447,38.5938,6.8,2022-08-08 23:11:27.225000+00:00,1,blue,1
1681848502943,"8 km WNW of Point Possession, Alaska",reviewed,0,35,earthquake,1.5, Alaska,-150.8458,60.9488,19.6,2023-04-18 20:08:22.943000+00:00,1,blue,1
1657178009610,"3km WNW of Cobb, CA",automatic,0,4,earthquake,0.54,California,-122.7546692,38.8283348,1.38,2022-07-07 07:13:29.610000+00:00,1,blue,1
1644121850476,"97 km E of McCarthy, Alaska",reviewed,0,56,earthquake,1.9, Alaska,-141.1065,61.5699,9.2,2022-02-06 04:30:50.476000+00:00,0,red,0
1658663894391,"118 km WSW of Adak, Alaska",reviewed,0,44,earthquake,1.7, Alaska,-178.1939,51.4266,13.2,2022-07-24 11:58:14.391000+00:00,0,red,0
1653744061713,"99 km SE of Akutan, Alaska",reviewed,0,96,earthquake,2.5, Alaska,-164.6944,53.515,35.679,2022-05-28 13:21:01.713000+00:00,0,red,0
1679073743020,"57 km NNE of Ouzinkie, Alaska",reviewed,0,56,earthquake,1.9, Alaska,-152.0914,58.3929,29.6,2023-03-17 17:22:23.020000+00:00,0,red,0
1661363477843,"15 km NNE of Ta`?, American Samoa",reviewed,0,121,earthquake,2.8, American Samoa,-169.451,-14.1049,10.678,2022-08-24 17:51:17.843000+00:00,0,red,0
1655457057100,Puerto Rico region,reviewed,0,64,earthquake,2.04,Puerto Rico region,-66.9676666666667,17.9475,13.27,2022-06-17 09:10:57.100000+00:00,0,red,0
1650915293793,"61 km ESE of Pope-Vannoy Landing, Alaska",reviewed,0,112,earthquake,2.7, Alaska,-153.5113,59.3207,106.0,2022-04-25 19:34:53.793000+00:00,0,red,0
1647447046275,"54 km NNW of Skardu, Pakistan",reviewed,0,259,earthquake,4.1, Pakistan,75.3139,35.7142,10.0,2022-03-16 16:10:46.275000+00:00,2,green,2
1652923289170,"9 km WSW of Hunnewell, Kansas",reviewed,0,23,earthquake,1.22, Kansas,-97.5065,36.97,3.39,2022-05-19 01:21:29.170000+00:00,1,blue,1
1657126054810,"11km NNE of Trabuco Canyon, CA",reviewed,0,3,earthquake,0.45,California,-117.5458333,33.756,2.55,2022-07-06 16:47:34.810000+00:00,1,blue,1
1672782270080,"1 km NE of Benson, Utah",reviewed,0,269,earthquake,3.19, Utah,-111.9201667,41.7943333,0.79,2023-01-03 21:44:30.080000+00:00,2,green,2
1665749471357,"49 km W of Mentone, Texas",reviewed,0,62,earthquake,2.0, Texas,-104.1162693,31.73384106,7.738317870999999,2022-10-14 12:11:11.357000+00:00,0,red,0
1682190649760,"6km WNW of Cobb, CA",automatic,0,13,earthquake,0.91,California,-122.7955017,38.8361664,1.91,2023-04-22 19:10:49.760000+00:00,1,blue,1
1686035643970,"7 km NW of Tiptonville, Tennessee",reviewed,0,35,earthquake,1.5, Tennessee,-89.5375,36.4141666666667,10.06,2023-06-06 07:14:03.970000+00:00,1,blue,1
1689827349522,"74 km SSW of Sand Point, Alaska",reviewed,0,50,earthquake,1.8, Alaska,-160.8084,54.6869,25.6,2023-07-20 04:29:09.522000+00:00,0,red,0
1650447342668,"57 km E of Pedro Bay, Alaska",reviewed,0,50,earthquake,1.8, Alaska,-153.0885,59.7885,105.0,2022-04-20 09:35:42.668000+00:00,0,red,0
1688081260720,"84 km NW of Karluk, Alaska",reviewed,0,0,earthquake,0.14, Alaska,-155.303333333333,58.1823333333333,0.89,2023-06-29 23:27:40.720000+00:00,1,blue,1
1654778862830,"Rat Islands, Aleutian Islands, Alaska",reviewed,0,0,earthquake,0.09, Aleutian Islands,178.5035,51.944,14.74,2022-06-09 12:47:42.830000+00:00,1,blue,1
1643825339443,Central Alaska,reviewed,0,26,earthquake,1.3,Central Alaska,-149.3973,62.2986,44.7,2022-02-02 18:08:59.443000+00:00,1,blue,1
1683116627550,"20km ESE of Anza, CA",reviewed,0,6,earthquake,0.6,California,-116.4898333,33.4683333,14.16,2023-05-03 12:23:47.550000+00:00,1,blue,1
1650569409394,"20 km NW of Basse-Pointe, Martinique",reviewed,0,326,earthquake,4.6, Martinique,-61.2228,15.0186,148.14,2022-04-21 19:30:09.394000+00:00,2,green,2
1643346641902,"28 km WNW of Ninilchik, Alaska",reviewed,0,81,earthquake,2.3, Alaska,-152.1229,60.1693,66.2,2022-01-28 05:10:41.902000+00:00,0,red,0
1658457557550,"4 km SSE of P?hala, Hawaii",automatic,0,60,earthquake,1.97000003, Hawaii,-155.463165283203,19.1606674194336,30.1100006103516,2022-07-22 02:39:17.550000+00:00,0,red,0
1675933020010,"18 km E of Hebgen Lake Estates, Montana",reviewed,0,5,earthquake,0.58, Montana,-110.9628333,44.8005,9.7,2023-02-09 08:57:00.010000+00:00,1,blue,1
1660543015840,"Andreanof Islands, Aleutian Islands, Alaska",reviewed,0,13,earthquake,0.93, Aleutian Islands,-178.533333333333,51.6255,20.61,2022-08-15 05:56:55.840000+00:00,1,blue,1
1669945680802,"203 km N of Sola, Vanuatu",reviewed,0,312,earthquake,4.5, Vanuatu,167.3427,-12.0468,297.75,2022-12-02 01:48:00.802000+00:00,2,pink,3
1678694791330,"5 km ESE of West Yellowstone, Montana",reviewed,0,7,earthquake,0.68, Montana,-111.0455,44.6388333,11.07,2023-03-13 08:06:31.330000+00:00,1,blue,1
1651456685270,"5km WNW of The Geysers, CA",automatic,0,4,earthquake,0.49,California,-122.8153305,38.7943344,3.67,2022-05-02 01:58:05.270000+00:00,1,blue,1
1674211214498,"175 km NW of Tobelo, Indonesia",reviewed,0,340,earthquake,4.7, Indonesia,127.0761,3.0079,53.381,2023-01-20 10:40:14.498000+00:00,2,green,2
1678470125272,"101 km W of Adak, Alaska",reviewed,0,138,earthquake,3.0, Alaska,-178.1052,51.8376,5.0,2023-03-10 17:42:05.272000+00:00,0,red,0
1684255084999,"6 km W of Point MacKenzie, Alaska",reviewed,0,44,earthquake,1.7, Alaska,-150.0994,61.3651,40.3,2023-05-16 16:38:04.999000+00:00,0,red,0
1669280885131,"20 km WNW of Cohoe, Alaska",reviewed,0,50,earthquake,1.8, Alaska,-151.6724,60.4086,67.8,2022-11-24 09:08:05.131000+00:00,0,red,0
1663611446470,"10km NW of The Geysers, CA",reviewed,0,43,earthquake,1.67,California,-122.8351667,38.837,1.85,2022-09-19 18:17:26.470000+00:00,1,blue,1
1672108353130,"3 km WSW of Volcano, Hawaii",reviewed,0,8,earthquake,0.73, Hawaii,-155.266,19.4355,1.26,2022-12-27 02:32:33.130000+00:00,1,blue,1
1687767838690,Washington,reviewed,0,5,earthquake,0.5700000000000001,Washington,-122.18233333333332,46.20316666666667,6.55,2023-06-26 08:23:58.690000+00:00,1,blue,1
1687136934762,"121 km SE of Ugashik, Alaska",reviewed,0,112,earthquake,2.7, Alaska,-156.2156,56.6326,5.1,2023-06-19 01:08:54.762000+00:00,0,red,0
1647964301490,"8km WNW of Cobb, CA",automatic,0,11,earthquake,0.85,California,-122.8068314,38.840168,2.29,2022-03-22 15:51:41.490000+00:00,1,blue,1
1660374368228,"53 km NNW of Bahía de Caráquez, Ecuador",reviewed,0,355,earthquake,4.8, Ecuador,-80.6884,-0.1957,16.437,2022-08-13 07:06:08.228000+00:00,2,green,2
1685271026315,"60 km SE of Adak, Alaska",reviewed,0,112,earthquake,2.7, Alaska,-176.1133,51.4342,35.0,2023-05-28 10:50:26.315000+00:00,0,red,0
1641714082845,"26 km WSW of Coyanosa, Texas",reviewed,0,74,earthquake,2.2, Texas,-103.3254615,31.16550612,4.614794922,2022-01-09 07:41:22.845000+00:00,0,red,0
1649728985000,"8km NE of San Juan Bautista, CA",reviewed,0,9,earthquake,0.78,California,-121.4801667,36.9021667,4.79,2022-04-12 02:03:05+00:00,1,blue,1
1690304813360,"6 km NNW of The Geysers, CA",automatic,0,9,earthquake,0.77,California,-122.7908325,38.8208351,1.52,2023-07-25 17:06:53.360000+00:00,1,blue,1
1651279767110,"9 km WNW of Panguitch, Utah",reviewed,0,49,earthquake,1.79, Utah,-112.526,37.867,11.21,2022-04-30 00:49:27.110000+00:00,0,red,0
1641688519430,"2km ESE of The Geysers, CA",reviewed,0,21,earthquake,1.18,California,-122.7398333,38.7736667,0.68,2022-01-09 00:35:19.430000+00:00,1,blue,1
1646321748420,"6 km SE of Tyonek, Alaska",reviewed,0,39,earthquake,1.6, Alaska,-151.0402,61.0263,9.8,2022-03-03 15:35:48.420000+00:00,1,blue,1
1684709326840,"14km SW of Searles Valley, CA",reviewed,0,44,earthquake,1.7,California,-117.516,35.6835,11.23,2023-05-21 22:48:46.840000+00:00,0,red,0
1669007459750,"2 km SSE of Maria Antonia, Puerto Rico",reviewed,0,73,earthquake,2.18, Puerto Rico,-66.8811666666667,17.9551666666667,15.97,2022-11-21 05:10:59.750000+00:00,0,red,0
1642828745208,"75 km SSW of Unalaska, Alaska",reviewed,0,326,earthquake,4.6, Alaska,-166.8158,53.221,35.0,2022-01-22 05:19:05.208000+00:00,2,green,2
1649353782845,"47 km WNW of Ninilchik, Alaska",reviewed,0,22,earthquake,1.2, Alaska,-152.4256,60.2446,77.6,2022-04-07 17:49:42.845000+00:00,0,red,0
1648918551130,"8km NW of The Geysers, CA",reviewed,0,23,earthquake,1.22,California,-122.8153333,38.8336667,1.94,2022-04-02 16:55:51.130000+00:00,1,blue,1
1658012056830,"4 km WNW of Beaver Dam, Arizona",reviewed,0,30,earthquake,1.39, Arizona,-113.9863333,36.9105,8.57,2022-07-16 22:54:16.830000+00:00,1,blue,1
1661119391809,"27 km N of Chase, Alaska",reviewed,0,22,earthquake,1.2, Alaska,-150.0173,62.6952,17.1,2022-08-21 22:03:11.809000+00:00,1,blue,1
1663783996220,"9km SSW of Idyllwild, CA",reviewed,0,8,earthquake,0.73,California,-116.7426667,33.6591667,13.99,2022-09-21 18:13:16.220000+00:00,1,blue,1
1689580351940,"7 km SSW of Indios, Puerto Rico",reviewed,0,101,earthquake,2.56, Puerto Rico,-66.834,17.9285,12.11,2023-07-17 07:52:31.940000+00:00,0,red,0
1670638946970,"7km W of Cobb, CA",automatic,0,7,earthquake,0.66,California,-122.8066635,38.8308334,3.41,2022-12-10 02:22:26.970000+00:00,1,blue,1
1642487085320,"6km SSW of Littlerock, CA",reviewed,0,2,earthquake,0.39,California,-118.0115,34.4753333,9.09,2022-01-18 06:24:45.320000+00:00,1,blue,1
1684451966123,"110 km NW of Yakutat, Alaska",reviewed,0,39,earthquake,1.6, Alaska,-141.1649,60.2308,2.2,2023-05-18 23:19:26.123000+00:00,1,blue,1
1666927344403,Central Alaska,reviewed,0,12,earthquake,0.9,Central Alaska,-147.9466,63.4898,2.9,2022-10-28 03:22:24.403000+00:00,1,blue,1
1664330590730,"23km ESE of Little Lake, CA",reviewed,0,10,earthquake,0.79,California,-117.668,35.874,7.54,2022-09-28 02:03:10.730000+00:00,1,blue,1
1670548225386,Alaska Peninsula,reviewed,0,56,earthquake,1.9,Alaska Peninsula,-155.5385,57.0488,7.7,2022-12-09 01:10:25.386000+00:00,0,red,0
1660701540970,"49 km ESE of Nikolski, Alaska",reviewed,0,211,earthquake,3.7, Alaska,-168.1641,52.8032,35.0,2022-08-17 01:59:00.970000+00:00,2,green,2
1670349790952,"34 km NNE of Chickaloon, Alaska",reviewed,0,10,earthquake,0.8, Alaska,-148.2834,62.0917,25.7,2022-12-06 18:03:10.952000+00:00,1,blue,1
1679573086874,"111 km SSE of Ugashik, Alaska",reviewed,0,81,earthquake,2.3, Alaska,-156.5106,56.6364,45.8,2023-03-23 12:04:46.874000+00:00,0,red,0
1648107755947,"86 km W of Akhiok, Alaska",reviewed,0,26,earthquake,1.3, Alaska,-155.5965,57.0043,15.3,2022-03-24 07:42:35.947000+00:00,1,blue,1
1650232206790,"90km W of Petrolia, CA",reviewed,0,118,earthquake,2.77,California,-125.3381667,40.4438333,3.93,2022-04-17 21:50:06.790000+00:00,0,red,0
1683913026400,western Texas,reviewed,0,74,earthquake,2.2,western Texas,-104.162748,31.52853898,6.131567383,2023-05-12 17:37:06.400000+00:00,0,red,0
1660870828480,southern Mid-Atlantic Ridge,reviewed,0,340,earthquake,4.7,southern Mid-Atlantic Ridge,-11.8749,-20.2129,10.0,2022-08-19 01:00:28.480000+00:00,2,green,2
1679697690287,"299 km WNW of Houma, Tonga",reviewed,0,298,earthquake,4.4, Tonga,-178.093,-20.5061,483.651,2023-03-24 22:41:30.287000+00:00,2,pink,3
1689177751430,"3km WSW of Bombay Beach, CA",reviewed,0,19,earthquake,1.12,California,-115.7621667,33.3388333,2.33,2023-07-12 16:02:31.430000+00:00,1,blue,1
1667110599061,"Andreanof Islands, Aleutian Islands, Alaska",reviewed,0,168,earthquake,3.3, Aleutian Islands,-174.4051,51.3745,15.48,2022-10-30 06:16:39.061000+00:00,0,red,0
1687196060020,"6km NW of The Geysers, CA",reviewed,0,3,earthquake,0.46,California,-122.8021667,38.821,2.87,2023-06-19 17:34:20.020000+00:00,1,blue,1
1660506802200,"3km NW of The Geysers, CA",automatic,0,13,earthquake,0.92,California,-122.7774963,38.7986679,3.23,2022-08-14 19:53:22.200000+00:00,1,blue,1
1650933802816,"79 km ENE of Levuka, Fiji",reviewed,0,326,earthquake,4.6, Fiji,-179.9997,-17.7789,603.3,2022-04-26 00:43:22.816000+00:00,2,pink,3
1653610648650,"3km W of Brawley, CA",reviewed,0,26,earthquake,1.3,California,-115.558,32.9753333,5.61,2022-05-27 00:17:28.650000+00:00,1,blue,1
1672774038833,"6 km NNW of Willow, Alaska",reviewed,0,35,earthquake,1.5, Alaska,-150.0896,61.8002,24.4,2023-01-03 19:27:18.833000+00:00,1,blue,1
1668062749656,"7 km ENE of Floriston, California",reviewed,0,2,earthquake,0.4, California,-119.9364,39.4097,6.9,2022-11-10 06:45:49.656000+00:00,1,blue,1
1655694845940,"1km WNW of The Geysers, CA",reviewed,0,2,earthquake,0.32,California,-122.7668333,38.7808333,1.4,2022-06-20 03:14:05.940000+00:00,1,blue,1
1646276379870,"4km E of Vincent, CA",reviewed,0,11,earthquake,0.83,California,-118.0681667,34.4968333,10.64,2022-03-03 02:59:39.870000+00:00,1,blue,1
1667546212473,"2 km ENE of Houston, Alaska",reviewed,0,75,earthquake,2.2, Alaska,-149.7722,61.6438,55.4,2022-11-04 07:16:52.473000+00:00,0,red,0
1664216649910,"2km NNW of The Geysers, CA",automatic,0,4,earthquake,0.51,California,-122.7606659,38.7903328,1.83,2022-09-26 18:24:09.910000+00:00,1,blue,1
1665631900100,"5 km SE of Dover, Oklahoma",reviewed,0,94,earthquake,2.47, Oklahoma,-97.87333333,35.94766667,6.33,2022-10-13 03:31:40.100000+00:00,0,red,0
1669886568650,"4 km E of Silverdale, Washington",reviewed,0,30,earthquake,1.4, Washington,-122.63666666666668,47.6505,24.67,2022-12-01 09:22:48.650000+00:00,1,blue,1
1682622662988,"25 km WNW of Four Mile Road, Alaska",reviewed,0,6,earthquake,0.6, Alaska,-149.6054,64.7028,18.3,2023-04-27 19:11:02.988000+00:00,1,blue,1
1674251068761,"Kenai Peninsula, Alaska",reviewed,0,30,earthquake,1.4, Alaska,-150.1668,59.7271,19.7,2023-01-20 21:44:28.761000+00:00,1,blue,1
1684336730880,"12km SW of Searles Valley, CA",reviewed,0,18,earthquake,1.07,California,-117.5136667,35.7063333,2.96,2023-05-17 15:18:50.880000+00:00,1,blue,1
1664377618210,"241 km W of Adak, Alaska",reviewed,0,41,earthquake,1.63, Alaska,179.876166666667,51.7251666666667,14.71,2022-09-28 15:06:58.210000+00:00,0,red,0
1682622489750,"8 km NE of Government Camp, Oregon",reviewed,0,10,earthquake,0.8, Oregon,-121.68383333333334,45.358,3.56,2023-04-27 19:08:09.750000+00:00,1,blue,1
1689741468650,"2km WSW of Bell, CA",reviewed,0,151,earthquake,2.68,California,-118.2051667,33.9705,15.07,2023-07-19 04:37:48.650000+00:00,0,red,0
1655416701260,"9km SW of Idyllwild, CA",reviewed,0,3,earthquake,0.44,California,-116.7878333,33.6843333,16.31,2022-06-16 21:58:21.260000+00:00,1,blue,1
1685385758790,"2km NNW of The Geysers, CA",automatic,0,9,earthquake,0.75,California,-122.7624969,38.7956657,2.65,2023-05-29 18:42:38.790000+00:00,1,blue,1
1644786342571,"162 km S of Merizo Village, Guam",reviewed,0,271,earthquake,4.2, Guam,144.4347,11.8114,10.0,2022-02-13 21:05:42.571000+00:00,2,green,2
1653892887125,"122 km W of Adak, Alaska",reviewed,0,35,earthquake,1.5, Alaska,-178.4029,52.0011,167.1,2022-05-30 06:41:27.125000+00:00,0,red,0
1680067567860,"38 km W of Cantwell, Alaska",reviewed,0,30,earthquake,1.4, Alaska,-149.7095,63.4251,94.0,2023-03-29 05:26:07.860000+00:00,0,red,0
1671498354540,"10 km ENE of P?hala, Hawaii",automatic,0,107,earthquake,2.64, Hawaii,-155.390838623047,19.2565002441406,31.5100002288818,2022-12-20 01:05:54.540000+00:00,0,red,0
1677570183537,"232 km SSE of Sand Point, Alaska",reviewed,0,148,earthquake,3.1, Alaska,-159.5369,53.3284,10.0,2023-02-28 07:43:03.537000+00:00,0,red,0
1670126388796,Arizona,reviewed,0,66,earthquake,2.0,Arizona,-112.4449,34.7402,5.0,2022-12-04 03:59:48.796000+00:00,0,red,0
1684791956090,southeast of the Loyalty Islands,reviewed,0,385,earthquake,5.0,southeast of the Loyalty Islands,170.4881,-22.9658,10.0,2023-05-22 21:45:56.090000+00:00,2,green,2
1674441617930,"2km ENE of Loma Linda, CA",reviewed,0,14,earthquake,0.97,California,-117.2451667,34.0548333,14.09,2023-01-23 02:40:17.930000+00:00,1,blue,1
1661376408544,"43 km SSW of Adak, Alaska",reviewed,0,26,earthquake,1.3, Alaska,-176.9737,51.5455,49.9,2022-08-24 21:26:48.544000+00:00,0,red,0
1690221556200,"2km NE of Anza, CA",reviewed,0,4,earthquake,0.51,California,-116.6641667,33.5663333,10.57,2023-07-24 17:59:16.200000+00:00,1,blue,1
1668712562703,"36 km WSW of Mentone, Texas",reviewed,0,74,earthquake,2.2, Texas,-103.9723332,31.61706992,7.828295898,2022-11-17 19:16:02.703000+00:00,0,red,0
1683983903703,"54 km W of Mentone, Texas",reviewed,0,138,earthquake,3.0, Texas,-104.170904,31.70728239,7.828295898,2023-05-13 13:18:23.703000+00:00,0,red,0
1681725359183,"14 km ESE of Lakeview, Oregon",reviewed,0,1,earthquake,0.3, Oregon,-120.1847,42.1444,6.4,2023-04-17 09:55:59.183000+00:00,1,blue,1
1649486272674,"29 km NNE of Skwentna, Alaska",reviewed,0,26,earthquake,1.3, Alaska,-151.1036,62.2145,85.8,2022-04-09 06:37:52.674000+00:00,0,red,0
1672831174010,"15km SW of Searles Valley, CA",reviewed,0,21,earthquake,1.17,California,-117.5228333,35.6768333,10.45,2023-01-04 11:19:34.010000+00:00,1,blue,1
1670479659120,"17 km NE of Milford, Utah",reviewed,0,7,earthquake,0.69, Utah,-112.8506667,38.4851667,4.88,2022-12-08 06:07:39.120000+00:00,1,blue,1
1643696754295,"29 km ENE of Herlong, California",reviewed,0,10,earthquake,0.8, California,-119.7943,40.2018,4.5,2022-02-01 06:25:54.295000+00:00,1,blue,1
1641919917490,"98 km SE of Nikolski, Alaska",reviewed,0,104,earthquake,2.6, Alaska,-167.8118,52.3308,7.42,2022-01-11 16:51:57.490000+00:00,0,red,0
1650462450980,"3 km S of P?hala, Hawaii",automatic,0,89,earthquake,2.4, Hawaii,-155.482498168945,19.1711673736572,35.4799995422363,2022-04-20 13:47:30.980000+00:00,0,red,0
1678886993320,"15 km SE of Dyer, Nevada",reviewed,0,44,earthquake,1.7, Nevada,-117.9546,37.5557,0.0,2023-03-15 13:29:53.320000+00:00,1,blue,1
1689200129420,"11km NNW of Anza, CA",reviewed,0,33,earthquake,1.46,California,-116.7148333,33.6443333,13.63,2023-07-12 22:15:29.420000+00:00,1,blue,1
1688431290592,"56 km NW of Ninilchik, Alaska",reviewed,0,44,earthquake,1.7, Alaska,-152.4465,60.3782,95.7,2023-07-04 00:41:30.592000+00:00,0,red,0
1664081461057,"87 km S of Unalaska, Alaska",reviewed,0,121,earthquake,2.8, Alaska,-166.7569,53.1001,35.0,2022-09-25 04:51:01.057000+00:00,0,red,0
1641029561526,"103 km S of McCarthy, Alaska",reviewed,0,15,earthquake,1.0, Alaska,-142.9051,60.5034,10.0,2022-01-01 09:32:41.526000+00:00,1,blue,1
1658591557950,"14 km SSE of Glacier, Washington",reviewed,0,25,earthquake,1.27, Washington,-121.85966666666668,48.77316666666667,0.18,2022-07-23 15:52:37.950000+00:00,1,blue,1
1657135723560,"6km NNE of Little Lake, CA",reviewed,0,19,earthquake,1.11,California,-117.8925,35.9906667,2.73,2022-07-06 19:28:43.560000+00:00,1,blue,1
1652817011898,"102 km W of Akhiok, Alaska",reviewed,0,50,earthquake,1.8, Alaska,-155.8465,56.8235,7.3,2022-05-17 19:50:11.898000+00:00,0,red,0
1672195725210,"87 km S of False Pass, Alaska",reviewed,0,68,earthquake,2.1, Alaska,-163.1965,54.0784,17.2,2022-12-28 02:48:45.210000+00:00,0,red,0
1666817848440,"8km WNW of Cobb, CA",automatic,0,11,earthquake,0.85,California,-122.8128357,38.8359985,0.25,2022-10-26 20:57:28.440000+00:00,1,blue,1
1643254649227,"57 km WSW of Anchor Point, Alaska",reviewed,0,56,earthquake,1.9, Alaska,-152.8352,59.6622,90.2,2022-01-27 03:37:29.227000+00:00,0,red,0
1683724952542,Central Alaska,reviewed,0,19,earthquake,1.1,Central Alaska,-152.6269,62.6982,4.2,2023-05-10 13:22:32.542000+00:00,1,blue,1
1650117923316,southern Mid-Atlantic Ridge,reviewed,0,354,earthquake,4.8,southern Mid-Atlantic Ridge,-14.7254,-12.849,10.0,2022-04-16 14:05:23.316000+00:00,2,green,2
1687799072700,"40 km NE of Susitna North, Alaska",reviewed,0,26,earthquake,1.3, Alaska,-149.2973,62.4147,0.2,2023-06-26 17:04:32.700000+00:00,1,blue,1
1649328751220,"8km NW of The Geysers, CA",reviewed,0,26,earthquake,1.29,California,-122.8173333,38.8316667,1.76,2022-04-07 10:52:31.220000+00:00,1,blue,1
1667736667518,"85 km NNW of Karluk, Alaska",reviewed,0,6,earthquake,0.6, Alaska,-155.0846,58.2554,3.9,2022-11-06 12:11:07.518000+00:00,1,blue,1
1644128693010,"14km SE of Mammoth Lakes, CA",reviewed,0,0,earthquake,0.1,California,-118.8835,37.538,1.87,2022-02-06 06:24:53.010000+00:00,1,blue,1
1688858566527,"40 km SSW of Dry Creek, Alaska",reviewed,0,12,earthquake,0.9, Alaska,-144.9526,63.315,11.6,2023-07-08 23:22:46.527000+00:00,1,blue,1
1644695375090,"2 km SSE of P?hala, Hawaii",automatic,0,79,earthquake,2.27, Hawaii,-155.471496582031,19.1838340759277,31.2299995422363,2022-02-12 19:49:35.090000+00:00,0,red,0
1681107171880,"24km NW of Parkfield, CA",reviewed,0,1,earthquake,0.26,California,-120.6275,36.0425,0.44,2023-04-10 06:12:51.880000+00:00,1,blue,1
1675462119710,"13km SE of Bodfish, CA",reviewed,0,16,earthquake,1.01,California,-118.399,35.5033333,9.06,2023-02-03 22:08:39.710000+00:00,1,blue,1
1665167661940,"7km NW of The Geysers, CA",automatic,0,11,earthquake,0.85,California,-122.8116684,38.828167,0.64,2022-10-07 18:34:21.940000+00:00,1,blue,1
1648915128135,"36 km SE of Mina, Nevada",reviewed,0,81,earthquake,2.3, Nevada,-117.7981,38.167,12.3,2022-04-02 15:58:48.135000+00:00,0,red,0
1646624166980,"6 km E of P?hala, Hawaii",automatic,0,74,earthquake,2.19, Hawaii,-155.421493530273,19.2098331451416,33.5,2022-03-07 03:36:06.980000+00:00,0,red,0
1654781793130,"7km S of Idyllwild, CA",reviewed,0,10,earthquake,0.8,California,-116.7323333,33.6815,16.19,2022-06-09 13:36:33.130000+00:00,1,blue,1
1686097386440,"7 km NNE of Government Camp, Oregon",reviewed,0,2,earthquake,0.37, Oregon,-121.713,45.36233333333333,2.6,2023-06-07 00:23:06.440000+00:00,1,blue,1
1641071563982,"22 km WNW of Stevens Village, Alaska",reviewed,0,10,earthquake,0.8, Alaska,-149.5114,66.1123,20.7,2022-01-01 21:12:43.982000+00:00,1,blue,1
1681047106900,"5 km WSW of Fuig, Puerto Rico",reviewed,0,56,earthquake,1.91, Puerto Rico,-66.9598333333333,17.9625,15.22,2023-04-09 13:31:46.900000+00:00,0,red,0
1641704693160,"4 km SE of Carbonado, Washington",reviewed,0,10,earthquake,0.81, Washington,-122.012666666667,47.0516666666667,18.73,2022-01-09 05:04:53.160000+00:00,1,blue,1
1651685347090,"8km SSW of Markleeville, CA",reviewed,0,52,earthquake,1.84,California,-119.8256667,38.622,1.96,2022-05-04 17:29:07.090000+00:00,0,red,0
1651488051502,"6 km SW of Houston, Alaska",reviewed,0,22,earthquake,1.2, Alaska,-149.8949,61.5804,42.5,2022-05-02 10:40:51.502000+00:00,1,blue,1
1678947209780,Kermadec Islands region,reviewed,0,271,earthquake,4.2,Kermadec Islands region,-176.6278,-30.4202,10.0,2023-03-16 06:13:29.780000+00:00,2,green,2
1688290182100,Puerto Rico region,reviewed,0,104,earthquake,2.6,Puerto Rico region,-67.0751666666667,17.9591666666667,6.79,2023-07-02 09:29:42.100000+00:00,0,red,0
1675330608729,"29 km WSW of Akhiok, Alaska",reviewed,0,68,earthquake,2.1, Alaska,-154.6507,56.8917,1.0,2023-02-02 09:36:48.729000+00:00,0,red,0
1667452924686,"56 km WNW of Ninilchik, Alaska",reviewed,0,104,earthquake,2.6, Alaska,-152.6221,60.2225,98.0,2022-11-03 05:22:04.686000+00:00,0,red,0
1644786693920,"14km SW of Searles Valley, CA",reviewed,0,21,earthquake,1.16,California,-117.5231667,35.6923333,10.33,2022-02-13 21:11:33.920000+00:00,1,blue,1
1677855738150,southeastern Missouri,reviewed,0,65,earthquake,2.06,southeastern Missouri,-89.579,36.5263333333333,7.32,2023-03-03 15:02:18.150000+00:00,0,red,0
1687665640640,"50 km SE of West Yellowstone, Montana",reviewed,0,32,earthquake,1.44, Montana,-110.586,44.398,2.0,2023-06-25 04:00:40.640000+00:00,1,blue,1
1665903694180,"8km NW of The Geysers, CA",automatic,0,11,earthquake,0.85,California,-122.8215027,38.828167,1.8,2022-10-16 07:01:34.180000+00:00,1,blue,1
1644205216810,"3km SE of The Geysers, CA",reviewed,0,0,earthquake,0.1,California,-122.731,38.7581667,1.34,2022-02-07 03:40:16.810000+00:00,1,blue,1
1661553139549,"14 km NNE of Ta`?, American Samoa",reviewed,0,129,earthquake,2.9, American Samoa,-169.4494,-14.1223,11.035,2022-08-26 22:32:19.549000+00:00,0,red,0
1659945635390,"2 km WSW of Indios, Puerto Rico",reviewed,0,77,earthquake,2.23, Puerto Rico,-66.8361666666667,17.9838333333333,15.95,2022-08-08 08:00:35.390000+00:00,0,red,0
1687015989990,"4km NW of Ocotillo, CA",reviewed,0,20,earthquake,1.14,California,-116.0271667,32.758,12.48,2023-06-17 15:33:09.990000+00:00,1,blue,1
1670334156391,"41 km ENE of Pedro Bay, Alaska",reviewed,0,62,earthquake,2.0, Alaska,-153.4253,59.9379,118.5,2022-12-06 13:42:36.391000+00:00,0,red,0
1652534850590,"7km WSW of Anza, CA",reviewed,0,3,earthquake,0.44,California,-116.7393333,33.5248333,4.29,2022-05-14 13:27:30.590000+00:00,1,blue,1
1686474044190,"85 km NW of Karluk, Alaska",reviewed,0,16,earthquake,1.03, Alaska,-155.3355,58.1745,3.16,2023-06-11 09:00:44.190000+00:00,1,blue,1
1662718679484,"5 km WNW of Árma, Greece",reviewed,0,298,earthquake,4.4, Greece,23.4301,38.3634,10.0,2022-09-09 10:17:59.484000+00:00,2,green,2
1646986990700,"4km ESE of Mammoth Lakes, CA",reviewed,0,1,earthquake,0.3,California,-118.9363333,37.6258333,1.92,2022-03-11 08:23:10.700000+00:00,1,blue,1
1666225371960,"7km NW of The Geysers, CA",automatic,0,21,earthquake,1.17,California,-122.8103333,38.8226662,1.78,2022-10-20 00:22:51.960000+00:00,1,blue,1
1658105744741,"92 km WNW of Adak, Alaska",reviewed,0,112,earthquake,2.7, Alaska,-177.8415,52.2542,252.878,2022-07-18 00:55:44.741000+00:00,0,red,0
1669321128582,"34 km SE of Minto, Alaska",reviewed,0,10,earthquake,0.8, Alaska,-148.8471,64.9282,18.0,2022-11-24 20:18:48.582000+00:00,1,blue,1
1683973110618,"7 km WNW of Tyonek, Alaska",reviewed,0,35,earthquake,1.5, Alaska,-151.2614,61.089,23.5,2023-05-13 10:18:30.618000+00:00,1,blue,1
1655680134065,"42 km WSW of Ivanof Bay, Alaska",reviewed,0,89,earthquake,2.4, Alaska,-160.0712,55.7205,96.5,2022-06-19 23:08:54.065000+00:00,0,red,0
1667637401752,"42 km N of Valdez, Alaska",reviewed,0,22,earthquake,1.2, Alaska,-146.4254,61.5091,36.5,2022-11-05 08:36:41.752000+00:00,1,blue,1
1669911613433,"81 km ENE of Kobuk, Alaska",reviewed,0,8,earthquake,0.7, Alaska,-155.2594,67.2716,3.0,2022-12-01 16:20:13.433000+00:00,1,blue,1
1643444578790,"12km NE of Little Lake, CA",reviewed,0,9,earthquake,0.76,California,-117.7971667,36.0053333,1.51,2022-01-29 08:22:58.790000+00:00,1,blue,1
1672377637520,"Island of Hawaii, Hawaii",automatic,0,50,earthquake,1.81, Hawaii,-155.3125,19.4050006866455,3.24000000953674,2022-12-30 05:20:37.520000+00:00,0,red,0
1653027779950,"8km W of Cobb, CA",reviewed,0,5,earthquake,0.57,California,-122.814,38.8346667,1.79,2022-05-20 06:22:59.950000+00:00,1,blue,1
1658438783790,"8km NW of Agua Dulce, CA",reviewed,0,12,earthquake,0.87,California,-118.385,34.5476667,4.16,2022-07-21 21:26:23.790000+00:00,1,blue,1
1673850162730,"8km NW of The Geysers, CA",automatic,0,18,earthquake,1.09,California,-122.8144989,38.831665,1.8,2023-01-16 06:22:42.730000+00:00,1,blue,1
1687120222242,"101 km E of La Playa, Mexico",reviewed,1,639,earthquake,6.4, Mexico,-108.684,23.1803,10.0,2023-06-18 20:30:22.242000+00:00,2,green,2
1666156363330,"37 km NNE of Amboy, Washington",reviewed,0,4,earthquake,0.53, Washington,-122.18883333333332,46.1965,2.6,2022-10-19 05:12:43.330000+00:00,1,blue,1
1643043198677,"southeast of Shikoku, Japan",reviewed,0,312,earthquake,4.5, Japan,136.0827,30.9626,501.6,2022-01-24 16:53:18.677000+00:00,2,pink,3
1677600854239,Fiji region,reviewed,0,326,earthquake,4.6,Fiji region,-177.1879,-17.4916,374.407,2023-02-28 16:14:14.239000+00:00,2,pink,3
1679606944970,"2km SE of Palomar Observatory, CA",reviewed,0,25,earthquake,1.28,California,-116.8473333,33.3431667,9.52,2023-03-23 21:29:04.970000+00:00,1,blue,1
1649891998748,"71 km SE of Perryville, Alaska",reviewed,0,62,earthquake,2.0, Alaska,-158.3135,55.4715,24.6,2022-04-13 23:19:58.748000+00:00,0,red,0
1665782582037,"152 km WNW of Port Orford, Oregon",reviewed,0,168,earthquake,3.3, Oregon,-126.3072,43.0701,10.0,2022-10-14 21:23:02.037000+00:00,0,red,0
1652787094780,"50 km N of Indian Springs, Nevada",reviewed,0,15,earthquake,1.0, Nevada,-115.7327,37.0239,8.4,2022-05-17 11:31:34.780000+00:00,1,blue,1
1657575559710,"8km W of Cobb, CA",automatic,0,11,earthquake,0.85,California,-122.8105011,38.8348351,1.58,2022-07-11 21:39:19.710000+00:00,1,blue,1
1652614649268,"20 km NW of Stanton, Texas",reviewed,0,81,earthquake,2.3, Texas,-101.9370474,32.26593018,7.067423503,2022-05-15 11:37:29.268000+00:00,0,red,0
1673342742050,"7km WNW of The Geysers, CA",reviewed,0,33,earthquake,1.47,California,-122.8273333,38.8108333,1.68,2023-01-10 09:25:42.050000+00:00,1,blue,1
1675912405720,"84 km NW of Karluk, Alaska",reviewed,0,1,earthquake,0.26, Alaska,-155.3165,58.176,0.69,2023-02-09 03:13:25.720000+00:00,1,blue,1
1649355564129,"17 km SE of Waynoka, Oklahoma",reviewed,0,49,earthquake,1.79, Oklahoma,-98.76683333,36.45,8.01,2022-04-07 18:19:24.129000+00:00,0,red,0
1667008214032,"22 km NNE of Big Delta, Alaska",reviewed,0,8,earthquake,0.7, Alaska,-145.7175,64.3471,7.1,2022-10-29 01:50:14.032000+00:00,1,blue,1
1652278127702,Banda Sea,reviewed,0,385,earthquake,5.0,Banda Sea,130.1454,-6.4811,143.49,2022-05-11 14:08:47.702000+00:00,2,green,2
1666887128880,"3km E of The Geysers, CA",automatic,0,8,earthquake,0.7,California,-122.7248306,38.7796669,0.94,2022-10-27 16:12:08.880000+00:00,1,blue,1
1679901602430,"13km SSW of Searles Valley, CA",reviewed,0,27,earthquake,1.33,California,-117.4798333,35.6656667,7.03,2023-03-27 07:20:02.430000+00:00,1,blue,1
1657393805280,"22 km E of Honaunau-Napoopoo, Hawaii",reviewed,0,17,earthquake,1.05, Hawaii,-155.650833333333,19.473,4.47,2022-07-09 19:10:05.280000+00:00,1,blue,1
1644372476070,"27 km S of Augusta, Montana",reviewed,0,16,earthquake,1.03, Montana,-112.4323333,47.2478333,15.54,2022-02-09 02:07:56.070000+00:00,1,blue,1
1652711113820,"67 km E of Cantwell, Alaska",reviewed,0,19,earthquake,1.1, Alaska,-147.593,63.4335,5.9,2022-05-16 14:25:13.820000+00:00,1,blue,1
1655634361651,"107 km SSE of Sand Point, Alaska",reviewed,0,68,earthquake,2.1, Alaska,-159.8386,54.4451,17.1,2022-06-19 10:26:01.651000+00:00,0,red,0
1672953642900,"8 km SW of Volcano, Hawaii",reviewed,0,10,earthquake,0.79, Hawaii,-155.2815,19.3843333333333,1.25,2023-01-05 21:20:42.900000+00:00,1,blue,1
1672275677630,"92 km W of Adak, Alaska",reviewed,0,5,earthquake,0.59, Alaska,-177.981333333333,51.8581666666667,5.59,2022-12-29 01:01:17.630000+00:00,1,blue,1
1641480202940,"10km NNE of Julian, CA",reviewed,0,17,earthquake,1.05,California,-116.5578333,33.1631667,12.98,2022-01-06 14:43:22.940000+00:00,1,blue,1
1652112656585,"32 km SE of Mina, Nevada",reviewed,0,35,earthquake,1.5, Nevada,-117.8661,38.1638,3.1,2022-05-09 16:10:56.585000+00:00,1,blue,1
1660797341715,Banda Sea,reviewed,0,259,earthquake,4.1,Banda Sea,129.0701,-6.5475,217.357,2022-08-18 04:35:41.715000+00:00,2,green,2
1674481322771,"12 km NE of Lakhipur, India",reviewed,0,404,earthquake,5.1, India,93.079,24.8836,10.0,2023-01-23 13:42:02.771000+00:00,2,green,2
1670752418335,"28 km ESE of Jurm, Afghanistan",reviewed,0,326,earthquake,4.6, Afghanistan,71.1267,36.7551,95.589,2022-12-11 09:53:38.335000+00:00,2,green,2
1651621945310,"11 km SSE of Guánica, Puerto Rico",reviewed,0,162,earthquake,3.24, Puerto Rico,-66.8641666666667,17.8793333333333,9.84,2022-05-03 23:52:25.310000+00:00,0,red,0
1674323020707,"165 km NW of Tobelo, Indonesia",reviewed,0,284,earthquake,4.3, Indonesia,126.8934,2.7118,47.837,2023-01-21 17:43:40.707000+00:00,2,green,2
1677776959610,"4 km S of P?hala, Hawaii",automatic,0,70,earthquake,2.13000011, Hawaii,-155.484161376953,19.1643333435059,36.7000007629395,2023-03-02 17:09:19.610000+00:00,0,red,0
1648610122100,"23 km W of Volcano, Hawaii",automatic,0,47,earthquake,1.75, Hawaii,-155.457504272461,19.4729995727539,2.82999992370605,2022-03-30 03:15:22.100000+00:00,0,red,0
1671701810601,"42 km E of Fort Bidwell, California",reviewed,0,30,earthquake,1.4, California,-119.6464,41.9174,0.0,2022-12-22 09:36:50.601000+00:00,1,blue,1
1646645118920,"8km NW of The Geysers, CA",reviewed,0,71,earthquake,2.15,California,-122.8141667,38.8298333,2.39,2022-03-07 09:25:18.920000+00:00,0,red,0
1671009375810,"10km NW of The Geysers, CA",automatic,0,8,earthquake,0.72,California,-122.8529968,38.8278351,1.63,2022-12-14 09:16:15.810000+00:00,1,blue,1
1684473757116,southeast of the Loyalty Islands,reviewed,0,369,earthquake,4.9,southeast of the Loyalty Islands,171.2033,-23.3749,10.0,2023-05-19 05:22:37.116000+00:00,2,green,2
1683315345380,"4 km WSW of Kealakekua, Hawaii",reviewed,0,83,earthquake,2.32, Hawaii,-155.963,19.509,8.18,2023-05-05 19:35:45.380000+00:00,0,red,0
1668539947560,"23 km SSW of Mammoth, Wyoming",reviewed,0,28,earthquake,1.35, Wyoming,-110.8101667,44.782,7.69,2022-11-15 19:19:07.560000+00:00,1,blue,1
1660367255903,"4 km W of Walker, California",reviewed,0,30,earthquake,1.4, California,-119.5261,38.5157,6.6,2022-08-13 05:07:35.903000+00:00,1,blue,1
1672333948700,"27 km ESE of Port Heiden, Alaska",reviewed,0,18,earthquake,1.07, Alaska,-158.1905,56.8775,0.67,2022-12-29 17:12:28.700000+00:00,1,blue,1
1680441656179,"31 km WNW of Anchor Point, Alaska",reviewed,0,35,earthquake,1.5, Alaska,-152.3195,59.9253,71.1,2023-04-02 13:20:56.179000+00:00,0,red,0
1645933361849,"38 km NW of Valdez, Alaska",reviewed,0,22,earthquake,1.2, Alaska,-146.7854,61.4024,30.8,2022-02-27 03:42:41.849000+00:00,1,blue,1
1651398554901,"6 km E of White Mountain, Alaska",reviewed,0,62,earthquake,2.0, Alaska,-163.2659,64.6905,3.9,2022-05-01 09:49:14.901000+00:00,0,red,0
1676412115667,"13 km NNW of Midland, Texas",reviewed,0,132,earthquake,2.9, Texas,-102.1353373,32.10754395,7.874430339,2023-02-14 22:01:55.667000+00:00,0,red,0
1671779662820,"7 km WSW of Volcano, Hawaii",reviewed,0,4,earthquake,0.49, Hawaii,-155.294333333333,19.4055,1.86,2022-12-23 07:14:22.820000+00:00,1,blue,1
1688004164060,"3km NNW of Ferndale, CA",reviewed,0,59,earthquake,1.96,California,-124.2795,40.5968333,22.3,2023-06-29 02:02:44.060000+00:00,0,red,0
1644043876510,"20 km WNW of Stanley, Idaho",reviewed,0,33,earthquake,1.47, Idaho,-115.1833333,44.279,3.76,2022-02-05 06:51:16.510000+00:00,1,blue,1
1649733843310,"4km W of Cobb, CA",automatic,0,11,earthquake,0.85,California,-122.7645035,38.8243332,1.8,2022-04-12 03:24:03.310000+00:00,1,blue,1
1678927749910,"3km E of The Geysers, CA",automatic,0,9,earthquake,0.78,California,-122.7259979,38.7798347,0.99,2023-03-16 00:49:09.910000+00:00,1,blue,1
1688060362600,"6 km WSW of Fuig, Puerto Rico",reviewed,0,39,earthquake,1.6, Puerto Rico,-66.965,17.9596666666667,8.83,2023-06-29 17:39:22.600000+00:00,1,blue,1
1652427896706,"15 km N of Nikiski, Alaska",reviewed,0,12,earthquake,0.9, Alaska,-151.3245,60.8283,67.3,2022-05-13 07:44:56.706000+00:00,1,blue,1
1652444001030,"9km NNW of Redwood Valley, CA",reviewed,0,34,earthquake,1.48,California,-123.2366667,39.3463333,7.85,2022-05-13 12:13:21.030000+00:00,1,blue,1
1660492503929,western Texas,reviewed,0,74,earthquake,2.2,western Texas,-104.4083555,31.67399866,7.596923828000001,2022-08-14 15:55:03.929000+00:00,0,red,0
1648541561810,"18 km NE of West Yellowstone, Montana",reviewed,0,6,earthquake,0.61, Montana,-110.9236667,44.7643333,9.81,2022-03-29 08:12:41.810000+00:00,1,blue,1
1669333984777,"66 km SE of Denali National Park, Alaska",reviewed,0,26,earthquake,1.3, Alaska,-150.63,63.2089,111.9,2022-11-24 23:53:04.777000+00:00,0,red,0
1652334186205,"37 km ESE of Union, Philippines",reviewed,0,284,earthquake,4.3, Philippines,126.4223,9.618,35.0,2022-05-12 05:43:06.205000+00:00,2,green,2
1652041925942,"59 km NNE of Yakutat, Alaska",reviewed,0,26,earthquake,1.3, Alaska,-139.3426,60.0436,20.1,2022-05-08 20:32:05.942000+00:00,1,blue,1
1650994409407,south of the Fiji Islands,reviewed,0,271,earthquake,4.2,south of the Fiji Islands,179.8101,-24.5897,530.69,2022-04-26 17:33:29.407000+00:00,2,pink,3
1647097257780,"7km ENE of Dublin, CA",reviewed,0,14,earthquake,0.96,California,-121.8635,37.7348333,9.03,2022-03-12 15:00:57.780000+00:00,1,blue,1
1674182588260,"9km E of Borrego Springs, CA",reviewed,0,16,earthquake,1.03,California,-116.2745,33.2558333,10.85,2023-01-20 02:43:08.260000+00:00,1,blue,1
1649256236720,"12km W of Alder Springs, CA",reviewed,0,57,earthquake,1.92,California,-122.8575,39.666,2.39,2022-04-06 14:43:56.720000+00:00,0,red,0
1646106976015,"Rat Islands, Aleutian Islands, Alaska",reviewed,0,129,earthquake,2.9, Aleutian Islands,178.238,51.9494,3.77,2022-03-01 03:56:16.015000+00:00,0,red,0
1656667494445,"116 km SSW of Kaktovik, Alaska",reviewed,0,39,earthquake,1.6, Alaska,-144.4594,69.1311,24.4,2022-07-01 09:24:54.445000+00:00,0,red,0
1666057616260,"3 km SW of La Parguera, Puerto Rico",reviewed,0,63,earthquake,2.02, Puerto Rico,-67.0695,17.9506666666667,6.46,2022-10-18 01:46:56.260000+00:00,0,red,0
1680205862017,"3 km WSW of Dutch Harbor, Alaska",reviewed,0,30,earthquake,1.4, Alaska,-166.5896,53.8801,4.9,2023-03-30 19:51:02.017000+00:00,1,blue,1
1643346883720,"8km WNW of Cobb, CA",reviewed,0,5,earthquake,0.58,California,-122.8093333,38.837,1.94,2022-01-28 05:14:43.720000+00:00,1,blue,1
1686695643333,"134 km WSW of Adak, Alaska",reviewed,0,35,earthquake,1.5, Alaska,-178.4832,51.4995,12.5,2023-06-13 22:34:03.333000+00:00,1,blue,1
1641164607170,"4km S of Banning, CA",reviewed,0,9,earthquake,0.76,California,-116.8721667,33.8898333,15.75,2022-01-02 23:03:27.170000+00:00,1,blue,1
1688322893770,"2 km WNW of Honaunau-Napoopoo, Hawaii",reviewed,0,28,earthquake,1.35, Hawaii,-155.888,19.4673333333333,12.21,2023-07-02 18:34:53.770000+00:00,1,blue,1
1690268722920,"15km W of Searles Valley, CA",reviewed,0,14,earthquake,0.95,California,-117.5693333,35.7643333,1.34,2023-07-25 07:05:22.920000+00:00,1,blue,1
1672334695930,"2km NNW of The Geysers, CA",automatic,0,4,earthquake,0.5,California,-122.7649994,38.7890015,2.09,2022-12-29 17:24:55.930000+00:00,1,blue,1
1665320974696,"62 km S of Whites City, New Mexico",reviewed,0,81,earthquake,2.3, New Mexico,-104.3625769,31.60902905,6.979931641,2022-10-09 13:09:34.696000+00:00,0,red,0
1668850399867,"60 km SSE of Denali National Park, Alaska",reviewed,0,62,earthquake,2.0, Alaska,-151.2135,63.0473,2.9,2022-11-19 09:33:19.867000+00:00,0,red,0
1644286530170,"10km NW of The Geysers, CA",automatic,0,11,earthquake,0.85,California,-122.8548355,38.8300018,1.74,2022-02-08 02:15:30.170000+00:00,1,blue,1
1664068627630,"5km E of Calimesa, CA",reviewed,0,18,earthquake,1.07,California,-117.0011667,33.9866667,12.44,2022-09-25 01:17:07.630000+00:00,1,blue,1
1645384405969,"6 km S of El Indio, Texas",reviewed,0,188,earthquake,3.5, Texas,-100.3224954,28.45367432,5.306681315,2022-02-20 19:13:25.969000+00:00,0,green,2
1681120021230,"32km E of Barstow, CA",reviewed,0,18,earthquake,1.08,California,-116.6696667,34.8825,0.82,2023-04-10 09:47:01.230000+00:00,1,blue,1
1642702268102,"51 km S of Whites City, New Mexico",reviewed,0,104,earthquake,2.6, New Mexico,-104.2759914,31.71731302,7.57121582,2022-01-20 18:11:08.102000+00:00,0,red,0
1645734267806,"215 km E of Hanga Roa, Chile",reviewed,0,340,earthquake,4.7, Chile,-107.2857,-26.8138,10.0,2022-02-24 20:24:27.806000+00:00,2,green,2
1677314270600,"6 km NNW of Enoch, Utah",reviewed,0,53,earthquake,1.86, Utah,-113.0461667,37.8325,0.99,2023-02-25 08:37:50.600000+00:00,0,red,0
1646138600891,"50 km E of Denali National Park, Alaska",reviewed,0,22,earthquake,1.2, Alaska,-150.7189,63.5187,7.0,2022-03-01 12:43:20.891000+00:00,1,blue,1
1652842608090,"3 km SW of Dibble, Oklahoma",reviewed,0,23,earthquake,1.22, Oklahoma,-97.65483333,35.01583333,9.11,2022-05-18 02:56:48.090000+00:00,1,blue,1
1678951832339,"121 km SW of Panguna, Papua New Guinea",reviewed,0,259,earthquake,4.1, Papua New Guinea,154.8083,-7.1797,10.0,2023-03-16 07:30:32.339000+00:00,2,green,2
1641513147913,"34 km SE of Mina, Nevada",automatic,0,19,earthquake,1.1, Nevada,-117.8257,38.168,8.4,2022-01-06 23:52:27.913000+00:00,1,blue,1
1662977547640,"10 km NE of Dutch Harbor, Alaska",reviewed,0,11,earthquake,0.86, Alaska,-166.441833333333,53.9588333333333,12.78,2022-09-12 10:12:27.640000+00:00,1,blue,1
1670381188900,"33 km W of Tatitlek, Alaska",reviewed,0,19,earthquake,1.1, Alaska,-147.2779,60.9142,16.0,2022-12-07 02:46:28.900000+00:00,1,blue,1
1684287107760,"2km SW of Imperial, CA",reviewed,0,13,earthquake,0.92,California,-115.5831667,32.8383333,12.73,2023-05-17 01:31:47.760000+00:00,1,blue,1
1655526998443,"50 km NW of Indian Springs, Nevada",reviewed,0,1,earthquake,0.3, Nevada,-116.1253,36.8424,2.8,2022-06-18 04:36:38.443000+00:00,1,blue,1
1667683200020,"Island of Hawaii, Hawaii",automatic,0,72,earthquake,2.17, Hawaii,-155.473327636719,19.4158325195312,8.11999988555908,2022-11-05 21:20:00.020000+00:00,0,red,0
1672757613655,Balleny Islands region,reviewed,0,482,earthquake,5.6,Balleny Islands region,178.8954,-65.4071,10.0,2023-01-03 14:53:33.655000+00:00,2,green,2
1671016343578,"Unimak Island region, Alaska",reviewed,0,56,earthquake,1.9, Alaska,-164.9856,54.0261,27.1,2022-12-14 11:12:23.578000+00:00,0,red,0
1672833375260,"8km SSW of Lamont, CA",reviewed,0,52,earthquake,1.83,California,-118.9363333,35.1856667,4.7,2023-01-04 11:56:15.260000+00:00,0,red,0
1684100122820,"45km WSW of Coronado, CA",reviewed,0,87,earthquake,2.37,California,-117.637,32.5426667,5.87,2023-05-14 21:35:22.820000+00:00,0,red,0
1648015128220,"4 km WSW of Guánica, Puerto Rico",reviewed,0,117,earthquake,2.75, Puerto Rico,-66.949,17.9518333333333,10.21,2022-03-23 05:58:48.220000+00:00,0,red,0
1672293946156,"65 km ENE of Pedro Bay, Alaska",reviewed,0,62,earthquake,2.0, Alaska,-153.005,59.9927,116.4,2022-12-29 06:05:46.156000+00:00,0,red,0
1684589777960,"99km W of Petrolia, CA",reviewed,0,103,earthquake,2.59,California,-125.447,40.3851667,10.0,2023-05-20 13:36:17.960000+00:00,0,red,0
1674014048990,"7km WNW of Cobb, CA",automatic,0,8,earthquake,0.74,California,-122.80233,38.8348351,2.16,2023-01-18 03:54:08.990000+00:00,1,blue,1
1656363508830,"2km ESE of Lake Henshaw, CA",reviewed,0,39,earthquake,1.59,California,-116.739,33.2318333,11.37,2022-06-27 20:58:28.830000+00:00,1,blue,1
1665824473640,"14 km E of Crescent Valley, Nevada",reviewed,0,62,earthquake,2.0, Nevada,-116.4048,40.3996,12.1,2022-10-15 09:01:13.640000+00:00,0,red,0
1668242053002,"29 km WNW of Petersville, Alaska",reviewed,0,39,earthquake,1.6, Alaska,-151.2767,62.6148,91.3,2022-11-12 08:34:13.002000+00:00,0,red,0
1643196120141,"34 km NW of Benton, California",reviewed,0,6,earthquake,0.6, California,-118.7172,38.0597,11.1,2022-01-26 11:22:00.141000+00:00,1,blue,1
1678438665819,"82 km WNW of Karluk, Alaska",reviewed,0,44,earthquake,1.7, Alaska,-155.6656,57.937,101.4,2023-03-10 08:57:45.819000+00:00,0,red,0
1670027607590,"Andreanof Islands, Aleutian Islands, Alaska",reviewed,0,4,earthquake,0.53, Aleutian Islands,-177.337166666667,51.876,7.77,2022-12-03 00:33:27.590000+00:00,1,blue,1
1643242001643,"27 km SSE of Mina, Nevada",reviewed,0,39,earthquake,1.6, Nevada,-118.0165,38.1582,5.1,2022-01-27 00:06:41.643000+00:00,1,blue,1
1678777928260,"9km W of Corona, CA",reviewed,0,11,earthquake,0.83,California,-117.6648333,33.856,6.93,2023-03-14 07:12:08.260000+00:00,1,blue,1
1678104354700,"1km ENE of Brawley, CA",reviewed,0,35,earthquake,1.5,California,-115.5216667,32.983,5.04,2023-03-06 12:05:54.700000+00:00,1,blue,1
1642751577820,"0 km ENE of Magas Arriba, Puerto Rico",reviewed,0,93,earthquake,2.46, Puerto Rico,-66.7621,18.019,14.0,2022-01-21 07:52:57.820000+00:00,0,red,0
1679168170210,"100 km W of Adak, Alaska",reviewed,0,5,earthquake,0.59, Alaska,-178.095666666667,51.8543333333333,2.85,2023-03-18 19:36:10.210000+00:00,1,blue,1
1645121150660,"2km W of San Juan Bautista, CA",reviewed,0,60,earthquake,1.97,California,-121.558,36.8471667,6.76,2022-02-17 18:05:50.660000+00:00,0,red,0
1655881234318,"296 km ENE of Lospalos, Timor Leste",reviewed,0,298,earthquake,4.4, Timor Leste,129.3086,-7.1502,125.7,2022-06-22 07:00:34.318000+00:00,2,green,2
1669320232790,"3 km SW of Indios, Puerto Rico",reviewed,0,78,earthquake,2.25, Puerto Rico,-66.8361666666667,17.9711666666667,10.96,2022-11-24 20:03:52.790000+00:00,0,red,0
1688762141250,"228 km W of Adak, Alaska",reviewed,0,74,earthquake,2.2, Alaska,-179.9447,51.7531,97.5,2023-07-07 20:35:41.250000+00:00,0,red,0
1671845585430,"7km WSW of Gilroy, CA",reviewed,0,43,earthquake,1.67,California,-121.6336667,36.9771667,5.01,2022-12-24 01:33:05.430000+00:00,1,blue,1
1670463863130,"10km NW of The Geysers, CA",automatic,0,17,earthquake,1.05,California,-122.8375015,38.8406677,1.1,2022-12-08 01:44:23.130000+00:00,1,blue,1
1670001943438,"Near the coast of Valparaiso, Chile",reviewed,0,234,earthquake,3.9, Chile,-71.8974,-32.477,30.701,2022-12-02 17:25:43.438000+00:00,2,green,2
1679024759418,"38 km NNW of Toyah, Texas",reviewed,0,44,earthquake,1.7, Texas,-103.9943882,31.616538,7.416967772999999,2023-03-17 03:45:59.418000+00:00,0,red,0
1644094910670,"8 km E of Crowder, Oklahoma",reviewed,0,24,earthquake,1.24, Oklahoma,-95.57583333,35.11533333,5.23,2022-02-05 21:01:50.670000+00:00,1,blue,1
1663797865577,"12 km WNW of Beluga, Alaska",reviewed,0,50,earthquake,1.8, Alaska,-151.2982,61.178,70.7,2022-09-21 22:04:25.577000+00:00,0,red,0
1678776962790,"87 km W of Adak, Alaska",reviewed,0,23,earthquake,1.22, Alaska,-177.903,51.8703333333333,3.49,2023-03-14 06:56:02.790000+00:00,1,blue,1
1643962519740,"4km NNW of Fontana, CA",reviewed,0,6,earthquake,0.64,California,-117.4781667,34.1336667,4.96,2022-02-04 08:15:19.740000+00:00,1,blue,1
1678357861159,"Andreanof Islands, Aleutian Islands, Alaska",reviewed,0,74,earthquake,2.2, Aleutian Islands,-177.9928,51.8634,5.4,2023-03-09 10:31:01.159000+00:00,0,red,0
1684633860056,Central Alaska,reviewed,0,19,earthquake,1.1,Central Alaska,-150.4346,62.7051,58.0,2023-05-21 01:51:00.056000+00:00,1,blue,1
1655541321510,"13km WNW of Calipatria, CA",reviewed,0,47,earthquake,1.74,California,-115.6485,33.16,3.18,2022-06-18 08:35:21.510000+00:00,0,red,0
1681489199320,"87 km N of Brenas, Puerto Rico",reviewed,0,125,earthquake,2.85, Puerto Rico,-66.2301666666667,19.2491666666667,19.19,2023-04-14 16:19:59.320000+00:00,0,red,0
1650697411768,"89 km NNW of Aleneva, Alaska",reviewed,0,26,earthquake,1.3, Alaska,-153.5677,58.7844,16.1,2022-04-23 07:03:31.768000+00:00,1,blue,1
1665838258900,Southern Alaska,reviewed,0,148,earthquake,3.1,Southern Alaska,-146.5819,60.8101,15.0,2022-10-15 12:50:58.900000+00:00,0,red,0
1656475596363,"2 km WSW of Susitna, Alaska",reviewed,0,30,earthquake,1.4, Alaska,-150.5623,61.5386,56.9,2022-06-29 04:06:36.363000+00:00,0,red,0
1655605463461,"8 km SSE of Trapper Creek, Alaska",reviewed,0,19,earthquake,1.1, Alaska,-150.1634,62.2449,18.6,2022-06-19 02:24:23.461000+00:00,1,blue,1
1664598114563,"18 km S of Kokhanok, Alaska",reviewed,0,10,earthquake,0.8, Alaska,-154.7954,59.2698,12.9,2022-10-01 04:21:54.563000+00:00,1,blue,1
1657130584440,"9km NNW of Anza, CA",reviewed,0,0,earthquake,0.13,California,-116.7173333,33.629,15.35,2022-07-06 18:03:04.440000+00:00,1,blue,1
1675906357387,"49 km WNW of Anchor Point, Alaska",reviewed,0,35,earthquake,1.5, Alaska,-152.6839,59.885,89.1,2023-02-09 01:32:37.387000+00:00,0,red,0
1679369744120,"11km NW of Pinnacles, CA",reviewed,0,21,earthquake,1.17,California,-121.2125,36.6115,2.25,2023-03-21 03:35:44.120000+00:00,1,blue,1
1686968782462,"28 km SSW of White Mountain, Alaska",reviewed,0,35,earthquake,1.5, Alaska,-163.6475,64.4431,9.9,2023-06-17 02:26:22.462000+00:00,1,blue,1
1679950768640,"8km WNW of Cobb, CA",automatic,0,1,earthquake,0.22,California,-122.8154984,38.847168,1.37,2023-03-27 20:59:28.640000+00:00,1,blue,1
1660239888988,"50 km SSE of Denali National Park, Alaska",reviewed,0,12,earthquake,0.9, Alaska,-151.2699,63.1389,9.9,2022-08-11 17:44:48.988000+00:00,1,blue,1
1661531770880,"23 km E of Honaunau-Napoopoo, Hawaii",reviewed,0,34,earthquake,1.48, Hawaii,-155.645333333333,19.4233333333333,1.89,2022-08-26 16:36:10.880000+00:00,1,blue,1
1651385295640,"6km WNW of The Geysers, CA",automatic,0,8,earthquake,0.74,California,-122.815834,38.7953339,3.1,2022-05-01 06:08:15.640000+00:00,1,blue,1
1658477882923,"111 km SSE of Panguna, Papua New Guinea",reviewed,0,354,earthquake,4.8, Papua New Guinea,155.9916,-7.1916,84.741,2022-07-22 08:18:02.923000+00:00,2,green,2
1679947410675,"43 km N of Petersville, Alaska",reviewed,0,39,earthquake,1.6, Alaska,-150.6424,62.8813,88.9,2023-03-27 20:03:30.675000+00:00,0,red,0
1652184354821,"78 km SSW of Kirakira, Solomon Islands",reviewed,0,369,earthquake,4.9, Solomon Islands,161.7117,-11.1351,10.0,2022-05-10 12:05:54.821000+00:00,2,green,2
1671249853447,"68 km N of Petersville, Alaska",reviewed,0,68,earthquake,2.1, Alaska,-150.6949,63.106,115.6,2022-12-17 04:04:13.447000+00:00,0,red,0
1673371601310,"8km NW of The Geysers, CA",automatic,0,14,earthquake,0.94,California,-122.8236694,38.8308334,0.48,2023-01-10 17:26:41.310000+00:00,1,blue,1
1688999425350,"8 km S of Condon, Montana",reviewed,0,63,earthquake,2.02, Montana,-113.730166666667,47.448,18.63,2023-07-10 14:30:25.350000+00:00,0,red,0
1657530860960,"3 km SW of Girdwood, Alaska",reviewed,0,26,earthquake,1.3, Alaska,-149.2057,60.9158,14.4,2022-07-11 09:14:20.960000+00:00,1,blue,1
1688412793530,"5 km SW of La Parguera, Puerto Rico",reviewed,0,89,earthquake,2.41, Puerto Rico,-67.0806666666667,17.9411666666667,6.05,2023-07-03 19:33:13.530000+00:00,0,red,0
1650802709305,"11 km S of Port Graham, Alaska",reviewed,0,30,earthquake,1.4, Alaska,-151.8627,59.2462,51.2,2022-04-24 12:18:29.305000+00:00,0,red,0
1682666482675,"35 km E of Skwentna, Alaska",reviewed,0,35,earthquake,1.5, Alaska,-150.7349,62.0305,58.9,2023-04-28 07:21:22.675000+00:00,0,red,0
1671553377315,"18 km W of Willow, Alaska",reviewed,0,19,earthquake,1.1, Alaska,-150.3873,61.7552,60.7,2022-12-20 16:22:57.315000+00:00,1,blue,1
1671791771464,"132 km WNW of Haines Junction, Canada",reviewed,0,39,earthquake,1.6, Canada,-139.6725,61.3184,7.6,2022-12-23 10:36:11.464000+00:00,1,blue,1
1676917204339,central Mid-Atlantic Ridge,reviewed,0,312,earthquake,4.5,central Mid-Atlantic Ridge,-36.116,7.6647,10.0,2023-02-20 18:20:04.339000+00:00,2,green,2
1645478028716,"22 km NNW of Susitna, Alaska",reviewed,0,19,earthquake,1.1, Alaska,-150.6419,61.7352,52.7,2022-02-21 21:13:48.716000+00:00,1,blue,1
1648932146594,"111 km NW of Yakutat, Alaska",reviewed,0,19,earthquake,1.1, Alaska,-141.1642,60.243,6.6,2022-04-02 20:42:26.594000+00:00,1,blue,1
1652309916086,"36 km SE of Fox River, Alaska",reviewed,0,30,earthquake,1.4, Alaska,-150.4538,59.6549,24.3,2022-05-11 22:58:36.086000+00:00,1,blue,1
1666272201672,"65 km ESE of Pedro Bay, Alaska",reviewed,0,39,earthquake,1.6, Alaska,-152.9985,59.6,94.8,2022-10-20 13:23:21.672000+00:00,0,red,0
1682596042230,"6km NW of The Geysers, CA",automatic,0,2,earthquake,0.38,California,-122.7948303,38.8203316,3.17,2023-04-27 11:47:22.230000+00:00,1,blue,1
1651029461441,"79 km ESE of Sand Point, Alaska",reviewed,0,129,earthquake,2.9, Alaska,-159.3498,55.0516,10.0,2022-04-27 03:17:41.441000+00:00,0,red,0
1677099291749,"32 km SE of Mina, Nevada",reviewed,0,39,earthquake,1.6, Nevada,-117.8873,38.1559,8.0,2023-02-22 20:54:51.749000+00:00,1,blue,1
1677603110263,"2 km SSE of Kuroda, Japan",reviewed,0,271,earthquake,4.2, Japan,136.7977,35.3309,300.763,2023-02-28 16:51:50.263000+00:00,2,pink,3
1678735857399,"22 km E of Ninilchik, Alaska",reviewed,0,44,earthquake,1.7, Alaska,-151.2774,60.0211,34.6,2023-03-13 19:30:57.399000+00:00,0,red,0
1653543464480,"85 km NNW of Karluk, Alaska",reviewed,0,0,earthquake,0.05, Alaska,-154.994166666667,58.2806666666667,3.44,2022-05-26 05:37:44.480000+00:00,1,blue,1
1649882968156,Kuril Islands,reviewed,0,340,earthquake,4.7,Kuril Islands,153.4702,47.473,67.58,2022-04-13 20:49:28.156000+00:00,2,green,2
1652120955460,"6 km NW of Jefferson, Oklahoma",reviewed,0,78,earthquake,2.25, Oklahoma,-97.83933333,36.7695,7.48,2022-05-09 18:29:15.460000+00:00,0,red,0
1670397030900,"11km NW of Corcoran, CA",reviewed,0,54,earthquake,1.87,California,-119.6543333,36.1608333,20.94,2022-12-07 07:10:30.900000+00:00,0,red,0
1663403568860,"199 km SSE of Isangel, Vanuatu",reviewed,0,284,earthquake,4.3, Vanuatu,170.1157,-21.1653,147.692,2022-09-17 08:32:48.860000+00:00,2,green,2
1669156921090,"22km NE of San Lucas, CA",reviewed,0,47,earthquake,1.75,California,-120.8258333,36.2541667,6.71,2022-11-22 22:42:01.090000+00:00,0,red,0
1671273374955,"54 km S of Whites City, New Mexico",reviewed,0,74,earthquake,2.2, New Mexico,-104.4011985,31.68622473,6.337231444999999,2022-12-17 10:36:14.955000+00:00,0,red,0
1682724482440,"3km SSW of Heber, CA",reviewed,0,131,earthquake,2.86,California,-115.5366667,32.7026667,10.2,2023-04-28 23:28:02.440000+00:00,0,red,0
1684693351512,"30 km S of Segundo, Colorado",reviewed,0,15,earthquake,1.0, Colorado,-104.8184,36.8565,5.0,2023-05-21 18:22:31.512000+00:00,1,blue,1
1656529936704,"52 km WSW of Adak, Alaska",reviewed,0,56,earthquake,1.9, Alaska,-177.3162,51.6585,78.5,2022-06-29 19:12:16.704000+00:00,0,red,0
1665340261954,"12 km SSE of Central, Alaska",reviewed,0,30,earthquake,1.4, Alaska,-144.7112,65.4641,0.6,2022-10-09 18:31:01.954000+00:00,1,blue,1
1659515061988,"53 km NE of Kobuk, Alaska",reviewed,0,22,earthquake,1.2, Alaska,-156.141,67.2912,4.1,2022-08-03 08:24:21.988000+00:00,1,blue,1
1651167540779,"59 km N of Petersville, Alaska",reviewed,0,19,earthquake,1.1, Alaska,-150.6236,63.0238,107.0,2022-04-28 17:39:00.779000+00:00,0,red,0
1666277565640,"4 km NW of Tanaina, Alaska",reviewed,0,62,earthquake,2.0, Alaska,-149.4811,61.6579,30.1,2022-10-20 14:52:45.640000+00:00,0,red,0
1690176626680,"47 km NW of San Antonio, Puerto Rico",reviewed,0,140,earthquake,3.02, Puerto Rico,-67.3843333333333,18.8183333333333,6.98,2023-07-24 05:30:26.680000+00:00,0,red,0
1683729761543,"44 km S of Glacier View, Alaska",reviewed,0,26,earthquake,1.3, Alaska,-147.6307,61.4078,19.0,2023-05-10 14:42:41.543000+00:00,1,blue,1
1662976604650,"Island of Hawaii, Hawaii",automatic,0,52,earthquake,1.84000003, Hawaii,-155.466995239258,19.156665802002,31.5300006866455,2022-09-12 09:56:44.650000+00:00,0,red,0
1678923110400,"Andreanof Islands, Aleutian Islands, Alaska",reviewed,0,52,earthquake,1.83, Aleutian Islands,-178.093833333333,51.8466666666667,3.65,2023-03-15 23:31:50.400000+00:00,0,red,0
1642051182739,"28 km SSW of Walker Lake, Nevada",reviewed,0,30,earthquake,1.4, Nevada,-118.9326,38.431,12.0,2022-01-13 05:19:42.739000+00:00,1,blue,1
1673202411547,Southern Alaska,reviewed,0,35,earthquake,1.5,Southern Alaska,-147.7704,60.4582,4.0,2023-01-08 18:26:51.547000+00:00,1,blue,1
1641636362847,"19 km WNW of Tatitlek, Alaska",reviewed,0,26,earthquake,1.3, Alaska,-147.0168,60.935,20.0,2022-01-08 10:06:02.847000+00:00,1,blue,1
1643708274120,"12km ENE of Ocotillo Wells, CA",reviewed,0,40,earthquake,1.62,California,-116.0078333,33.1845,5.75,2022-02-01 09:37:54.120000+00:00,1,blue,1
1674539613246,"24 km SW of Noatak, Alaska",reviewed,0,138,earthquake,3.0, Alaska,-163.3678,67.4092,11.6,2023-01-24 05:53:33.246000+00:00,0,red,0
1679447301640,"35 km W of Puerto Real, Puerto Rico",reviewed,0,152,earthquake,3.14, Puerto Rico,-67.5191666666667,18.0645,41.1,2023-03-22 01:08:21.640000+00:00,0,red,0
1681640959110,"7km NW of The Geysers, CA",reviewed,0,3,earthquake,0.41,California,-122.806,38.8241667,1.56,2023-04-16 10:29:19.110000+00:00,1,blue,1
1651270278068,"8 km ENE of Floriston, California",reviewed,0,8,earthquake,0.7, California,-119.9322,39.415,8.8,2022-04-29 22:11:18.068000+00:00,1,blue,1
1641274508213,"52 km ENE of Namie, Japan",reviewed,0,312,earthquake,4.5, Japan,141.5249,37.7085,61.35,2022-01-04 05:35:08.213000+00:00,2,green,2
1661350163121,"54 km ESE of Denali National Park, Alaska",reviewed,0,26,earthquake,1.3, Alaska,-150.7816,63.297,122.2,2022-08-24 14:09:23.121000+00:00,0,red,0
1670853080460,"94 km W of Adak, Alaska",reviewed,0,15,earthquake,0.98, Alaska,-178.005333333333,51.8771666666667,3.78,2022-12-12 13:51:20.460000+00:00,1,blue,1
1689274901023,"47 km N of Chickaloon, Alaska",reviewed,0,35,earthquake,1.5, Alaska,-148.4288,62.2223,34.0,2023-07-13 19:01:41.023000+00:00,0,red,0
1677442250080,"23km NNW of Barstow, CA",reviewed,0,53,earthquake,1.86,California,-117.1263333,35.0853333,3.45,2023-02-26 20:10:50.080000+00:00,0,red,0
1686742626183,"120 km WSW of Adak, Alaska",reviewed,0,56,earthquake,1.9, Alaska,-178.2502,51.4613,13.1,2023-06-14 11:37:06.183000+00:00,0,red,0
1657332152783,"79 km SSE of Ugashik, Alaska",reviewed,0,81,earthquake,2.3, Alaska,-156.9788,56.8406,80.5,2022-07-09 02:02:32.783000+00:00,0,red,0
1689834163460,"2 km NNW of Guayanilla, Puerto Rico",reviewed,0,88,earthquake,2.39, Puerto Rico,-66.8025,18.0375,16.68,2023-07-20 06:22:43.460000+00:00,0,red,0
1658307192727,"10 km E of Alamo, Nevada",reviewed,0,62,earthquake,2.0, Nevada,-115.0446,37.3568,4.8,2022-07-20 08:53:12.727000+00:00,0,red,0
1662574249100,Southern Alaska,reviewed,0,15,earthquake,1.0,Southern Alaska,-148.7859,61.0046,29.4,2022-09-07 18:10:49.100000+00:00,1,blue,1
1664510551474,"15 km WSW of Anchor Point, Alaska",reviewed,0,74,earthquake,2.2, Alaska,-152.0912,59.719,69.5,2022-09-30 04:02:31.474000+00:00,0,red,0
1655099918924,"35 km SE of Mina, Nevada",reviewed,0,10,earthquake,0.8, Nevada,-117.8133,38.1756,9.3,2022-06-13 05:58:38.924000+00:00,1,blue,1
1653024393790,"3km NNW of The Geysers, CA",automatic,0,11,earthquake,0.85,California,-122.7710037,38.8016663,1.51,2022-05-20 05:26:33.790000+00:00,1,blue,1
1657964583032,Easter Island region,reviewed,0,354,earthquake,4.8,Easter Island region,-114.1373,-22.5316,10.0,2022-07-16 09:43:03.032000+00:00,2,green,2
1670613950782,"50 km NNW of Yakutat, Alaska",reviewed,0,39,earthquake,1.6, Alaska,-140.1742,59.9396,8.5,2022-12-09 19:25:50.782000+00:00,1,blue,1
1663969930007,Banda Sea,reviewed,0,326,earthquake,4.6,Banda Sea,125.6891,-5.2253,10.0,2022-09-23 21:52:10.007000+00:00,2,green,2
1644109003687,"2 km SSE of Big Lake, Alaska",reviewed,0,26,earthquake,1.3, Alaska,-149.9339,61.4967,35.1,2022-02-06 00:56:43.687000+00:00,1,blue,1
1663683505350,"3km ENE of The Geysers, CA",reviewed,0,8,earthquake,0.73,California,-122.7266667,38.7893333,1.35,2022-09-20 14:18:25.350000+00:00,1,blue,1
1645779158810,"4km WNW of The Geysers, CA",reviewed,0,3,earthquake,0.43,California,-122.8011667,38.7975,0.44,2022-02-25 08:52:38.810000+00:00,1,blue,1
1690141969970,"9 km NNE of Twin Bridges, Montana",reviewed,0,0,earthquake,0.16, Montana,-112.299166666667,45.628,4.98,2023-07-23 19:52:49.970000+00:00,1,blue,1
1671464518380,"7 km SW of Volcano, Hawaii",reviewed,0,3,earthquake,0.42, Hawaii,-155.281333333333,19.3926666666667,1.11,2022-12-19 15:41:58.380000+00:00,1,blue,1
1655754075500,"13km SSW of Borrego Springs, CA",reviewed,0,53,earthquake,1.85,California,-116.4175,33.1446667,11.1,2022-06-20 19:41:15.500000+00:00,0,red,0
1672840279455,"38 km SE of Jinka, Ethiopia",reviewed,0,298,earthquake,4.4, Ethiopia,36.8629,5.3714,10.0,2023-01-04 13:51:19.455000+00:00,2,green,2
1644986123910,"84 km W of Adak, Alaska",reviewed,0,3,earthquake,0.45, Alaska,-177.860666666667,51.8631666666667,7.79,2022-02-16 04:35:23.910000+00:00,1,blue,1
1643690283220,"66 km WSW of Adak, Alaska",reviewed,0,44,earthquake,1.7, Alaska,-177.5604,51.713,66.4,2022-02-01 04:38:03.220000+00:00,0,red,0
1671628209690,"3 km SSW of P?hala, Hawaii",automatic,0,120,earthquake,2.79, Hawaii,-155.488327026367,19.1714992523193,30.0900001525879,2022-12-21 13:10:09.690000+00:00,0,red,0
1642337681890,"6 km E of P?hala, Hawaii",automatic,0,55,earthquake,1.88999999, Hawaii,-155.419998168945,19.2103328704834,32.5400009155273,2022-01-16 12:54:41.890000+00:00,0,red,0
1641795939244,"4 km WSW of Susitna, Alaska",reviewed,0,26,earthquake,1.3, Alaska,-150.598,61.5309,56.9,2022-01-10 06:25:39.244000+00:00,0,red,0
1660079614965,"31 km SW of Cantwell, Alaska",reviewed,0,68,earthquake,2.1, Alaska,-149.3837,63.1879,82.4,2022-08-09 21:13:34.965000+00:00,0,red,0
1685344601910,"14km W of Searles Valley, CA",reviewed,0,13,earthquake,0.92,California,-117.5618333,35.742,11.25,2023-05-29 07:16:41.910000+00:00,1,blue,1
1688805604330,"22km SSE of Twentynine Palms, CA",reviewed,0,20,earthquake,1.15,California,-116.0185,33.943,8.42,2023-07-08 08:40:04.330000+00:00,1,blue,1
1661622192536,"298 km W of Adak, Alaska",reviewed,0,39,earthquake,1.6, Alaska,179.0793,51.5333,61.0,2022-08-27 17:43:12.536000+00:00,0,red,0
1670427347450,"4km NNW of The Geysers, CA",reviewed,0,3,earthquake,0.43,California,-122.7813333,38.8116667,3.77,2022-12-07 15:35:47.450000+00:00,1,blue,1
1666676844283,California-Nevada border region,reviewed,0,22,earthquake,1.2,California-Nevada border region,-119.4975,38.522,7.7,2022-10-25 05:47:24.283000+00:00,1,blue,1
1683861549304,"52 km W of Anchor Point, Alaska",reviewed,0,22,earthquake,1.2, Alaska,-152.7549,59.7338,92.1,2023-05-12 03:19:09.304000+00:00,0,red,0
1685888044185,"84 km NW of Karluk, Alaska",reviewed,0,30,earthquake,1.4, Alaska,-155.2798,58.1875,2.6,2023-06-04 14:14:04.185000+00:00,1,blue,1
1666435013730,"4km S of Idyllwild, CA",reviewed,0,10,earthquake,0.79,California,-116.7266667,33.7013333,18.82,2022-10-22 10:36:53.730000+00:00,1,blue,1
1650257374100,"3km NE of The Geysers, CA",automatic,0,1,earthquake,0.21,California,-122.7320023,38.7905006,2.12,2022-04-18 04:49:34.100000+00:00,1,blue,1
1687161798335,Molucca Sea,reviewed,0,326,earthquake,4.6,Molucca Sea,125.0959,-0.171,60.603,2023-06-19 08:03:18.335000+00:00,2,green,2
1643738808800,"2 km NE of Fuig, Puerto Rico",reviewed,0,21,earthquake,1.16, Puerto Rico,-66.8993333333333,18.0066666666667,16.0,2022-02-01 18:06:48.800000+00:00,1,blue,1
1687823908871,"38 km S of Parapat, Indonesia",reviewed,0,298,earthquake,4.4, Indonesia,98.9728,2.3196,173.594,2023-06-26 23:58:28.871000+00:00,2,green,2
1657915337320,"73 km WSW of Kivalina, Alaska",reviewed,0,96,earthquake,2.5, Alaska,-166.0614,67.4202,5.1,2022-07-15 20:02:17.320000+00:00,0,red,0
1670201947827,"40 km NNW of Valdez, Alaska",reviewed,0,12,earthquake,0.9, Alaska,-146.5535,61.4771,20.1,2022-12-05 00:59:07.827000+00:00,1,blue,1
1644620023110,"16km SE of Anza, CA",reviewed,0,7,earthquake,0.66,California,-116.5513333,33.4565,11.73,2022-02-11 22:53:43.110000+00:00,1,blue,1
1686548779403,"47 km SW of Lime Village, Alaska",reviewed,0,44,earthquake,1.7, Alaska,-156.1127,61.0817,7.9,2023-06-12 05:46:19.403000+00:00,0,red,0
1646589675538,"34 km E of Denali National Park, Alaska",reviewed,0,10,earthquake,0.8, Alaska,-151.0251,63.5465,9.0,2022-03-06 18:01:15.538000+00:00,1,blue,1
1652165836560,"3 km S of P?hala, Hawaii",automatic,0,54,earthquake,1.87, Hawaii,-155.475662231445,19.1674995422363,35.4199981689453,2022-05-10 06:57:16.560000+00:00,0,red,0
1656080909020,"2 km SW of P?hala, Hawaii",reviewed,0,119,earthquake,2.78, Hawaii,-155.494666666667,19.1876666666667,33.48,2022-06-24 14:28:29.020000+00:00,0,red,0
1663733928643,"82 km SW of Akhiok, Alaska",reviewed,0,39,earthquake,1.6, Alaska,-155.0197,56.3731,24.4,2022-09-21 04:18:48.643000+00:00,0,red,0
1650852016300,"10 km WNW of Volcano, Hawaii",reviewed,0,74,earthquake,2.2, Hawaii,-155.324,19.492,12.02,2022-04-25 02:00:16.300000+00:00,0,red,0
1674164358545,"94 km SE of Akutan, Alaska",reviewed,0,68,earthquake,2.1, Alaska,-164.6187,53.6253,17.6,2023-01-19 21:39:18.545000+00:00,0,red,0
1676114113292,"50 km SSE of King Cove, Alaska",reviewed,0,138,earthquake,3.0, Alaska,-162.0372,54.6391,35.0,2023-02-11 11:15:13.292000+00:00,0,red,0
1677885176820,"9km NE of Aguanga, CA",reviewed,0,72,earthquake,2.16,California,-116.7868333,33.489,3.71,2023-03-03 23:12:56.820000+00:00,0,red,0
1682361162730,"4km NNW of The Geysers, CA",automatic,0,8,earthquake,0.71,California,-122.7724991,38.8103333,1.42,2023-04-24 18:32:42.730000+00:00,1,blue,1
1685071741390,"2 km SE of Unalaska, Alaska",reviewed,0,3,earthquake,0.45, Alaska,-166.506833333333,53.8545,14.7,2023-05-26 03:29:01.390000+00:00,1,blue,1
1676459234402,"14 km S of Central, Alaska",reviewed,0,19,earthquake,1.1, Alaska,-144.7749,65.4388,2.8,2023-02-15 11:07:14.402000+00:00,1,blue,1
1652155574416,"11 km S of Iquique, Chile",reviewed,0,148,earthquake,3.1, Chile,-70.1665,-20.3186,36.26,2022-05-10 04:06:14.416000+00:00,0,red,0
1649735153338,"19 km WNW of Sitka, Alaska",reviewed,0,50,earthquake,1.8, Alaska,-135.6441,57.0993,5.4,2022-04-12 03:45:53.338000+00:00,0,red,0
1659831230540,"30 km WNW of Anchor Point, Alaska",reviewed,0,44,earthquake,1.7, Alaska,-152.3466,59.8542,82.1,2022-08-07 00:13:50.540000+00:00,0,red,0
1686237224403,"101 km NE of Wiseman, Alaska",reviewed,0,26,earthquake,1.3, Alaska,-148.5302,68.0942,9.5,2023-06-08 15:13:44.403000+00:00,1,blue,1
1687680667650,"Island of Hawaii, Hawaii",automatic,0,47,earthquake,1.75, Hawaii,-155.399673461914,19.2398338317871,28.7299995422363,2023-06-25 08:11:07.650000+00:00,0,red,0
1646933466082,"25 km NE of Norsup, Vanuatu",reviewed,0,259,earthquake,4.1, Vanuatu,167.5508,-15.8909,10.0,2022-03-10 17:31:06.082000+00:00,2,green,2
1659912904410,"7 km ESE of La Parguera, Puerto Rico",reviewed,0,52,earthquake,1.83, Puerto Rico,-66.9791666666667,17.954,12.11,2022-08-07 22:55:04.410000+00:00,0,red,0
1647855208760,"8km NNE of Banning, CA",reviewed,0,12,earthquake,0.9,California,-116.8306667,33.9863333,9.62,2022-03-21 09:33:28.760000+00:00,1,blue,1
1654425979800,Kermadec Islands region,reviewed,0,369,earthquake,4.9,Kermadec Islands region,-176.6185,-28.3197,10.0,2022-06-05 10:46:19.800000+00:00,2,green,2
1679135032290,"5km N of Hollister, CA",reviewed,0,25,earthquake,1.27,California,-121.398,36.89,9.7,2023-03-18 10:23:52.290000+00:00,1,blue,1
1684727536533,"16 km ESE of Clam Gulch, Alaska",reviewed,0,74,earthquake,2.2, Alaska,-151.1327,60.1693,60.7,2023-05-22 03:52:16.533000+00:00,0,red,0
1688255330655,"81 km WSW of Karluk, Alaska",reviewed,0,62,earthquake,2.0, Alaska,-155.7895,57.4121,12.2,2023-07-01 23:48:50.655000+00:00,0,red,0
1689234524170,"6km W of Pine Mountain Club, CA",reviewed,0,28,earthquake,1.35,California,-119.2136667,34.8553333,10.18,2023-07-13 07:48:44.170000+00:00,1,blue,1
1669114047700,"6km SE of Loma Linda, CA",reviewed,0,13,earthquake,0.93,California,-117.2173333,34.0078333,6.71,2022-11-22 10:47:27.700000+00:00,1,blue,1
1645919187520,"6km NW of The Geysers, CA",automatic,0,13,earthquake,0.93,California,-122.8088303,38.815834,0.51,2022-02-26 23:46:27.520000+00:00,1,blue,1
1646155102490,"7 km S of Indios, Puerto Rico",reviewed,0,70,earthquake,2.13, Puerto Rico,-66.815,17.9228333333333,13.89,2022-03-01 17:18:22.490000+00:00,0,red,0
1644000394590,"23 km E of Honaunau-Napoopoo, Hawaii",reviewed,0,33,earthquake,1.46, Hawaii,-155.644333333333,19.4815,3.03,2022-02-04 18:46:34.590000+00:00,1,blue,1
1662783264470,"61 km NNE of Cruz Bay, U.S. Virgin Islands",reviewed,0,198,earthquake,3.59, U.S. Virgin Islands,-64.5361,18.8346,49.0,2022-09-10 04:14:24.470000+00:00,2,green,2
1649419605864,"64 km NE of Pedro Bay, Alaska",reviewed,0,68,earthquake,2.1, Alaska,-153.1628,60.1205,128.3,2022-04-08 12:06:45.864000+00:00,0,red,0
1645111431140,"10km ENE of Desert Hot Springs, CA",reviewed,0,6,earthquake,0.6,California,-116.4098333,34.0091667,7.61,2022-02-17 15:23:51.140000+00:00,1,blue,1
1656316525285,"295 km ENE of Lospalos, Timor Leste",reviewed,0,285,earthquake,4.3, Timor Leste,129.3591,-7.2522,145.14,2022-06-27 07:55:25.285000+00:00,2,green,2
1649594135755,"76 km WNW of Aleneva, Alaska",reviewed,0,26,earthquake,1.3, Alaska,-154.0794,58.3652,71.0,2022-04-10 12:35:35.755000+00:00,0,red,0
1663414247870,"4 km SE of Maria Antonia, Puerto Rico",reviewed,0,69,earthquake,2.12, Puerto Rico,-66.861,17.9428333333333,18.8,2022-09-17 11:30:47.870000+00:00,0,red,0
1651368166818,"Izu Islands, Japan region",reviewed,0,340,earthquake,4.7, Japan region,142.3848,29.653,10.0,2022-05-01 01:22:46.818000+00:00,2,green,2
1675364389223,"90 km SSE of McGrath, Alaska",reviewed,0,22,earthquake,1.2, Alaska,-154.9323,62.2085,7.0,2023-02-02 18:59:49.223000+00:00,1,blue,1
1661693673200,"Island of Hawaii, Hawaii",automatic,0,49,earthquake,1.78999996, Hawaii,-155.357498168945,19.1823329925537,27.3799991607666,2022-08-28 13:34:33.200000+00:00,0,red,0
1688394901744,northern Alaska,reviewed,0,26,earthquake,1.3,northern Alaska,-143.757,69.5072,12.9,2023-07-03 14:35:01.744000+00:00,1,blue,1
1647184165650,"7km NW of The Geysers, CA",automatic,0,7,earthquake,0.66,California,-122.8033371,38.8256683,2.53,2022-03-13 15:09:25.650000+00:00,1,blue,1
1689776087038,"44 km SE of Behshahr, Iran",reviewed,0,284,earthquake,4.3, Iran,53.9089,36.4116,10.0,2023-07-19 14:14:47.038000+00:00,2,green,2
1685263315540,"7km NNW of Delta, B.C., MX",reviewed,0,110,earthquake,2.68, B.C.,-115.2186667,32.4125,7.45,2023-05-28 08:41:55.540000+00:00,0,red,0
1661438689180,"85 km NNW of Karluk, Alaska",reviewed,0,2,earthquake,0.35, Alaska,-155.120166666667,58.2488333333333,18.32,2022-08-25 14:44:49.180000+00:00,1,blue,1
1687626091420,"2km NNE of The Geysers, CA",automatic,0,1,earthquake,0.26,California,-122.7441635,38.7955017,0.68,2023-06-24 17:01:31.420000+00:00,1,blue,1
1644970898974,"4 km SE of Floriston, California",reviewed,0,10,earthquake,0.8, California,-119.9749,39.3694,7.8,2022-02-16 00:21:38.974000+00:00,1,blue,1
1680379951910,"16km WSW of Toms Place, CA",reviewed,0,15,earthquake,0.99,California,-118.8445,37.4971667,4.58,2023-04-01 20:12:31.910000+00:00,1,blue,1
1648242953542,"18 km SSE of Iquique, Chile",reviewed,0,104,earthquake,2.6, Chile,-70.0684,-20.3624,17.97,2022-03-25 21:15:53.542000+00:00,0,red,0
1660065891750,"3 km SSE of Palomas, Puerto Rico",reviewed,0,56,earthquake,1.9, Puerto Rico,-66.858,17.9896666666667,17.8,2022-08-09 17:24:51.750000+00:00,0,red,0
1676195715640,"4km N of Hollister, CA",reviewed,0,26,earthquake,1.29,California,-121.399,36.8791667,8.45,2023-02-12 09:55:15.640000+00:00,1,blue,1
1649060796667,"22 km SW of Petersville, Alaska",reviewed,0,15,earthquake,1.0, Alaska,-151.1155,62.3825,82.5,2022-04-04 08:26:36.667000+00:00,0,red,0
1677501821360,"84 km NW of Karluk, Alaska",reviewed,0,0,earthquake,0.02, Alaska,-155.270166666667,58.1895,2.0,2023-02-27 12:43:41.360000+00:00,1,blue,1
1687823257290,"6km W of Cobb, CA",reviewed,0,6,earthquake,0.6,California,-122.7918333,38.8323333,1.83,2023-06-26 23:47:37.290000+00:00,1,blue,1
1676437605585,"67 km SE of Denali National Park, Alaska",reviewed,0,39,earthquake,1.6, Alaska,-150.6297,63.1886,120.7,2023-02-15 05:06:45.585000+00:00,0,red,0
1673122430286,"47 km WNW of Tatitlek, Alaska",reviewed,0,12,earthquake,0.9, Alaska,-147.5147,60.9915,10.9,2023-01-07 20:13:50.286000+00:00,1,blue,1
1678576998810,"4km SSW of Anderson Springs, CA",reviewed,0,13,earthquake,0.92,California,-122.7075,38.7445,1.24,2023-03-11 23:23:18.810000+00:00,1,blue,1
1690063125030,"85 km NW of Karluk, Alaska",reviewed,0,1,earthquake,0.22, Alaska,-155.303166666667,58.1868333333333,1.04,2023-07-22 21:58:45.030000+00:00,1,blue,1
1659212028651,"6 km WSW of Unalaska, Alaska",reviewed,0,22,earthquake,1.2, Alaska,-166.6336,53.8611,8.9,2022-07-30 20:13:48.651000+00:00,1,blue,1
1687806218700,"3 km WSW of Washington, Oklahoma",reviewed,0,36,earthquake,1.53, Oklahoma,-97.52166667,35.0435,5.42,2023-06-26 19:03:38.700000+00:00,1,blue,1
1648853888590,"5 km E of La Parguera, Puerto Rico",reviewed,0,57,earthquake,1.92, Puerto Rico,-66.9946666666667,17.967,8.02,2022-04-01 22:58:08.590000+00:00,0,red,0
1641155793168,"60 km WNW of Nikiski, Alaska",reviewed,0,44,earthquake,1.7, Alaska,-152.3623,60.8438,99.2,2022-01-02 20:36:33.168000+00:00,0,red,0
1668646433310,"10km NE of Ocotillo Wells, CA",reviewed,0,47,earthquake,1.74,California,-116.0531667,33.203,10.28,2022-11-17 00:53:53.310000+00:00,0,red,0
1681541089208,"65 km ENE of Pedro Bay, Alaska",reviewed,0,74,earthquake,2.2, Alaska,-153.0771,60.0605,117.9,2023-04-15 06:44:49.208000+00:00,0,red,0
1645043324460,"14 km SSE of Volcano, Hawaii",reviewed,0,16,earthquake,1.03, Hawaii,-155.171166666667,19.3226666666667,2.2,2022-02-16 20:28:44.460000+00:00,1,blue,1
1658511105273,"Andreanof Islands, Aleutian Islands, Alaska",reviewed,0,56,earthquake,1.9, Aleutian Islands,-176.1052,51.9789,224.4,2022-07-22 17:31:45.273000+00:00,0,red,0
1654688984260,"20km ESE of Anza, CA",reviewed,0,11,earthquake,0.86,California,-116.4728333,33.486,11.51,2022-06-08 11:49:44.260000+00:00,1,blue,1
1644024324780,"17km NW of Parkfield, CA",reviewed,0,5,earthquake,0.57,California,-120.5698333,36.006,2.45,2022-02-05 01:25:24.780000+00:00,1,blue,1
1686037241310,"32 km NW of Rincón, Puerto Rico",reviewed,0,116,earthquake,2.74, Puerto Rico,-67.4628333333333,18.5553333333333,11.52,2023-06-06 07:40:41.310000+00:00,0,red,0
1645215250280,"6 km SSE of Indios, Puerto Rico",reviewed,0,116,earthquake,2.75, Puerto Rico,-66.8065,17.941,9.16,2022-02-18 20:14:10.280000+00:00,0,red,0
1685140466710,"8km E of Cloverdale, CA",reviewed,0,3,earthquake,0.41,California,-122.9276667,38.817,5.57,2023-05-26 22:34:26.710000+00:00,1,blue,1
1679426201861,"60 km WNW of Skwentna, Alaska",reviewed,0,15,earthquake,1.0, Alaska,-152.4336,62.2319,10.0,2023-03-21 19:16:41.861000+00:00,1,blue,1
1641504863250,"12km N of Borrego Springs, CA",reviewed,0,46,earthquake,1.73,California,-116.358,33.3668333,1.8,2022-01-06 21:34:23.250000+00:00,0,red,0
1662993280736,"3 km NW of Tanaina, Alaska",reviewed,0,22,earthquake,1.2, Alaska,-149.4614,61.6505,27.6,2022-09-12 14:34:40.736000+00:00,1,blue,1
1651175904243,"60 km NNW of Yakutat, Alaska",reviewed,0,22,earthquake,1.2, Alaska,-140.1204,60.0519,0.7,2022-04-28 19:58:24.243000+00:00,1,blue,1
1643902197331,"29 km SSE of Mina, Nevada",reviewed,0,22,earthquake,1.2, Nevada,-118.0043,38.1334,1.3,2022-02-03 15:29:57.331000+00:00,1,blue,1
1687096469600,"17km ESE of Anza, CA",reviewed,0,0,earthquake,0.13,California,-116.5096667,33.4785,14.09,2023-06-18 13:54:29.600000+00:00,1,blue,1
1657609211505,"31 km SE of Knik River, Alaska",reviewed,0,30,earthquake,1.4, Alaska,-148.4719,61.2782,33.3,2022-07-12 07:00:11.505000+00:00,1,blue,1
1664882450760,"22km ENE of Arvin, CA",reviewed,0,30,earthquake,1.4,California,-118.6235,35.3055,3.45,2022-10-04 11:20:50.760000+00:00,1,blue,1
1670073874640,"83 km NNW of Karluk, Alaska",reviewed,0,15,earthquake,1.0, Alaska,-155.1219,58.2299,5.0,2022-12-03 13:24:34.640000+00:00,1,blue,1
1658789238720,central Mid-Atlantic Ridge,reviewed,0,298,earthquake,4.4,central Mid-Atlantic Ridge,-19.7708,-0.4676,10.0,2022-07-25 22:47:18.720000+00:00,2,green,2
1671882574200,"13km WSW of Ferndale, CA",reviewed,0,76,earthquake,2.22,California,-124.4023333,40.5213333,18.55,2022-12-24 11:49:34.200000+00:00,0,red,0
1644153818033,"54 km S of Whites City, New Mexico",reviewed,0,89,earthquake,2.4, New Mexico,-104.4181295,31.68312594,7.596923828000001,2022-02-06 13:23:38.033000+00:00,0,red,0
1681504325662,off the coast of Northern California,reviewed,0,129,earthquake,2.9,off the coast of Northern California,-126.7852,40.4344,15.144,2023-04-14 20:32:05.662000+00:00,0,red,0
1675678516065,"89 km S of False Pass, Alaska",reviewed,0,121,earthquake,2.8, Alaska,-163.4876,54.0523,29.663,2023-02-06 10:15:16.065000+00:00,0,red,0
1644499239689,Banda Sea,reviewed,0,340,earthquake,4.7,Banda Sea,129.827,-6.4125,156.14,2022-02-10 13:20:39.689000+00:00,2,green,2
1690321506290,"20 km N of Salmon, Idaho",reviewed,0,33,earthquake,1.47, Idaho,-113.893666666667,45.3563333333333,6.19,2023-07-25 21:45:06.290000+00:00,1,blue,1
1659701969378,"63 km ENE of Pedro Bay, Alaska",reviewed,0,35,earthquake,1.5, Alaska,-153.0368,59.9766,115.7,2022-08-05 12:19:29.378000+00:00,0,red,0
1678325652642,"104 km W of Adak, Alaska",reviewed,0,138,earthquake,3.0, Alaska,-178.1415,51.9595,5.0,2023-03-09 01:34:12.642000+00:00,0,red,0
1660220067464,"47 km SW of Merizo Village, Guam",reviewed,0,259,earthquake,4.1, Guam,144.3597,12.9596,99.542,2022-08-11 12:14:27.464000+00:00,2,green,2
1684409330240,"66 km WNW of Beluga, Alaska",reviewed,0,4,earthquake,0.52, Alaska,-152.249833333333,61.3305,5.0,2023-05-18 11:28:50.240000+00:00,1,blue,1
1657359553399,"17 km S of Central, Alaska",reviewed,0,30,earthquake,1.4, Alaska,-144.7478,65.4127,2.2,2022-07-09 09:39:13.399000+00:00,1,blue,1
1649554343491,"189 km NNW of Sabang, Indonesia",reviewed,0,449,earthquake,5.4, Indonesia,94.4408,7.3666,6.21,2022-04-10 01:32:23.491000+00:00,2,green,2
1677791881110,"Island of Hawaii, Hawaii",automatic,0,57,earthquake,1.91999996, Hawaii,-155.483337402344,19.183666229248,31.6800003051758,2023-03-02 21:18:01.110000+00:00,0,red,0
1689740457530,"22km SW of La Quinta, CA",reviewed,0,7,earthquake,0.69,California,-116.4431667,33.5055,8.97,2023-07-19 04:20:57.530000+00:00,1,blue,1
1655846388300,"10km E of Mammoth Lakes, CA",reviewed,0,3,earthquake,0.42,California,-118.8693333,37.626,0.0,2022-06-21 21:19:48.300000+00:00,1,blue,1
1663111017834,"64 km SSW of Nanwalek, Alaska",reviewed,0,22,earthquake,1.2, Alaska,-152.3776,58.8264,50.0,2022-09-13 23:16:57.834000+00:00,1,blue,1
1689894026598,"90 km SE of King Cove, Alaska",reviewed,0,56,earthquake,1.9, Alaska,-161.4254,54.4276,25.5,2023-07-20 23:00:26.598000+00:00,0,red,0
1646116898930,"4km SSW of Palomar Observatory, CA",reviewed,0,7,earthquake,0.68,California,-116.8871667,33.3243333,13.26,2022-03-01 06:41:38.930000+00:00,1,blue,1
1687009414322,northern Alaska,reviewed,0,81,earthquake,2.3,northern Alaska,-143.3662,66.0749,9.5,2023-06-17 13:43:34.322000+00:00,0,red,0
1682703462920,"4km S of Heber, CA",reviewed,0,26,earthquake,1.31,California,-115.5353333,32.6975,10.25,2023-04-28 17:37:42.920000+00:00,1,blue,1
1685449537112,"68 km NE of Calama, Chile",reviewed,0,298,earthquake,4.4, Chile,-68.5283,-21.9542,10.0,2023-05-30 12:25:37.112000+00:00,2,green,2
1680770053975,"75 km SE of Ugashik, Alaska",reviewed,0,62,earthquake,2.0, Alaska,-156.3567,57.1423,17.8,2023-04-06 08:34:13.975000+00:00,0,red,0
1676706540410,"40km NE of Big Bear City, CA",reviewed,0,17,earthquake,1.05,California,-116.4946667,34.4753333,2.54,2023-02-18 07:49:00.410000+00:00,1,blue,1
1682812110120,"9 km E of P?hala, Hawaii",automatic,0,80,earthquake,2.28, Hawaii,-155.389663696289,19.2189998626709,29.6200008392334,2023-04-29 23:48:30.120000+00:00,0,red,0
1641933634161,"55 km NE of Kobuk, Alaska",reviewed,0,19,earthquake,1.1, Alaska,-156.1505,67.3119,1.3,2022-01-11 20:40:34.161000+00:00,1,blue,1
1642742022402,"8 km NW of Harding-Birch Lakes, Alaska",reviewed,0,12,earthquake,0.9, Alaska,-146.7139,64.4323,8.8,2022-01-21 05:13:42.402000+00:00,1,blue,1
1656004389229,"131 km ENE of Amahai, Indonesia",reviewed,0,312,earthquake,4.5, Indonesia,130.0212,-2.8954,10.0,2022-06-23 17:13:09.229000+00:00,2,green,2
1641902604980,"3km WNW of Anderson Springs, CA",automatic,0,4,earthquake,0.53,California,-122.7210007,38.7840004,1.78,2022-01-11 12:03:24.980000+00:00,1,blue,1
1664245951140,Reykjanes Ridge,reviewed,0,284,earthquake,4.3,Reykjanes Ridge,-35.1345,54.2418,10.0,2022-09-27 02:32:31.140000+00:00,2,green,2
1689883727900,"81 km NNW of Karluk, Alaska",reviewed,0,0,earthquake,0.1, Alaska,-154.9415,58.2576666666667,3.2,2023-07-20 20:08:47.900000+00:00,1,blue,1
1666982336370,Alaska Peninsula,reviewed,0,6,earthquake,0.63,Alaska Peninsula,-158.131333333333,56.8605,3.68,2022-10-28 18:38:56.370000+00:00,1,blue,1
1681120323330,"2km NNE of The Geysers, CA",reviewed,0,3,earthquake,0.47,California,-122.7495,38.7963333,1.63,2023-04-10 09:52:03.330000+00:00,1,blue,1
1666136898590,"17km WSW of Toms Place, CA",reviewed,0,6,earthquake,0.65,California,-118.8411667,37.4765,2.3,2022-10-18 23:48:18.590000+00:00,1,blue,1
1677275169310,"86 km NNW of Karluk, Alaska",reviewed,0,3,earthquake,0.47, Alaska,-155.175,58.24,4.76,2023-02-24 21:46:09.310000+00:00,1,blue,1
1646198945450,"66 km SE of West Yellowstone, Montana",reviewed,0,8,earthquake,0.7, Montana,-110.462,44.286,4.03,2022-03-02 05:29:05.450000+00:00,1,blue,1
1647222834195,"33 km NW of Ninilchik, Alaska",reviewed,0,44,earthquake,1.7, Alaska,-152.1277,60.2467,73.6,2022-03-14 01:53:54.195000+00:00,0,red,0
1668829406274,"28 km WSW of Salcha, Alaska",reviewed,0,39,earthquake,1.6, Alaska,-147.4097,64.3853,0.9,2022-11-19 03:43:26.274000+00:00,1,blue,1
1675430215640,"3km WNW of Anderson Springs, CA",reviewed,0,10,earthquake,0.78,California,-122.7225,38.789,1.94,2023-02-03 13:16:55.640000+00:00,1,blue,1
1684978392180,"54 km S of Silver Peak, Nevada",reviewed,0,30,earthquake,1.4, Nevada,-117.6061,37.2629,8.9,2023-05-25 01:33:12.180000+00:00,1,blue,1
1655065560100,"2 km ENE of Magas Arriba, Puerto Rico",reviewed,0,47,earthquake,1.74, Puerto Rico,-66.7425,18.0248333333333,14.72,2022-06-12 20:26:00.100000+00:00,0,red,0
1656206962740,"4 km SW of Indios, Puerto Rico",reviewed,0,65,earthquake,2.06, Puerto Rico,-66.8485,17.9656666666667,18.0,2022-06-26 01:29:22.740000+00:00,0,red,0
1644833032500,"25 km NW of Stanley, Idaho",reviewed,0,50,earthquake,1.81, Idaho,-115.1968333,44.3513333,9.08,2022-02-14 10:03:52.500000+00:00,0,red,0
1650377242810,"4km ENE of Anza, CA",reviewed,0,3,earthquake,0.44,California,-116.635,33.5653333,15.32,2022-04-19 14:07:22.810000+00:00,1,blue,1
1656318009720,"11 km WNW of Dutch Harbor, Alaska",reviewed,0,0,earthquake,0.11, Alaska,-166.701166666667,53.9415,3.7,2022-06-27 08:20:09.720000+00:00,1,blue,1
1676730611120,"91 km W of Adak, Alaska",reviewed,0,21,earthquake,1.17, Alaska,-177.9595,51.8645,5.84,2023-02-18 14:30:11.120000+00:00,1,blue,1
1688364025195,"80 km S of Kaktovik, Alaska",reviewed,0,39,earthquake,1.6, Alaska,-143.7121,69.4153,8.7,2023-07-03 06:00:25.195000+00:00,1,blue,1
1671977674030,"8km NW of The Geysers, CA",automatic,0,7,earthquake,0.66,California,-122.817337,38.833168,1.79,2022-12-25 14:14:34.030000+00:00,1,blue,1
1667850767930,"6km NW of The Geysers, CA",reviewed,0,36,earthquake,1.52,California,-122.7985,38.8236667,2.91,2022-11-07 19:52:47.930000+00:00,1,blue,1
1654466126004,"66 km SE of Pedro Bay, Alaska",reviewed,0,30,earthquake,1.4, Alaska,-153.1292,59.4541,95.6,2022-06-05 21:55:26.004000+00:00,0,red,0
1669804133318,"53 km W of Happy Valley, Alaska",reviewed,0,35,earthquake,1.5, Alaska,-152.6881,60.0034,95.5,2022-11-30 10:28:53.318000+00:00,0,red,0
1664058841200,"87 km NNW of Karluk, Alaska",reviewed,0,6,earthquake,0.6, Alaska,-154.995333333333,58.2956666666667,3.88,2022-09-24 22:34:01.200000+00:00,1,blue,1
1671043902172,"Rat Islands, Aleutian Islands, Alaska",reviewed,0,89,earthquake,2.4, Aleutian Islands,178.7394,51.7191,77.3,2022-12-14 18:51:42.172000+00:00,0,red,0
1664872054821,"62 km ESE of Denali National Park, Alaska",reviewed,0,26,earthquake,1.3, Alaska,-150.5888,63.2964,120.1,2022-10-04 08:27:34.821000+00:00,0,red,0
1683258566430,"11km NE of San Simeon, CA",reviewed,0,13,earthquake,0.91,California,-121.1036667,35.7188333,6.85,2023-05-05 03:49:26.430000+00:00,1,blue,1
1684351489710,"7km WNW of The Geysers, CA",automatic,0,12,earthquake,0.87,California,-122.8290024,38.8126678,1.42,2023-05-17 19:24:49.710000+00:00,1,blue,1
1690091019580,"5km W of Borrego Springs, CA",reviewed,0,1,earthquake,0.24,California,-116.425,33.2633333,4.3,2023-07-23 05:43:39.580000+00:00,1,blue,1
1641359882410,"17 km SSE of Waynoka, Oklahoma",reviewed,0,15,earthquake,0.98, Oklahoma,-98.791,36.44483333,7.0,2022-01-05 05:18:02.410000+00:00,1,blue,1
1667388971520,"6km NW of Round Valley, CA",reviewed,0,26,earthquake,1.31,California,-118.6535,37.4465,3.38,2022-11-02 11:36:11.520000+00:00,1,blue,1
1663047723270,"6km WNW of Bombay Beach, CA",reviewed,0,77,earthquake,2.24,California,-115.7911667,33.3611667,3.07,2022-09-13 05:42:03.270000+00:00,0,red,0
1678370369350,"92 km W of Adak, Alaska",reviewed,0,31,earthquake,1.43, Alaska,-177.976,51.8536666666667,4.62,2023-03-09 13:59:29.350000+00:00,1,blue,1
1650345106883,"53 km NNW of Petersville, Alaska",reviewed,0,30,earthquake,1.4, Alaska,-150.9822,62.964,116.4,2022-04-19 05:11:46.883000+00:00,0,red,0
1679953490043,"15 km SSW of Weston, Colorado",reviewed,0,26,earthquake,1.3, Colorado,-104.9113,37.0049,5.0,2023-03-27 21:44:50.043000+00:00,1,blue,1
1682348924836,"55 km ENE of Ugashik, Alaska",reviewed,0,39,earthquake,1.6, Alaska,-156.4841,57.6207,6.0,2023-04-24 15:08:44.836000+00:00,1,blue,1
1646167232223,"64 km WNW of Beluga, Alaska",reviewed,0,8,earthquake,0.7, Alaska,-152.2373,61.2987,6.8,2022-03-01 20:40:32.223000+00:00,1,blue,1
1683901877260,"9 km ENE of P?hala, Hawaii",automatic,0,70,earthquake,2.13, Hawaii,-155.399002075195,19.2450008392334,29.9599990844727,2023-05-12 14:31:17.260000+00:00,0,red,0
1679294621799,"54 km NNW of Petersville, Alaska",reviewed,0,26,earthquake,1.3, Alaska,-151.2606,62.929,118.4,2023-03-20 06:43:41.799000+00:00,0,red,0
1659445804126,Kermadec Islands region,reviewed,0,312,earthquake,4.5,Kermadec Islands region,-179.5091,-31.3514,224.69,2022-08-02 13:10:04.126000+00:00,2,green,2
1662092049400,"19 km NE of West Yellowstone, Montana",reviewed,0,2,earthquake,0.4, Montana,-110.9483333,44.7968333,5.8,2022-09-02 04:14:09.400000+00:00,1,blue,1
1655261766540,"18km S of Trona, CA",reviewed,0,12,earthquake,0.88,California,-117.4093333,35.6006667,6.5,2022-06-15 02:56:06.540000+00:00,1,blue,1
1645597909231,"167 km S of Tondano, Indonesia",reviewed,0,312,earthquake,4.5, Indonesia,125.0415,-0.2044,71.43,2022-02-23 06:31:49.231000+00:00,2,green,2
1664335402965,"93 km SSE of Arica, Chile",reviewed,0,272,earthquake,4.2, Chile,-69.9585,-19.2533,62.372,2022-09-28 03:23:22.965000+00:00,2,green,2
1654998541970,"8km NE of Borrego Springs, CA",reviewed,0,17,earthquake,1.06,California,-116.3175,33.307,11.05,2022-06-12 01:49:01.970000+00:00,1,blue,1
1657882552129,"90 km SE of King Cove, Alaska",reviewed,0,56,earthquake,1.9, Alaska,-161.5071,54.3918,25.6,2022-07-15 10:55:52.129000+00:00,0,red,0
1645099742357,"62 km N of Petersville, Alaska",reviewed,0,26,earthquake,1.3, Alaska,-150.9569,63.0487,126.0,2022-02-17 12:09:02.357000+00:00,0,red,0
1682421658663,"80 km ESE of Ugashik, Alaska",reviewed,0,39,earthquake,1.6, Alaska,-156.2711,57.1284,5.8,2023-04-25 11:20:58.663000+00:00,1,blue,1
1668816620280,"3km SSE of Lake Henshaw, CA",reviewed,0,8,earthquake,0.71,California,-116.7446667,33.2185,11.27,2022-11-19 00:10:20.280000+00:00,1,blue,1
1668693888360,"103 km SSE of Padangsidempuan, Indonesia",reviewed,0,271,earthquake,4.2, Indonesia,99.6039,0.5062,133.559,2022-11-17 14:04:48.360000+00:00,2,green,2
1660594879153,"Izu Islands, Japan region",reviewed,0,298,earthquake,4.4, Japan region,142.3612,32.406,10.0,2022-08-15 20:21:19.153000+00:00,2,green,2
1682587704501,"Andreanof Islands, Aleutian Islands, Alaska",reviewed,0,138,earthquake,3.0, Aleutian Islands,-174.1173,52.1468,178.468,2023-04-27 09:28:24.501000+00:00,0,red,0
1683742874386,"33 km SW of Cameron, Arizona",reviewed,0,178,earthquake,3.4, Arizona,-111.655,35.6487,6.916,2023-05-10 18:21:14.386000+00:00,0,red,0
1686720726560,"25km ESE of Kernville, CA",reviewed,0,6,earthquake,0.63,California,-118.171,35.6696667,10.83,2023-06-14 05:32:06.560000+00:00,1,blue,1
1644997929857,"6 km SE of Funny River, Alaska",reviewed,0,22,earthquake,1.2, Alaska,-150.6817,60.4613,48.3,2022-02-16 07:52:09.857000+00:00,1,blue,1
1677792526380,"2km WNW of The Geysers, CA",automatic,0,8,earthquake,0.73,California,-122.7796631,38.7890015,3.41,2023-03-02 21:28:46.380000+00:00,1,blue,1
1656912017600,"56 km ENE of Adak, Alaska",reviewed,0,4,earthquake,0.52, Alaska,-175.918833333333,52.1215,15.83,2022-07-04 05:20:17.600000+00:00,1,blue,1
1644496196240,"2 km ESE of Magas Arriba, Puerto Rico",reviewed,0,85,earthquake,2.35, Puerto Rico,-66.7501666666667,18.0085,11.02,2022-02-10 12:29:56.240000+00:00,0,red,0
1670283776190,"0 km WSW of La Parguera, Puerto Rico",reviewed,0,46,earthquake,1.72, Puerto Rico,-67.0553333333333,17.9718333333333,9.34,2022-12-05 23:42:56.190000+00:00,0,red,0
1689501608780,"76 km SSW of Sand Point, Alaska",reviewed,0,121,earthquake,2.8, Alaska,-161.0056,54.709,35.0,2023-07-16 10:00:08.780000+00:00,0,red,0
1661465388910,"3km SE of The Geysers, CA",automatic,0,11,earthquake,0.85,California,-122.729332,38.7605019,1.93,2022-08-25 22:09:48.910000+00:00,1,blue,1
1668533579683,"76 km NW of Ninilchik, Alaska",reviewed,0,4,earthquake,0.5, Alaska,-152.7083,60.5077,8.0,2022-11-15 17:32:59.683000+00:00,1,blue,1
1683459381892,"45 km NNW of Dicabisagan, Philippines",reviewed,0,418,earthquake,5.2, Philippines,122.3072,17.4838,31.537,2023-05-07 11:36:21.892000+00:00,2,green,2
1679716962250,"8km NW of The Geysers, CA",automatic,0,3,earthquake,0.43,California,-122.824501,38.8183327,2.2,2023-03-25 04:02:42.250000+00:00,1,blue,1
1661677236620,"8km W of Toms Place, CA",reviewed,0,16,earthquake,1.01,California,-118.7693333,37.5501667,6.06,2022-08-28 09:00:36.620000+00:00,1,blue,1
1684716598732,"34 km SSW of Skwentna, Alaska",reviewed,0,26,earthquake,1.3, Alaska,-151.6761,61.7086,88.7,2023-05-22 00:49:58.732000+00:00,0,red,0
1666972303145,"23 km E of Hughes, Alaska",reviewed,0,22,earthquake,1.2, Alaska,-153.7342,66.0148,8.8,2022-10-28 15:51:43.145000+00:00,1,blue,1
1668659992762,"125 km SE of Port Graham, Alaska",reviewed,0,89,earthquake,2.4, Alaska,-150.41,58.4972,47.1,2022-11-17 04:39:52.762000+00:00,0,red,0
1686153647940,"4 km E of King Cove, Alaska",reviewed,0,15,earthquake,0.98, Alaska,-162.2515,55.0558333333333,1.89,2023-06-07 16:00:47.940000+00:00,1,blue,1
1645367629716,"85 km ESE of Sand Point, Alaska",reviewed,0,62,earthquake,2.0, Alaska,-159.2453,55.0576,6.7,2022-02-20 14:33:49.716000+00:00,0,red,0
1651352832260,"10 km N of Volcano, Hawaii",reviewed,0,137,earthquake,2.98, Hawaii,-155.226833333333,19.5333333333333,20.56,2022-04-30 21:07:12.260000+00:00,0,red,0
1664974391005,"75 km NE of Lime Village, Alaska",reviewed,0,26,earthquake,1.3, Alaska,-154.3331,61.7773,9.0,2022-10-05 12:53:11.005000+00:00,1,blue,1
1676354539969,"200 km NE of Palu, Indonesia",reviewed,0,340,earthquake,4.7, Indonesia,121.0268,0.4766,100.759,2023-02-14 06:02:19.969000+00:00,2,green,2
1649348931839,"3 km S of Coleville, California",reviewed,0,19,earthquake,1.1, California,-119.5151,38.5325,6.1,2022-04-07 16:28:51.839000+00:00,1,blue,1
1642812644434,"41 km NNW of Nuku‘alofa, Tonga",reviewed,0,340,earthquake,4.7, Tonga,-175.3503,-20.7912,10.0,2022-01-22 00:50:44.434000+00:00,2,green,2
1651565094201,"264 km WSW of Adak, Alaska",reviewed,0,112,earthquake,2.7, Alaska,179.779,51.0805,10.0,2022-05-03 08:04:54.201000+00:00,0,red,0
1665966178430,"8 km SSE of Guánica, Puerto Rico",reviewed,0,103,earthquake,2.59, Puerto Rico,-66.8833333333333,17.902,6.2,2022-10-17 00:22:58.430000+00:00,0,red,0
1657113895820,"15km WNW of Progreso, B.C., MX",reviewed,0,49,earthquake,1.79, B.C.,-115.7245,32.6475,9.07,2022-07-06 13:24:55.820000+00:00,0,red,0
1680604096630,"8km NW of The Geysers, CA",automatic,0,10,earthquake,0.79,California,-122.8218307,38.8274994,1.87,2023-04-04 10:28:16.630000+00:00,1,blue,1
1661267405882,"34 km NW of Toyah, Texas",reviewed,0,62,earthquake,2.0, Texas,-104.0140542,31.56729389,7.879711914,2022-08-23 15:10:05.882000+00:00,0,red,0
1680156721990,"100 km W of Adak, Alaska",reviewed,0,28,earthquake,1.35, Alaska,-178.086833333333,51.8541666666667,3.58,2023-03-30 06:12:01.990000+00:00,1,blue,1
1644707910398,"6 km N of Houston, Alaska",reviewed,0,19,earthquake,1.1, Alaska,-149.8161,61.6889,44.7,2022-02-12 23:18:30.398000+00:00,1,blue,1
1680570567251,Celebes Sea,reviewed,0,259,earthquake,4.1,Celebes Sea,123.4485,5.6627,511.534,2023-04-04 01:09:27.251000+00:00,2,pink,3
1688189719510,"8km WSW of Moorpark, CA",reviewed,0,26,earthquake,1.29,California,-118.9515,34.2473333,14.24,2023-07-01 05:35:19.510000+00:00,1,blue,1
1655904400030,"2km NW of The Geysers, CA",automatic,0,8,earthquake,0.73,California,-122.767334,38.7876663,2.24,2022-06-22 13:26:40.030000+00:00,1,blue,1
1680663868620,"Andreanof Islands, Aleutian Islands, Alaska",reviewed,0,24,earthquake,1.25, Aleutian Islands,-178.079333333333,51.8495,3.37,2023-04-05 03:04:28.620000+00:00,1,blue,1
1673230108463,"50 km W of Tatitlek, Alaska",reviewed,0,39,earthquake,1.6, Alaska,-147.5991,60.9136,12.7,2023-01-09 02:08:28.463000+00:00,1,blue,1
1687207259660,"14km S of Joshua Tree, CA",reviewed,0,14,earthquake,0.96,California,-116.3268333,34.0115,10.98,2023-06-19 20:40:59.660000+00:00,1,blue,1
1651273344860,"0 km SW of P?hala, Hawaii",automatic,0,70,earthquake,2.13000011, Hawaii,-155.481338500977,19.2000007629395,33.2000007629395,2022-04-29 23:02:24.860000+00:00,0,red,0
1657089940929,"88 km NW of Aleneva, Alaska",reviewed,0,104,earthquake,2.6, Alaska,-154.1232,58.525,87.3,2022-07-06 06:45:40.929000+00:00,0,red,0
1650877895480,"7km WNW of Cobb, CA",automatic,0,11,earthquake,0.85,California,-122.8061676,38.8353348,1.91,2022-04-25 09:11:35.480000+00:00,1,blue,1
1658494702550,"6km ESE of Fremont, CA",reviewed,0,17,earthquake,1.04,California,-121.9105,37.53,4.36,2022-07-22 12:58:22.550000+00:00,1,blue,1
1675330082173,"34 km E of New Stuyahok, Alaska",reviewed,0,30,earthquake,1.4, Alaska,-156.7027,59.5035,14.0,2023-02-02 09:28:02.173000+00:00,1,blue,1
1684343117975,"40 km SW of Covenant Life, Alaska",reviewed,0,30,earthquake,1.4, Alaska,-136.4516,59.1283,7.4,2023-05-17 17:05:17.975000+00:00,1,blue,1
1678837663970,"8km W of Willow Creek, CA",reviewed,0,96,earthquake,2.5,California,-123.7206667,40.9453333,25.47,2023-03-14 23:47:43.970000+00:00,0,red,0
1681037090822,"Nicobar Islands, India region",reviewed,0,298,earthquake,4.4, India region,93.9484,9.1044,10.287,2023-04-09 10:44:50.822000+00:00,2,green,2
1657300711130,"14 km N of Atka, Alaska",reviewed,0,0,earthquake,0.17, Alaska,-174.221666666667,52.3276666666667,5.79,2022-07-08 17:18:31.130000+00:00,1,blue,1
1661325874895,"60 km ENE of Tonopah, Nevada",reviewed,0,19,earthquake,1.1, Nevada,-116.585,38.2647,1.0,2022-08-24 07:24:34.895000+00:00,1,blue,1
1666224222240,"7km NW of The Geysers, CA",reviewed,0,21,earthquake,1.17,California,-122.8143333,38.8265,1.0,2022-10-20 00:03:42.240000+00:00,1,blue,1
1644217558750,"22 km E of Honaunau-Napoopoo, Hawaii",reviewed,0,11,earthquake,0.85, Hawaii,-155.653,19.4791666666667,5.06,2022-02-07 07:05:58.750000+00:00,1,blue,1
1650834944376,South Sandwich Islands region,reviewed,0,312,earthquake,4.5,South Sandwich Islands region,-26.8922,-57.2824,10.0,2022-04-24 21:15:44.376000+00:00,2,green,2
1661648617368,"Izu Islands, Japan region",reviewed,0,340,earthquake,4.7, Japan region,142.4438,32.4833,10.0,2022-08-28 01:03:37.368000+00:00,2,green,2
1668272815630,"3km SSW of San Juan Bautista, CA",reviewed,0,119,earthquake,2.73,California,-121.5528333,36.8175,6.37,2022-11-12 17:06:55.630000+00:00,0,red,0
1685696492856,"49 km SSE of Denali National Park, Alaska",reviewed,0,15,earthquake,1.0, Alaska,-151.3359,63.1277,2.7,2023-06-02 09:01:32.856000+00:00,1,blue,1
1664590492666,"18 km W of Happy Valley, Alaska",reviewed,0,30,earthquake,1.4, Alaska,-152.0653,59.9347,73.1,2022-10-01 02:14:52.666000+00:00,0,red,0
1656672511946,"60 km SSE of Atka, Alaska",reviewed,0,56,earthquake,1.9, Alaska,-173.7627,51.7198,11.7,2022-07-01 10:48:31.946000+00:00,0,red,0
1663063213710,"46 km WSW of False Pass, Alaska",reviewed,0,7,earthquake,0.66, Alaska,-164.105,54.744,3.26,2022-09-13 10:00:13.710000+00:00,1,blue,1
1677791199350,"84 km NNW of Karluk, Alaska",reviewed,0,0,earthquake,0.14, Alaska,-155.071,58.2535,4.81,2023-03-02 21:06:39.350000+00:00,1,blue,1
1677636364130,"5km WNW of The Geysers, CA",automatic,0,15,earthquake,0.99,California,-122.8111649,38.7986679,3.45,2023-03-01 02:06:04.130000+00:00,1,blue,1
1669885714651,"34 km SW of Mina, Nevada",reviewed,0,12,earthquake,0.9, Nevada,-118.3591,38.153,12.3,2022-12-01 09:08:34.651000+00:00,1,blue,1
1653500549886,"15 km NNE of Sutcliffe, Nevada",reviewed,0,6,earthquake,0.6, Nevada,-119.5055,40.0728,1.0,2022-05-25 17:42:29.886000+00:00,1,blue,1
1681083159720,"20 km NW of Willow, Alaska",reviewed,0,30,earthquake,1.4, Alaska,-150.2885,61.8827,13.6,2023-04-09 23:32:39.720000+00:00,1,blue,1
1641568010440,"7 km SW of Volcano, Hawaii",reviewed,0,26,earthquake,1.3, Hawaii,-155.2775,19.3858333333333,9.2,2022-01-07 15:06:50.440000+00:00,1,blue,1
1677154461630,"4km SE of The Geysers, CA",reviewed,0,11,earthquake,0.85,California,-122.7283333,38.753,0.78,2023-02-23 12:14:21.630000+00:00,1,blue,1
1642689490070,"6km NW of The Geysers, CA",automatic,0,12,earthquake,0.89,California,-122.7975006,38.8246651,2.66,2022-01-20 14:38:10.070000+00:00,1,blue,1
1660085811060,"19 km WSW of Denali National Park, Alaska",reviewed,0,12,earthquake,0.9, Alaska,-152.0615,63.4554,12.2,2022-08-09 22:56:51.060000+00:00,1,blue,1
1641263020855,"101 km NNW of Karluk, Alaska",reviewed,0,10,earthquake,0.8, Alaska,-154.9547,58.4381,6.2,2022-01-04 02:23:40.855000+00:00,1,blue,1
1648440696960,"4km NNW of The Geysers, CA",automatic,0,11,earthquake,0.84,California,-122.7716675,38.8105011,1.7,2022-03-28 04:11:36.960000+00:00,1,blue,1
1668886612960,"Andreanof Islands, Aleutian Islands, Alaska",reviewed,0,30,earthquake,1.39, Aleutian Islands,-177.971333333333,51.8518333333333,3.99,2022-11-19 19:36:52.960000+00:00,1,blue,1
1688347369135,"175 km ENE of Saipan, Northern Mariana Islands",reviewed,0,341,earthquake,4.7, Northern Mariana Islands,147.3585,15.534,10.0,2023-07-03 01:22:49.135000+00:00,2,green,2
1684422296020,"4km WSW of Garnet, CA",reviewed,0,7,earthquake,0.66,California,-116.593,33.8935,11.25,2023-05-18 15:04:56.020000+00:00,1,blue,1
1670953785550,"2km N of The Geysers, CA",reviewed,0,0,earthquake,0.1,California,-122.7535,38.7993333,1.91,2022-12-13 17:49:45.550000+00:00,1,blue,1
1669349297920,"3km ESE of The Geysers, CA",automatic,0,12,earthquake,0.88,California,-122.7265015,38.7643318,2.93,2022-11-25 04:08:17.920000+00:00,1,blue,1
1673296916140,"16km N of Borrego Springs, CA",reviewed,0,12,earthquake,0.88,California,-116.3763333,33.4038333,7.07,2023-01-09 20:41:56.140000+00:00,1,blue,1
1653650688490,"5 km SE of Unalaska, Alaska",reviewed,0,2,earthquake,0.36, Alaska,-166.4685,53.8435,11.3,2022-05-27 11:24:48.490000+00:00,1,blue,1
1659162940750,"14km W of Lakeport, CA",reviewed,0,129,earthquake,2.78,California,-123.0711667,39.025,3.55,2022-07-30 06:35:40.750000+00:00,0,red,0
1662505089800,"6 km E of Heber City, Utah",reviewed,0,21,earthquake,1.18, Utah,-111.3368333,40.5115,7.9,2022-09-06 22:58:09.800000+00:00,1,blue,1
1683396764032,"81 km ESE of Yakutat, Alaska",reviewed,0,39,earthquake,1.6, Alaska,-138.3275,59.3759,4.8,2023-05-06 18:12:44.032000+00:00,1,blue,1
1688849508225,"8 km SSE of Trapper Creek, Alaska",reviewed,0,19,earthquake,1.1, Alaska,-150.1634,62.2521,10.0,2023-07-08 20:51:48.225000+00:00,1,blue,1
1684908209646,"28 km NW of Beluga, Alaska",reviewed,0,26,earthquake,1.3, Alaska,-151.4587,61.3185,67.6,2023-05-24 06:03:29.646000+00:00,0,red,0
1682143999060,"3 km SSE of Quilcene, Washington",reviewed,0,17,earthquake,1.04, Washington,-122.85566666666666,47.79783333333334,21.37,2023-04-22 06:13:19.060000+00:00,1,blue,1
1663136147744,"42 km ENE of Susitna North, Alaska",reviewed,0,56,earthquake,1.9, Alaska,-149.1226,62.3422,15.6,2022-09-14 06:15:47.744000+00:00,0,red,0
1677633290590,"3 km SW of P?hala, Hawaii",reviewed,0,80,earthquake,2.28, Hawaii,-155.499833333333,19.1745,35.75,2023-03-01 01:14:50.590000+00:00,0,red,0
1650015500943,"269 km S of Merizo Village, Guam",reviewed,0,298,earthquake,4.4, Guam,144.6697,10.8312,10.0,2022-04-15 09:38:20.943000+00:00,2,green,2
1679952000610,"12km SE of Anza, CA",reviewed,0,14,earthquake,0.95,California,-116.5743333,33.4796667,10.47,2023-03-27 21:20:00.610000+00:00,1,blue,1
1662461153380,"2km SW of Redwood Valley, CA",reviewed,0,60,earthquake,1.98,California,-123.2195,39.2568333,4.27,2022-09-06 10:45:53.380000+00:00,0,red,0
1672751348163,Balleny Islands region,reviewed,0,465,earthquake,5.5,Balleny Islands region,179.2943,-65.1631,10.0,2023-01-03 13:09:08.163000+00:00,2,green,2
1664451538935,"41 km SSE of Denali National Park, Alaska",reviewed,0,35,earthquake,1.5, Alaska,-151.3446,63.2144,8.2,2022-09-29 11:38:58.935000+00:00,1,blue,1
1651800975595,"110 km E of Pondaguitan, Philippines",reviewed,0,298,earthquake,4.4, Philippines,127.1703,6.2709,10.0,2022-05-06 01:36:15.595000+00:00,2,green,2
1680930846030,"8km W of Cobb, CA",reviewed,0,3,earthquake,0.44,California,-122.812,38.8351667,1.97,2023-04-08 05:14:06.030000+00:00,1,blue,1
1651602103410,"10km WSW of Aguanga, CA",reviewed,0,7,earthquake,0.66,California,-116.9686667,33.4108333,16.27,2022-05-03 18:21:43.410000+00:00,1,blue,1
1679416308495,Kermadec Islands region,reviewed,0,340,earthquake,4.7,Kermadec Islands region,-176.0344,-30.2399,10.0,2023-03-21 16:31:48.495000+00:00,2,green,2
1646141858121,"22 km ESE of Halibut Cove, Alaska",reviewed,0,19,earthquake,1.1, Alaska,-150.8579,59.5272,31.6,2022-03-01 13:37:38.121000+00:00,1,blue,1
1654853158200,"13km SE of Anza, CA",reviewed,0,2,earthquake,0.38,California,-116.562,33.4793333,9.89,2022-06-10 09:25:58.200000+00:00,1,blue,1
1683286629765,"82 km NNE of Whakatane, New Zealand",reviewed,0,487,earthquake,5.6, New Zealand,177.2433,-37.242,186.0,2023-05-05 11:37:09.765000+00:00,2,green,2
1668327889720,"15km ENE of Indio, CA",reviewed,0,22,earthquake,1.2,California,-116.0785,33.7903333,1.76,2022-11-13 08:24:49.720000+00:00,1,blue,1
1663187573850,"0km WNW of Anderson Springs, CA",reviewed,0,38,earthquake,1.57,California,-122.6965,38.7763333,2.64,2022-09-14 20:32:53.850000+00:00,1,blue,1
1684053882247,"46 km SSW of Manley Hot Springs, Alaska",reviewed,0,12,earthquake,0.9, Alaska,-151.1606,64.654,8.8,2023-05-14 08:44:42.247000+00:00,1,blue,1
1659045300336,"49 km N of Sutton-Alpine, Alaska",reviewed,0,19,earthquake,1.1, Alaska,-148.8027,62.2259,37.3,2022-07-28 21:55:00.336000+00:00,1,blue,1
1683123752246,"57 km ESE of King Cove, Alaska",reviewed,0,121,earthquake,2.8, Alaska,-161.4428,54.9547,59.427,2023-05-03 14:22:32.246000+00:00,0,red,0
1649284447184,Central Alaska,reviewed,0,22,earthquake,1.2,Central Alaska,-150.4455,63.1624,113.3,2022-04-06 22:34:07.184000+00:00,0,red,0
1666489247986,"41 km S of False Pass, Alaska",reviewed,0,35,earthquake,1.5, Alaska,-163.4229,54.4828,22.1,2022-10-23 01:40:47.986000+00:00,1,blue,1
1681801291140,"28km ENE of Barstow, CA",reviewed,0,58,earthquake,1.95,California,-116.725,34.9486667,2.42,2023-04-18 07:01:31.140000+00:00,0,red,0
1674200813069,"12 km N of Meadow Lakes, Alaska",reviewed,0,26,earthquake,1.3, Alaska,-149.5885,61.7379,24.6,2023-01-20 07:46:53.069000+00:00,1,blue,1
1682164951243,"80 km SW of Nanwalek, Alaska",reviewed,0,30,earthquake,1.4, Alaska,-153.0533,58.9331,67.2,2023-04-22 12:02:31.243000+00:00,0,red,0
1658147843930,"2km WNW of Anderson Springs, CA",reviewed,0,4,earthquake,0.5,California,-122.7116667,38.7805,2.02,2022-07-18 12:37:23.930000+00:00,1,blue,1
1686893219394,"52 km WSW of Arctic Village, Alaska",reviewed,0,15,earthquake,1.0, Alaska,-146.7496,68.0139,9.2,2023-06-16 05:26:59.394000+00:00,1,blue,1
1648890935870,"4 km ENE of La Parguera, Puerto Rico",reviewed,0,62,earthquake,2.01, Puerto Rico,-67.0075,17.9945,9.95,2022-04-02 09:15:35.870000+00:00,0,red,0
1654315519809,"8 km NNE of Bradley, Oklahoma",reviewed,0,27,earthquake,1.33, Oklahoma,-97.68683333,34.9545,13.68,2022-06-04 04:05:19.809000+00:00,1,blue,1
1680851203156,"43 km NE of Healy, Alaska",reviewed,0,26,earthquake,1.3, Alaska,-148.2276,64.0766,8.6,2023-04-07 07:06:43.156000+00:00,1,blue,1
1688017390570,"8km NE of Gilroy, CA",reviewed,0,8,earthquake,0.72,California,-121.4948333,37.0546667,9.11,2023-06-29 05:43:10.570000+00:00,1,blue,1
1657689527470,"4 km ENE of Mount Pleasant, Utah",reviewed,0,143,earthquake,2.97, Utah,-111.4053333,39.5556667,4.63,2022-07-13 05:18:47.470000+00:00,0,red,0
1679994949200,"10km N of Simmler, CA",reviewed,0,40,earthquake,1.62,California,-119.9883333,35.4428333,10.01,2023-03-28 09:15:49.200000+00:00,1,blue,1
1679834471854,"115 km NW of Tual, Indonesia",reviewed,0,400,earthquake,5.1, Indonesia,131.9605,-4.9564,53.021,2023-03-26 12:41:11.854000+00:00,2,green,2
1690498138700,"70 km NNE of Chignik, Alaska",reviewed,0,3,earthquake,0.43, Alaska,-158.072833333333,56.9015,5.0,2023-07-27 22:48:58.700000+00:00,1,blue,1
1675421726838,"45 km NW of Toyah, Texas",reviewed,0,50,earthquake,1.8, Texas,-104.1720864,31.55928778,8.548120117,2023-02-03 10:55:26.838000+00:00,0,red,0
1676860793469,"86 km NW of Karluk, Alaska",reviewed,0,26,earthquake,1.3, Alaska,-155.3313,58.1904,0.2,2023-02-20 02:39:53.469000+00:00,1,blue,1
1660433038709,"35 km SSE of Denali National Park, Alaska",reviewed,0,22,earthquake,1.2, Alaska,-151.3521,63.2674,1.4,2022-08-13 23:23:58.709000+00:00,1,blue,1
1689571656364,"17 km WSW of Tyonek, Alaska",reviewed,0,26,earthquake,1.3, Alaska,-151.4421,61.0089,65.5,2023-07-17 05:27:36.364000+00:00,0,red,0
1656374244942,"73 km SW of Kaktovik, Alaska",reviewed,0,68,earthquake,2.1, Alaska,-145.093,69.7017,31.0,2022-06-27 23:57:24.942000+00:00,0,red,0
1664372766710,"20 km SSW of Mammoth, Wyoming",reviewed,0,0,earthquake,0.15, Wyoming,-110.7968333,44.807,7.45,2022-09-28 13:46:06.710000+00:00,1,blue,1
1671790556470,"9km WSW of Ferndale, CA",reviewed,0,72,earthquake,2.16,California,-124.3575,40.531,18.07,2022-12-23 10:15:56.470000+00:00,0,red,0
1664681087404,Southern Alaska,reviewed,0,39,earthquake,1.6,Southern Alaska,-149.6404,61.5893,30.4,2022-10-02 03:24:47.404000+00:00,0,red,0
1684059578657,"33 km E of Susitna North, Alaska",reviewed,0,44,earthquake,1.7, Alaska,-149.2056,62.1287,29.3,2023-05-14 10:19:38.657000+00:00,0,red,0
1656183629892,"283 km E of Levuka, Fiji",reviewed,0,298,earthquake,4.4, Fiji,-178.0088,-18.2079,575.55,2022-06-25 19:00:29.892000+00:00,2,pink,3
1656659866200,"19km S of Trona, CA",reviewed,0,25,earthquake,1.28,California,-117.4186667,35.5993333,4.97,2022-07-01 07:17:46.200000+00:00,1,blue,1
1681278950410,"4km NW of Cobb, CA",reviewed,0,23,earthquake,1.21,California,-122.7563333,38.8415,1.08,2023-04-12 05:55:50.410000+00:00,1,blue,1
1661025000789,"12 km SSE of Coquimbo, Chile",reviewed,0,312,earthquake,4.5, Chile,-71.3103,-30.0598,75.326,2022-08-20 19:50:00.789000+00:00,2,green,2
1690319066639,"23 km E of Skwentna, Alaska",automatic,0,19,earthquake,1.1, Alaska,-150.9425,61.9917,7.1,2023-07-25 21:04:26.639000+00:00,1,blue,1
1689583577239,"75 km ESE of Nikolski, Alaska",reviewed,0,56,earthquake,1.9, Alaska,-167.8802,52.6049,41.5,2023-07-17 08:46:17.239000+00:00,0,red,0
1679920440410,"2km NW of The Geysers, CA",reviewed,0,0,earthquake,0.04,California,-122.7678333,38.7878333,2.87,2023-03-27 12:34:00.410000+00:00,1,blue,1
1642351006372,"28 km NNE of Choco, Peru",reviewed,0,284,earthquake,4.3, Peru,-72.0759,-15.3255,108.6,2022-01-16 16:36:46.372000+00:00,2,green,2
1643229172240,"30 km SE of Skwentna, Alaska",reviewed,0,22,earthquake,1.2, Alaska,-151.0436,61.7721,62.3,2022-01-26 20:32:52.240000+00:00,0,red,0
1650630733794,southeast of the Loyalty Islands,reviewed,0,298,earthquake,4.4,southeast of the Loyalty Islands,171.8925,-23.3641,10.0,2022-04-22 12:32:13.794000+00:00,2,green,2
1670019073060,"2km NW of The Geysers, CA",reviewed,0,49,earthquake,1.78,California,-122.7666667,38.7891667,1.65,2022-12-02 22:11:13.060000+00:00,0,red,0
1656567934580,"6km W of Cobb, CA",automatic,0,11,earthquake,0.86,California,-122.7929993,38.8326683,1.85,2022-06-30 05:45:34.580000+00:00,1,blue,1
1655477841300,"16km NW of Parkfield, CA",reviewed,0,18,earthquake,1.09,California,-120.5615,36.0001667,1.36,2022-06-17 14:57:21.300000+00:00,1,blue,1
1689223466510,"8 km WNW of Cobb, CA",automatic,0,1,earthquake,0.23,California,-122.8083344,38.8358345,1.67,2023-07-13 04:44:26.510000+00:00,1,blue,1
1645549940200,"1km W of San Juan Bautista, CA",reviewed,0,64,earthquake,2.04,California,-121.5453333,36.8463333,6.96,2022-02-22 17:12:20.200000+00:00,0,red,0
1674230190380,"1 km SSW of P?hala, Hawaii",automatic,0,62,earthquake,2.0, Hawaii,-155.481674194336,19.1905002593994,33.5900001525879,2023-01-20 15:56:30.380000+00:00,0,red,0
1661048976300,"1 km NNE of Marston, Missouri",reviewed,0,40,earthquake,1.61, Missouri,-89.6035,36.5346667,9.08,2022-08-21 02:29:36.300000+00:00,1,blue,1
1646375104080,"4km ENE of Pinnacles, CA",reviewed,0,35,earthquake,1.5,California,-121.0958333,36.541,9.46,2022-03-04 06:25:04.080000+00:00,1,blue,1
1680667063058,"37 km ESE of Furnace Creek, California",reviewed,0,10,earthquake,0.8, California,-116.4845,36.2958,0.0,2023-04-05 03:57:43.058000+00:00,1,blue,1
1659319748089,"90 km WSW of Preston, Nevada",reviewed,0,39,earthquake,1.6, Nevada,-116.0539,38.6778,4.7,2022-08-01 02:09:08.089000+00:00,1,blue,1
1674396735310,"3km SSW of Anderson Springs, CA",reviewed,0,2,earthquake,0.39,California,-122.7068333,38.7545,1.02,2023-01-22 14:12:15.310000+00:00,1,blue,1
1658907704120,"22km ESE of Little Lake, CA",reviewed,0,31,earthquake,1.41,California,-117.6901667,35.8531667,7.5,2022-07-27 07:41:44.120000+00:00,1,blue,1
1648552649530,"5km NNW of Glen Avon, CA",reviewed,0,13,earthquake,0.93,California,-117.5125,34.0463333,8.23,2022-03-29 11:17:29.530000+00:00,1,blue,1
1675964676710,"26 km NW of Susitna, Alaska",reviewed,0,26,earthquake,1.3, Alaska,-150.8709,61.7156,51.8,2023-02-09 17:44:36.710000+00:00,0,red,0
1644115371419,west of Macquarie Island,reviewed,0,312,earthquake,4.5,west of Macquarie Island,147.6101,-56.7245,10.0,2022-02-06 02:42:51.419000+00:00,2,green,2
1647659422990,"1 km NNW of Indios, Puerto Rico",reviewed,0,84,earthquake,2.34, Puerto Rico,-66.8245,18.0051666666667,14.35,2022-03-19 03:10:22.990000+00:00,0,red,0
1670692692211,Nevada,reviewed,0,0,earthquake,0.1,Nevada,-115.9996,36.7592,3.1,2022-12-10 17:18:12.211000+00:00,1,blue,1
1647703422104,"15 km SE of Douliu, Taiwan",reviewed,0,313,earthquake,4.5, Taiwan,120.6657,23.6335,10.0,2022-03-19 15:23:42.104000+00:00,2,green,2
1688660693240,"87 km NNW of Karluk, Alaska",reviewed,0,0,earthquake,0.11, Alaska,-155.1355,58.265,30.83,2023-07-06 16:24:53.240000+00:00,1,blue,1
1660701772807,"5 km W of Walker, California",automatic,0,35,earthquake,1.5, California,-119.5342,38.5148,0.0,2022-08-17 02:02:52.807000+00:00,1,blue,1
1657581456059,"16 km ESE of Hughes, Alaska",reviewed,0,44,earthquake,1.7, Alaska,-153.912,66.0076,6.6,2022-07-11 23:17:36.059000+00:00,0,red,0
1643993439449,"70 km E of McCarthy, Alaska",reviewed,0,22,earthquake,1.2, Alaska,-141.606,61.5174,13.8,2022-02-04 16:50:39.449000+00:00,1,blue,1
1659818842709,"61 km WNW of Toyah, Texas",reviewed,0,68,earthquake,2.1, Texas,-104.3591448,31.58515147,7.596923828000001,2022-08-06 20:47:22.709000+00:00,0,red,0
1689195412700,"109 km S of Pýrgos, Greece",reviewed,0,259,earthquake,4.1, Greece,25.0313,34.0261,39.356,2023-07-12 20:56:52.700000+00:00,2,green,2
1689387713273,Tonga,reviewed,0,298,earthquake,4.4,Tonga,-174.7005,-15.0911,192.685,2023-07-15 02:21:53.273000+00:00,2,green,2
1646578859530,"29 km SSE of Funny River, Alaska",reviewed,0,30,earthquake,1.4, Alaska,-150.5832,60.2529,44.9,2022-03-06 15:00:59.530000+00:00,0,red,0
1679935388990,"2 km W of Unalaska, Alaska",reviewed,0,3,earthquake,0.46, Alaska,-166.573666666667,53.87,4.94,2023-03-27 16:43:08.990000+00:00,1,blue,1
1659826531590,"2km E of San Ramon, CA",reviewed,0,16,earthquake,1.02,California,-121.9595,37.7791667,8.05,2022-08-06 22:55:31.590000+00:00,1,blue,1
1669788978190,"10km NW of The Geysers, CA",automatic,0,22,earthquake,1.19,California,-122.8368301,38.838501,1.32,2022-11-30 06:16:18.190000+00:00,1,blue,1
1680588907370,"100 km E of Chignik, Alaska",reviewed,0,62,earthquake,2.0, Alaska,-156.7816,56.259,5.8,2023-04-04 06:15:07.370000+00:00,0,red,0
1680170920617,"15 km ESE of Petersville, Alaska",reviewed,0,26,earthquake,1.3, Alaska,-150.5082,62.4245,65.9,2023-03-30 10:08:40.617000+00:00,0,red,0
1669552311615,"Babuyan Islands region, Philippines",reviewed,0,284,earthquake,4.3, Philippines,120.8495,19.1241,32.268,2022-11-27 12:31:51.615000+00:00,2,green,2
1644760107297,"57 km S of Whites City, New Mexico",reviewed,0,68,earthquake,2.1, New Mexico,-104.3877533,31.65758702,7.494091797,2022-02-13 13:48:27.297000+00:00,0,red,0
1660342199420,"2 km W of Fuig, Puerto Rico",reviewed,0,33,earthquake,1.46, Puerto Rico,-66.9431666666667,17.9915,10.6,2022-08-12 22:09:59.420000+00:00,1,blue,1
1663842923900,"22 km SSW of Mammoth, Wyoming",reviewed,0,115,earthquake,2.73, Wyoming,-110.7991667,44.7855,7.65,2022-09-22 10:35:23.900000+00:00,0,red,0
1648610502604,"143 km SSW of Tomohon, Indonesia",reviewed,0,312,earthquake,4.5, Indonesia,124.4342,0.0755,77.15,2022-03-30 03:21:42.604000+00:00,2,green,2
1648610120261,"67 km ENE of Teller, Alaska",reviewed,0,12,earthquake,0.9, Alaska,-165.1179,65.5719,9.7,2022-03-30 03:15:20.261000+00:00,1,blue,1
1654106404230,"18km S of Trona, CA",reviewed,0,24,earthquake,1.26,California,-117.4111667,35.6021667,5.93,2022-06-01 18:00:04.230000+00:00,1,blue,1
1641392341900,"15km WNW of Searles Valley, CA",reviewed,0,12,earthquake,0.9,California,-117.5691667,35.7966667,7.46,2022-01-05 14:19:01.900000+00:00,1,blue,1
1662086018160,"11km NNE of Yucaipa, CA",reviewed,0,26,earthquake,1.29,California,-116.9815,34.1223333,6.28,2022-09-02 02:33:38.160000+00:00,1,blue,1
1677300413061,"Fox Islands, Aleutian Islands, Alaska",reviewed,0,178,earthquake,3.4, Aleutian Islands,-169.9524,52.114,35.0,2023-02-25 04:46:53.061000+00:00,0,red,0
1657829051193,"44 km WSW of Arctic Village, Alaska",reviewed,0,26,earthquake,1.3, Alaska,-146.5127,67.958,4.3,2022-07-14 20:04:11.193000+00:00,1,blue,1
1645238229720,"41 km NE of Marblemount, Washington",reviewed,0,21,earthquake,1.16, Washington,-120.9995,48.75233333333333,8.94,2022-02-19 02:37:09.720000+00:00,1,blue,1
1680103287230,"6km NW of The Geysers, CA",automatic,0,21,earthquake,1.16,California,-122.7994995,38.8243332,2.75,2023-03-29 15:21:27.230000+00:00,1,blue,1
1666912293228,"53 km NNE of Kobuk, Alaska",reviewed,0,35,earthquake,1.5, Alaska,-156.2178,67.3168,9.2,2022-10-27 23:11:33.228000+00:00,1,blue,1
1647393470740,"6km NW of The Geysers, CA",automatic,0,11,earthquake,0.84,California,-122.7994995,38.8170013,3.32,2022-03-16 01:17:50.740000+00:00,1,blue,1
1688792349630,"8km NNW of Bella Vista, CA",reviewed,0,37,earthquake,1.55,California,-122.258,40.7108333,18.37,2023-07-08 04:59:09.630000+00:00,1,blue,1
1690096769250,"86 km NW of Karluk, Alaska",reviewed,0,0,earthquake,0.15, Alaska,-155.338,58.1836666666667,1.84,2023-07-23 07:19:29.250000+00:00,1,blue,1
1685988770510,"12km NW of The Geysers, CA",reviewed,0,22,earthquake,1.19,California,-122.8726667,38.842,2.59,2023-06-05 18:12:50.510000+00:00,1,blue,1
1652722791145,"40 km E of Denali National Park, Alaska",reviewed,0,10,earthquake,0.8, Alaska,-150.9123,63.5526,6.2,2022-05-16 17:39:51.145000+00:00,1,blue,1
1650868062620,"5 km SE of La Parguera, Puerto Rico",reviewed,0,89,earthquake,2.41, Puerto Rico,-67.011,17.9346666666667,11.13,2022-04-25 06:27:42.620000+00:00,0,red,0
1661092066190,"19km NW of Parkfield, CA",reviewed,0,34,earthquake,1.49,California,-120.5805,36.0195,4.05,2022-08-21 14:27:46.190000+00:00,1,blue,1
1642079902151,"39 km WNW of Skwentna, Alaska",reviewed,0,104,earthquake,2.6, Alaska,-152.0665,62.1596,101.6,2022-01-13 13:18:22.151000+00:00,0,red,0
1677577702200,"8km NW of The Geysers, CA",automatic,0,9,earthquake,0.76,California,-122.8255005,38.8171654,1.85,2023-02-28 09:48:22.200000+00:00,1,blue,1
1674192675810,"5km WNW of Borrego Springs, CA",reviewed,0,23,earthquake,1.22,California,-116.428,33.2676667,5.11,2023-01-20 05:31:15.810000+00:00,1,blue,1
1645562647900,"12 km S of La Parguera, Puerto Rico",reviewed,0,33,earthquake,1.46, Puerto Rico,-67.0245,17.8636666666667,7.43,2022-02-22 20:44:07.900000+00:00,1,blue,1
1660457813050,"5km NNE of Westmorland, CA",reviewed,0,46,earthquake,1.72,California,-115.5986667,33.0773333,8.92,2022-08-14 06:16:53.050000+00:00,0,red,0
1690411974209,"24 km E of Beluga, Alaska",reviewed,0,22,earthquake,1.2, Alaska,-150.6318,61.1462,47.4,2023-07-26 22:52:54.209000+00:00,1,blue,1
1642303256400,"108 km SE of Nikolski, Alaska",reviewed,0,121,earthquake,2.8, Alaska,-167.5868,52.3519,10.0,2022-01-16 03:20:56.400000+00:00,0,red,0
1678423231422,"23 km ENE of Hinatuan, Philippines",reviewed,0,298,earthquake,4.4, Philippines,126.5137,8.4835,68.604,2023-03-10 04:40:31.422000+00:00,2,green,2
1675557579945,"22 km ENE of Minto, Alaska",reviewed,0,8,earthquake,0.7, Alaska,-148.9301,65.252,10.8,2023-02-05 00:39:39.945000+00:00,1,blue,1
1655624895930,"10km ESE of Ojai, CA",reviewed,0,127,earthquake,2.84,California,-119.139,34.418,20.58,2022-06-19 07:48:15.930000+00:00,0,red,0
1681497379810,"18 km ESE of Clam Gulch, Alaska",reviewed,0,30,earthquake,1.4, Alaska,-151.0806,60.1794,68.0,2023-04-14 18:36:19.810000+00:00,0,red,0
1671924423890,"32 km NNE of Amboy, Washington",reviewed,0,4,earthquake,0.53, Washington,-122.285,46.1775,9.0,2022-12-24 23:27:03.890000+00:00,1,blue,1
1666054915240,"2km SW of Fairview, CA",reviewed,0,27,earthquake,1.33,California,-122.063,37.6646667,7.84,2022-10-18 01:01:55.240000+00:00,1,blue,1
1677751730718,"62 km SE of Cantwell, Alaska",reviewed,0,26,earthquake,1.3, Alaska,-148.1964,62.9476,61.9,2023-03-02 10:08:50.718000+00:00,0,red,0
1683779499580,"13 km WNW of Chignik Lake, Alaska",reviewed,0,39,earthquake,1.6, Alaska,-158.9765,56.2915,3.9,2023-05-11 04:31:39.580000+00:00,1,blue,1
1674824870740,"34 km SSW of Hawthorne, Nevada",reviewed,0,1,earthquake,0.3, Nevada,-118.743,38.2247,14.8,2023-01-27 13:07:50.740000+00:00,1,blue,1
1643136384460,"1km ENE of The Geysers, CA",reviewed,0,43,earthquake,1.67,California,-122.7448333,38.7801667,0.88,2022-01-25 18:46:24.460000+00:00,1,blue,1
1665399973509,"Kepulauan Babar, Indonesia",reviewed,0,284,earthquake,4.3, Indonesia,129.4667,-7.1323,117.225,2022-10-10 11:06:13.509000+00:00,2,green,2
1683617768410,"12 km SE of P?hala, Hawaii",automatic,0,84,earthquake,2.34, Hawaii,-155.399337768555,19.1233329772949,30.5100002288818,2023-05-09 07:36:08.410000+00:00,0,red,0
1678561750560,"99 km W of Adak, Alaska",reviewed,0,6,earthquake,0.65, Alaska,-178.080333333333,51.8606666666667,3.31,2023-03-11 19:09:10.560000+00:00,1,blue,1
1685603806890,"7km NNE of Fontana, CA",reviewed,0,6,earthquake,0.62,California,-117.4216667,34.153,4.63,2023-06-01 07:16:46.890000+00:00,1,blue,1
1668626057890,"9km E of Ridgecrest, CA",reviewed,0,14,earthquake,0.96,California,-117.5805,35.6325,10.24,2022-11-16 19:14:17.890000+00:00,1,blue,1
1662800459470,"8km NW of The Geysers, CA",automatic,0,11,earthquake,0.85,California,-122.8151703,38.8330002,2.27,2022-09-10 09:00:59.470000+00:00,1,blue,1
1682182404670,"11km SSW of Mariposa, CA",reviewed,0,68,earthquake,2.1,California,-119.9965,37.3876667,18.6,2023-04-22 16:53:24.670000+00:00,0,red,0
1647505368960,"Andreanof Islands, Aleutian Islands, Alaska",reviewed,0,9,earthquake,0.77, Aleutian Islands,-178.889833333333,51.7841666666667,5.0,2022-03-17 08:22:48.960000+00:00,1,blue,1
1687690387080,"23km ENE of San Lucas, CA",reviewed,0,17,earthquake,1.05,California,-120.7965,36.2286667,7.24,2023-06-25 10:53:07.080000+00:00,1,blue,1
1674977419710,"8km W of Calipatria, CA",reviewed,0,21,earthquake,1.18,California,-115.6046667,33.1258333,7.96,2023-01-29 07:30:19.710000+00:00,1,blue,1
1667101256210,"6km SE of Pleasanton, CA",reviewed,0,15,earthquake,1.0,California,-121.8225,37.6263333,2.55,2022-10-30 03:40:56.210000+00:00,1,blue,1
1689340393120,"11 km NE of Pinnacles, CA",reviewed,0,24,earthquake,1.25,California,-121.0638333,36.605,14.2,2023-07-14 13:13:13.120000+00:00,1,blue,1
1681582635539,"4 km SSE of Beluga, Alaska",reviewed,0,39,earthquake,1.6, Alaska,-151.0502,61.1033,58.5,2023-04-15 18:17:15.539000+00:00,0,red,0
1679503987857,"47 km NE of Lone Pine, California",reviewed,0,26,earthquake,1.3, California,-117.6607,36.8788,1.5,2023-03-22 16:53:07.857000+00:00,1,blue,1
1669985628110,"51 km W of Salamatof, Alaska",reviewed,0,30,earthquake,1.4, Alaska,-152.2585,60.5619,79.8,2022-12-02 12:53:48.110000+00:00,0,red,0
1662645706310,"6km NNW of The Geysers, CA",automatic,0,6,earthquake,0.65,California,-122.7948303,38.8241653,2.88,2022-09-08 14:01:46.310000+00:00,1,blue,1
1651548213197,"17 km SE of Pope-Vannoy Landing, Alaska",reviewed,0,30,earthquake,1.4, Alaska,-154.3106,59.4272,10.2,2022-05-03 03:23:33.197000+00:00,1,blue,1
1668466714970,"7km W of Cobb, CA",automatic,0,6,earthquake,0.63,California,-122.8008347,38.8278351,1.63,2022-11-14 22:58:34.970000+00:00,1,blue,1
1662406710715,"56 km S of Whites City, New Mexico",reviewed,0,81,earthquake,2.3, New Mexico,-104.3291385,31.66392427,6.208691406,2022-09-05 19:38:30.715000+00:00,0,red,0
1653061918367,"40 km SSW of Sierra Blanca, Texas",reviewed,0,121,earthquake,2.8, Texas,-105.4707,30.8253,9.03,2022-05-20 15:51:58.367000+00:00,0,red,0
1672770750496,"16 km S of Central, Alaska",reviewed,0,15,earthquake,1.0, Alaska,-144.8562,65.4276,14.8,2023-01-03 18:32:30.496000+00:00,1,blue,1
1660070458570,"6km WSW of Aguanga, CA",reviewed,0,23,earthquake,1.22,California,-116.9205,33.4231667,6.58,2022-08-09 18:40:58.570000+00:00,1,blue,1
1642625606230,"8 km NNW of Fayette, Utah",reviewed,0,29,earthquake,1.37, Utah,-111.9005,39.2951667,14.04,2022-01-19 20:53:26.230000+00:00,1,blue,1
1649293835000,"148 km W of Adak, Alaska",reviewed,0,4,earthquake,0.48, Alaska,-178.7845,51.8031666666667,6.55,2022-04-07 01:10:35+00:00,1,blue,1
1660579420248,Fiji region,reviewed,0,271,earthquake,4.2,Fiji region,-178.6968,-17.865,560.692,2022-08-15 16:03:40.248000+00:00,2,pink,3
1657852959400,"12km SSW of Somes Bar, CA",reviewed,0,138,earthquake,2.99,California,-123.5321667,41.283,39.55,2022-07-15 02:42:39.400000+00:00,0,red,0
1661214926910,"87 km NW of Punta Arenas, Chile",reviewed,0,272,earthquake,4.2, Chile,-71.7233,-52.5419,38.74,2022-08-23 00:35:26.910000+00:00,2,green,2
1677025051370,"14km WNW of Pinnacles, CA",reviewed,0,74,earthquake,2.2,California,-121.2795,36.591,7.37,2023-02-22 00:17:31.370000+00:00,0,red,0
1682048372066,"13 km SSW of Point Possession, Alaska",reviewed,0,19,earthquake,1.1, Alaska,-150.7462,60.8022,40.3,2023-04-21 03:39:32.066000+00:00,1,blue,1
1664048031708,"132 km ENE of Anaktuvuk Pass, Alaska",reviewed,0,81,earthquake,2.3, Alaska,-148.7118,68.5556,2.2,2022-09-24 19:33:51.708000+00:00,0,red,0
1649648416182,"52 km NNE of Kobuk, Alaska",reviewed,0,19,earthquake,1.1, Alaska,-156.5288,67.3559,9.2,2022-04-11 03:40:16.182000+00:00,1,blue,1
1684042052389,"111 km SSW of Bengkulu, Indonesia",reviewed,0,284,earthquake,4.3, Indonesia,101.9337,-4.7487,35.0,2023-05-14 05:27:32.389000+00:00,2,green,2
1688373149321,"22 km N of Willow, Alaska",reviewed,0,26,earthquake,1.3, Alaska,-150.0636,61.9475,10.5,2023-07-03 08:32:29.321000+00:00,1,blue,1
1641313206690,"2km N of The Geysers, CA",automatic,0,11,earthquake,0.86,California,-122.7556686,38.7975006,4.03,2022-01-04 16:20:06.690000+00:00,1,blue,1
1683900490260,"9 km W of Volcano, Hawaii",reviewed,0,57,earthquake,1.93, Hawaii,-155.324166666667,19.4378333333333,4.14,2023-05-12 14:08:10.260000+00:00,0,red,0
1654253173332,"10 km SSW of Adak, Alaska",reviewed,0,35,earthquake,1.5, Alaska,-176.7126,51.7902,74.3,2022-06-03 10:46:13.332000+00:00,0,red,0
1688795217437,"40 km WSW of Anchor Point, Alaska",reviewed,0,35,earthquake,1.5, Alaska,-152.5361,59.6855,84.6,2023-07-08 05:46:57.437000+00:00,0,red,0
1642395196322,"Rat Islands, Aleutian Islands, Alaska",reviewed,0,112,earthquake,2.7, Aleutian Islands,178.4137,51.4366,49.13,2022-01-17 04:53:16.322000+00:00,0,red,0
1642888969500,"16km NNW of Dixon Lane-Meadow Creek, CA",reviewed,0,34,earthquake,1.49,California,-118.4711667,37.5263333,7.82,2022-01-22 22:02:49.500000+00:00,1,blue,1
1684053026292,"154 km SSE of Shimoda, Japan",reviewed,0,340,earthquake,4.7, Japan,139.3353,33.3194,18.995,2023-05-14 08:30:26.292000+00:00,2,green,2
1684423371549,"174 km WSW of Adak, Alaska",reviewed,0,96,earthquake,2.5, Alaska,-179.0239,51.3782,32.102,2023-05-18 15:22:51.549000+00:00,0,red,0
1689492203520,"2 km SSE of Lima, Montana",reviewed,0,26,earthquake,1.29, Montana,-112.5785,44.6215,7.4,2023-07-16 07:23:23.520000+00:00,1,blue,1
1684835559470,"21km WNW of Searles Valley, CA",reviewed,0,74,earthquake,2.19,California,-117.629,35.8046667,6.78,2023-05-23 09:52:39.470000+00:00,0,red,0
1664556052337,"111 km SSE of Sand Point, Alaska",reviewed,0,112,earthquake,2.7, Alaska,-159.6525,54.4651,31.218,2022-09-30 16:40:52.337000+00:00,0,red,0
1678584204580,"85 km NNW of Karluk, Alaska",reviewed,0,0,earthquake,0.02, Alaska,-155.077166666667,58.2598333333333,4.13,2023-03-12 01:23:24.580000+00:00,1,blue,1
1650210474200,"21km ESE of Anza, CA",reviewed,0,5,earthquake,0.55,California,-116.4611667,33.4953333,15.24,2022-04-17 15:47:54.200000+00:00,1,blue,1
1668191054450,"18km ESE of Little Lake, CA",reviewed,0,21,earthquake,1.18,California,-117.7158333,35.898,2.59,2022-11-11 18:24:14.450000+00:00,1,blue,1
1686793102446,"30 km NNW of Yonakuni, Japan",reviewed,0,178,earthquake,3.4, Japan,122.9361,24.7372,43.413,2023-06-15 01:38:22.446000+00:00,0,green,2
1688989814615,"14 km ESE of Clam Gulch, Alaska",reviewed,0,35,earthquake,1.5, Alaska,-151.1467,60.1865,61.7,2023-07-10 11:50:14.615000+00:00,0,red,0
1666012825836,"66 km NE of Nikolski, Alaska",reviewed,0,26,earthquake,1.3, Alaska,-168.0695,53.3036,19.7,2022-10-17 13:20:25.836000+00:00,1,blue,1
1656944015350,"8km SSE of Round Valley, CA",reviewed,0,98,earthquake,2.51,California,-118.5498333,37.353,10.46,2022-07-04 14:13:35.350000+00:00,0,red,0
1687072325489,"10 km SSE of Port Graham, Alaska",reviewed,0,30,earthquake,1.4, Alaska,-151.7908,59.2634,17.9,2023-06-18 07:12:05.489000+00:00,1,blue,1
1682246453102,"116 km SSE of Sand Point, Alaska",reviewed,0,104,earthquake,2.6, Alaska,-159.651,54.4152,24.115,2023-04-23 10:40:53.102000+00:00,0,red,0
1665203896860,"10km NW of The Geysers, CA",reviewed,0,15,earthquake,0.99,California,-122.8426667,38.8425,1.9,2022-10-08 04:38:16.860000+00:00,1,blue,1
1653747331961,"22 km N of Moose Pass, Alaska",reviewed,0,30,earthquake,1.4, Alaska,-149.3213,60.6869,20.6,2022-05-28 14:15:31.961000+00:00,1,blue,1
1666036255785,"21 km WNW of Kitakata, Japan",reviewed,0,271,earthquake,4.2, Japan,139.6229,37.6899,155.263,2022-10-17 19:50:55.785000+00:00,2,green,2
1650128439961,"37 km WSW of Kýthira, Greece",reviewed,0,340,earthquake,4.7, Greece,22.5925,36.0608,63.4,2022-04-16 17:00:39.961000+00:00,2,green,2
1664256609101,Central Alaska,reviewed,0,26,earthquake,1.3,Central Alaska,-151.4806,63.3813,7.2,2022-09-27 05:30:09.101000+00:00,1,blue,1
1687212470004,"51 km SSE of King Cove, Alaska",reviewed,0,81,earthquake,2.3, Alaska,-161.9651,54.6442,58.2,2023-06-19 22:07:50.004000+00:00,0,red,0
1655928210022,"45 km WSW of Anchor Point, Alaska",reviewed,0,62,earthquake,2.0, Alaska,-152.5792,59.615,81.8,2022-06-22 20:03:30.022000+00:00,0,red,0
1678996457200,"100 km W of Adak, Alaska",reviewed,0,17,earthquake,1.06, Alaska,-178.094666666667,51.8638333333333,3.33,2023-03-16 19:54:17.200000+00:00,1,blue,1
1645947098280,"7 km SSE of P?hala, Hawaii",automatic,0,74,earthquake,2.20000005, Hawaii,-155.448837280273,19.1399993896484,29.2000007629395,2022-02-27 07:31:38.280000+00:00,0,red,0
1653424794890,"6 km E of P?hala, Hawaii",automatic,0,77,earthquake,2.24, Hawaii,-155.415832519531,19.2014999389648,32.5,2022-05-24 20:39:54.890000+00:00,0,red,0
1671990112085,"24 km NNE of Blanca, Colorado",reviewed,0,22,earthquake,1.2, Colorado,-105.4539,37.654,5.0,2022-12-25 17:41:52.085000+00:00,1,blue,1
1689252351127,"68 km N of Aleneva, Alaska",reviewed,0,19,earthquake,1.1, Alaska,-152.9682,58.6716,53.4,2023-07-13 12:45:51.127000+00:00,1,blue,1
1682120806860,"8km NW of The Geysers, CA",automatic,0,5,earthquake,0.58,California,-122.8138351,38.8284988,1.94,2023-04-21 23:46:46.860000+00:00,1,blue,1
1641991924100,"1km NNW of The Geysers, CA",reviewed,0,20,earthquake,1.15,California,-122.7605,38.7895,1.71,2022-01-12 12:52:04.100000+00:00,1,blue,1
1677277053826,"48 km SE of Port Graham, Alaska",reviewed,0,35,earthquake,1.5, Alaska,-151.2221,59.0421,32.5,2023-02-24 22:17:33.826000+00:00,0,red,0
1654946519263,"36 km E of Pedro Bay, Alaska",reviewed,0,39,earthquake,1.6, Alaska,-153.4713,59.7301,122.8,2022-06-11 11:21:59.263000+00:00,0,red,0
1687619111050,"26km ENE of Pine Valley, CA",reviewed,0,20,earthquake,1.13,California,-116.2848333,32.9355,10.74,2023-06-24 15:05:11.050000+00:00,1,blue,1
1643304400375,"37 km SSE of Jurm, Afghanistan",reviewed,0,259,earthquake,4.1, Afghanistan,70.9321,36.5388,198.05,2022-01-27 17:26:40.375000+00:00,2,green,2
1684734971040,"27km SSW of Ocotillo Wells, CA",reviewed,0,6,earthquake,0.62,California,-116.2393333,32.9218333,12.15,2023-05-22 05:56:11.040000+00:00,1,blue,1
1663756304527,"101 km E of Nikolski, Alaska",reviewed,0,26,earthquake,1.3, Alaska,-167.367,53.0736,57.0,2022-09-21 10:31:44.527000+00:00,0,red,0
1647088927980,"13km N of Cloverdale, CA",reviewed,0,56,earthquake,1.91,California,-123.0203333,38.9256667,5.86,2022-03-12 12:42:07.980000+00:00,0,red,0
1686443931602,"Gauteng, South Africa",reviewed,0,959,earthquake,4.9, South Africa,28.1506,-26.3305,5.0,2023-06-11 00:38:51.602000+00:00,2,green,2
1674211375390,"16 km WNW of Rincón, Puerto Rico",reviewed,0,150,earthquake,3.11, Puerto Rico,-67.4003333333333,18.3835,14.11,2023-01-20 10:42:55.390000+00:00,0,red,0
1687181658513,"291 km SSW of ‘Ohonua, Tonga",reviewed,0,340,earthquake,4.7, Tonga,-175.8118,-23.8528,16.664,2023-06-19 13:34:18.513000+00:00,2,green,2
1667014549190,"6km SSE of Portola Valley, CA",reviewed,0,12,earthquake,0.87,California,-122.2061667,37.336,8.8,2022-10-29 03:35:49.190000+00:00,1,blue,1
1647325705087,"56 km W of Happy Valley, Alaska",reviewed,0,35,earthquake,1.5, Alaska,-152.7289,60.0365,90.7,2022-03-15 06:28:25.087000+00:00,0,red,0
1678442034550,"0km N of The Geysers, CA",automatic,0,8,earthquake,0.71,California,-122.7556686,38.7813339,1.21,2023-03-10 09:53:54.550000+00:00,1,blue,1
1680584982280,"8 km E of Nescatunga, Oklahoma",reviewed,0,45,earthquake,1.71, Oklahoma,-98.06316667,36.758,7.24,2023-04-04 05:09:42.280000+00:00,0,red,0
1650180997157,"56 km WNW of Nanwalek, Alaska",reviewed,0,30,earthquake,1.4, Alaska,-152.8741,59.5113,90.4,2022-04-17 07:36:37.157000+00:00,0,red,0
1657841258482,"246 km ESE of Tadine, New Caledonia",reviewed,0,284,earthquake,4.3, New Caledonia,170.0978,-22.3725,10.0,2022-07-14 23:27:38.482000+00:00,2,green,2
1665315710170,"10km NNE of Banning, CA",reviewed,0,3,earthquake,0.43,California,-116.829,34.0021667,20.46,2022-10-09 11:41:50.170000+00:00,1,blue,1
1678592317970,"89 km W of Adak, Alaska",reviewed,0,24,earthquake,1.26, Alaska,-177.935166666667,51.8791666666667,2.8,2023-03-12 03:38:37.970000+00:00,1,blue,1
1676540534470,"23 km ESE of False Pass, Alaska",reviewed,0,62,earthquake,2.0, Alaska,-163.0856,54.7678,13.2,2023-02-16 09:42:14.470000+00:00,0,red,0
1658492717753,south of Tonga,reviewed,0,354,earthquake,4.8,south of Tonga,-175.1992,-25.2052,10.0,2022-07-22 12:25:17.753000+00:00,2,green,2
1665369131170,Oregon,reviewed,0,18,earthquake,1.09,Oregon,-122.43016666666666,42.563833333333335,10.54,2022-10-10 02:32:11.170000+00:00,1,blue,1
1658193345540,"4km SW of Salton City, CA",reviewed,0,101,earthquake,2.56,California,-115.9808333,33.2696667,4.74,2022-07-19 01:15:45.540000+00:00,0,red,0
1678016386233,"32 km NE of Fox River, Alaska",reviewed,0,22,earthquake,1.2, Alaska,-150.6042,60.0846,41.5,2023-03-05 11:39:46.233000+00:00,1,blue,1
1668463478900,"4km SW of Blackhawk, CA",reviewed,0,14,earthquake,0.95,California,-121.9353333,37.7978333,9.97,2022-11-14 22:04:38.900000+00:00,1,blue,1
1675342574307,"63 km WNW of Nikiski, Alaska",reviewed,0,35,earthquake,1.5, Alaska,-152.3737,60.9026,102.7,2023-02-02 12:56:14.307000+00:00,0,red,0
1685713248422,"61 km N of Petersville, Alaska",reviewed,0,26,earthquake,1.3, Alaska,-150.9336,63.0418,109.4,2023-06-02 13:40:48.422000+00:00,0,red,0
1688000656337,"86 km NE of Khandūd, Afghanistan",reviewed,0,312,earthquake,4.5, Afghanistan,73.1129,37.4017,65.627,2023-06-29 01:04:16.337000+00:00,2,green,2
1641516375290,"40 km SSE of Dyer, Nevada",reviewed,0,19,earthquake,1.1, Nevada,-117.8555,37.3433,7.3,2022-01-07 00:46:15.290000+00:00,1,blue,1
1675078407702,"Kenai Peninsula, Alaska",reviewed,0,30,earthquake,1.4, Alaska,-149.9941,60.4438,30.7,2023-01-30 11:33:27.702000+00:00,1,blue,1
1678604492700,"8km NW of The Geysers, CA",automatic,0,1,earthquake,0.22,California,-122.8191681,38.8343315,1.58,2023-03-12 07:01:32.700000+00:00,1,blue,1
1658635533413,"102 km SE of Nikolski, Alaska",reviewed,0,74,earthquake,2.2, Alaska,-167.8693,52.2396,25.5,2022-07-24 04:05:33.413000+00:00,0,red,0
1688039109369,Alaska Peninsula,reviewed,0,19,earthquake,1.1,Alaska Peninsula,-155.2919,58.1891,1.4,2023-06-29 11:45:09.369000+00:00,1,blue,1
1676476438843,"39 km NW of Brus Laguna, Honduras",reviewed,0,298,earthquake,4.4, Honduras,-84.7565,15.9909,10.0,2023-02-15 15:53:58.843000+00:00,2,green,2
1661473602499,"80 km W of Adak, Alaska",reviewed,0,26,earthquake,1.3, Alaska,-177.7932,51.8091,9.9,2022-08-26 00:26:42.499000+00:00,1,blue,1
1679241085610,"6km WNW of The Geysers, CA",automatic,0,14,earthquake,0.95,California,-122.8186646,38.8036652,3.03,2023-03-19 15:51:25.610000+00:00,1,blue,1
1678878952560,"12 km SSE of P?hala, Hawaii",reviewed,0,116,earthquake,2.74, Hawaii,-155.415333333333,19.1108333333333,31.58,2023-03-15 11:15:52.560000+00:00,0,red,0
1643576711480,"Rat Islands, Aleutian Islands, Alaska",reviewed,0,21,earthquake,1.17, Aleutian Islands,178.340833333333,51.9856666666667,6.15,2022-01-30 21:05:11.480000+00:00,1,blue,1
1683159123570,"17km SW of Oasis, CA",reviewed,0,16,earthquake,1.02,California,-116.2111667,33.3445,6.79,2023-05-04 00:12:03.570000+00:00,1,blue,1
1673566668970,"9km NE of Blackhawk, CA",reviewed,0,43,earthquake,1.68,California,-121.8378333,37.876,12.53,2023-01-12 23:37:48.970000+00:00,0,red,0
1664969587202,"6 km NNW of Meadow Lakes, Alaska",reviewed,0,30,earthquake,1.4, Alaska,-149.6576,61.6729,36.2,2022-10-05 11:33:07.202000+00:00,1,blue,1
1656078114970,"Pulau-Pulau Sangihe, Indonesia",reviewed,0,312,earthquake,4.5, Indonesia,125.898,4.6305,166.76,2022-06-24 13:41:54.970000+00:00,2,green,2
1654868754517,"42 km WSW of Tatitlek, Alaska",reviewed,0,96,earthquake,2.5, Alaska,-147.3947,60.7077,13.0,2022-06-10 13:45:54.517000+00:00,0,red,0
1650900194280,Wyoming,reviewed,0,5,earthquake,0.56,Wyoming,-110.9233333,44.762,6.03,2022-04-25 15:23:14.280000+00:00,1,blue,1
1663051009021,"15 km ESE of Lincoln, Montana",reviewed,0,22,earthquake,1.2, Montana,-112.4835,46.9245,8.231,2022-09-13 06:36:49.021000+00:00,1,blue,1
1675690568640,"5 km E of Uzunkavak, Turkey",reviewed,0,271,earthquake,4.2, Turkey,36.4775,36.3454,10.0,2023-02-06 13:36:08.640000+00:00,2,green,2
1678280027091,"123 km E of McCarthy, Alaska",reviewed,0,10,earthquake,0.8, Alaska,-140.6334,61.3077,8.2,2023-03-08 12:53:47.091000+00:00,1,blue,1
1641739192740,"7 km ENE of Ronan, Montana",reviewed,0,2,earthquake,0.33, Montana,-114.0146667,47.5553333,17.82,2022-01-09 14:39:52.740000+00:00,1,blue,1
1674561836793,"48 km W of Aleneva, Alaska",reviewed,0,81,earthquake,2.3, Alaska,-153.7242,58.1048,54.0,2023-01-24 12:03:56.793000+00:00,0,red,0
1677133149550,"3km SE of The Geysers, CA",reviewed,0,10,earthquake,0.82,California,-122.7365,38.7591667,0.78,2023-02-23 06:19:09.550000+00:00,1,blue,1
1642247807101,"29 km WNW of Petersville, Alaska",reviewed,0,15,earthquake,1.0, Alaska,-151.3065,62.5696,87.5,2022-01-15 11:56:47.101000+00:00,0,red,0
1658855007900,"16km W of Searles Valley, CA",reviewed,0,11,earthquake,0.86,California,-117.5758333,35.7568333,8.41,2022-07-26 17:03:27.900000+00:00,1,blue,1
1680102711020,"55 km SSE of Mammoth, Wyoming",reviewed,0,58,earthquake,1.94, Wyoming,-110.3748333,44.5328333,1.89,2023-03-29 15:11:51.020000+00:00,0,red,0
1670982218960,"89 km W of Adak, Alaska",reviewed,0,39,earthquake,1.59, Alaska,-177.937333333333,51.8776666666667,6.6,2022-12-14 01:43:38.960000+00:00,1,blue,1
1642792708590,"3 km SSE of P?hala, Hawaii",automatic,0,52,earthquake,1.84000003, Hawaii,-155.463668823242,19.1736660003662,32.2799987792969,2022-01-21 19:18:28.590000+00:00,0,red,0
1657907970694,"178 km W of Adak, Alaska",reviewed,0,62,earthquake,2.0, Alaska,-179.2069,51.7392,88.1,2022-07-15 17:59:30.694000+00:00,0,red,0
1653355806389,"42 km E of Pedro Bay, Alaska",reviewed,0,62,earthquake,2.0, Alaska,-153.3522,59.835,122.0,2022-05-24 01:30:06.389000+00:00,0,red,0
1649373901830,"8km ESE of Ridgecrest, CA",reviewed,0,63,earthquake,2.01,California,-117.5946667,35.5868333,4.53,2022-04-07 23:25:01.830000+00:00,0,red,0
1650167083664,"101 km NNW of Karluk, Alaska",reviewed,0,35,earthquake,1.5, Alaska,-154.8078,58.4592,111.8,2022-04-17 03:44:43.664000+00:00,0,red,0
1668540512201,"90 km NW of Yelizovo, Russia",reviewed,0,271,earthquake,4.2, Russia,157.6239,53.8698,224.459,2022-11-15 19:28:32.201000+00:00,2,green,2
1668579755069,"eastern New Guinea region, Papua New Guinea",reviewed,0,271,earthquake,4.2, Papua New Guinea,147.4482,-5.4645,207.645,2022-11-16 06:22:35.069000+00:00,2,green,2
1667774537518,"20 km ESE of Skwentna, Alaska",reviewed,0,44,earthquake,1.7, Alaska,-151.0361,61.9131,67.7,2022-11-06 22:42:17.518000+00:00,0,red,0
1672812023004,"131 km SSE of False Pass, Alaska",reviewed,0,96,earthquake,2.5, Alaska,-162.392,53.8308,35.0,2023-01-04 06:00:23.004000+00:00,0,red,0
1673261269280,"12km S of Olancha, CA",reviewed,0,107,earthquake,2.63,California,-118.029,36.1711667,2.17,2023-01-09 10:47:49.280000+00:00,0,red,0
1667361525820,"2km ENE of The Geysers, CA",reviewed,0,32,earthquake,1.44,California,-122.7348333,38.7831667,1.44,2022-11-02 03:58:45.820000+00:00,1,blue,1
1657587906045,"6 km N of Port Graham, Alaska",reviewed,0,26,earthquake,1.3, Alaska,-151.8152,59.407,41.3,2022-07-12 01:05:06.045000+00:00,1,blue,1
1661290023610,"9 km ENE of P?hala, Hawaii",automatic,0,60,earthquake,1.98000002, Hawaii,-155.387496948242,19.2263336181641,31.6700000762939,2022-08-23 21:27:03.610000+00:00,0,red,0
1656043351670,"20 km WNW of Stanley, Idaho",reviewed,0,26,earthquake,1.29, Idaho,-115.1833333,44.2785,3.63,2022-06-24 04:02:31.670000+00:00,1,blue,1
1670714551946,"82 km NW of Yakutat, Alaska",reviewed,0,22,earthquake,1.2, Alaska,-140.7009,60.101,8.3,2022-12-10 23:22:31.946000+00:00,1,blue,1
1652318932870,"9km ESE of Ojai, CA",reviewed,0,36,earthquake,1.53,California,-119.1436667,34.4281667,14.63,2022-05-12 01:28:52.870000+00:00,1,blue,1
1678666501140,"100 km W of Adak, Alaska",reviewed,0,11,earthquake,0.86, Alaska,-178.090833333333,51.8613333333333,3.28,2023-03-13 00:15:01.140000+00:00,1,blue,1
1655271404800,"81 km S of Kaktovik, Alaska",reviewed,0,39,earthquake,1.6, Alaska,-143.6995,69.4022,18.4,2022-06-15 05:36:44.800000+00:00,0,red,0
1682637538835,"14 km SW of Willow, Alaska",reviewed,0,19,earthquake,1.1, Alaska,-150.2415,61.6657,20.1,2023-04-27 23:18:58.835000+00:00,1,blue,1
1686576455920,"9km NE of Ocotillo Wells, CA",reviewed,0,9,earthquake,0.75,California,-116.0553333,33.1983333,7.31,2023-06-12 13:27:35.920000+00:00,1,blue,1
1660071212260,"2 km SW of Indios, Puerto Rico",reviewed,0,47,earthquake,1.75, Puerto Rico,-66.8383333333333,17.9783333333333,16.06,2022-08-09 18:53:32.260000+00:00,0,red,0
1647655288750,"4 km SE of La Parguera, Puerto Rico",reviewed,0,110,earthquake,2.67, Puerto Rico,-67.0161,17.9511,9.0,2022-03-19 02:01:28.750000+00:00,0,red,0
1650569282333,"5 km W of Trapper Creek, Alaska",reviewed,0,15,earthquake,1.0, Alaska,-150.3363,62.3079,9.8,2022-04-21 19:28:02.333000+00:00,1,blue,1
1656453760590,"2km NW of Cobb, CA",automatic,0,20,earthquake,1.15,California,-122.7441635,38.8349991,0.31,2022-06-28 22:02:40.590000+00:00,1,blue,1
1663513999967,"30 km W of Happy Valley, Alaska",reviewed,0,19,earthquake,1.1, Alaska,-152.2765,59.9913,67.7,2022-09-18 15:13:19.967000+00:00,1,blue,1
1668513199580,"51 km NE of Hengchun, Taiwan",reviewed,0,369,earthquake,4.9, Taiwan,121.0907,22.3352,10.0,2022-11-15 11:53:19.580000+00:00,2,green,2
1686786315822,"31 km SW of Glacier View, Alaska",reviewed,0,8,earthquake,0.7, Alaska,-148.0021,61.5804,2.8,2023-06-14 23:45:15.822000+00:00,1,blue,1
1651689301040,"39 km N of Valdez, Alaska",reviewed,0,56,earthquake,1.9, Alaska,-146.4037,61.4856,15.2,2022-05-04 18:35:01.040000+00:00,0,red,0
1653125606070,"8km WNW of Desert Hot Springs, CA",reviewed,0,16,earthquake,1.02,California,-116.5805,33.9765,8.99,2022-05-21 09:33:26.070000+00:00,1,blue,1
1663411797603,"144 km N of Hirara, Japan",reviewed,0,284,earthquake,4.3, Japan,125.5148,26.0908,10.063,2022-09-17 10:49:57.603000+00:00,2,green,2
1687092679361,"35 km WNW of Tyonek, Alaska",reviewed,0,56,earthquake,1.9, Alaska,-151.785,61.1372,108.7,2023-06-18 12:51:19.361000+00:00,0,red,0
1664394520021,"22 km ENE of Codrington, Antigua and Barbuda",reviewed,0,419,earthquake,5.2, Antigua and Barbuda,-61.6358,17.7053,38.398,2022-09-28 19:48:40.021000+00:00,2,green,2
1661517652749,"252 km SE of Chiniak, Alaska",reviewed,0,129,earthquake,2.9, Alaska,-149.3185,56.0327,10.0,2022-08-26 12:40:52.749000+00:00,0,red,0
1678429724860,"13 km NNW of Petersville, Alaska",reviewed,0,22,earthquake,1.2, Alaska,-150.8192,62.615,83.4,2023-03-10 06:28:44.860000+00:00,0,red,0
1658215996129,"31 km NE of Chickaloon, Alaska",reviewed,0,19,earthquake,1.1, Alaska,-148.0749,62.0135,31.8,2022-07-19 07:33:16.129000+00:00,1,blue,1
1682013410715,"45 km WNW of Beluga, Alaska",reviewed,0,22,earthquake,1.2, Alaska,-151.7837,61.3631,77.8,2023-04-20 17:56:50.715000+00:00,0,red,0
1649587806460,"7km SSW of Holtville, CA",reviewed,0,62,earthquake,2.0,California,-115.4133333,32.7555,11.88,2022-04-10 10:50:06.460000+00:00,0,red,0
1667471609826,"16 km ENE of Girdwood, Alaska",reviewed,0,26,earthquake,1.3, Alaska,-148.8996,61.0129,9.9,2022-11-03 10:33:29.826000+00:00,1,blue,1
1688369639100,"6 km NE of Stuart, Oklahoma",reviewed,0,18,earthquake,1.07, Oklahoma,-96.05383333,34.94566667,4.53,2023-07-03 07:33:59.100000+00:00,1,blue,1
1653230057181,"10 km SSE of Trapper Creek, Alaska",reviewed,0,30,earthquake,1.4, Alaska,-150.171,62.229,57.8,2022-05-22 14:34:17.181000+00:00,0,red,0
1649682656149,"21 km W of Sitka, Alaska",reviewed,0,39,earthquake,1.6, Alaska,-135.6767,57.0713,0.0,2022-04-11 13:10:56.149000+00:00,1,blue,1
1679784461395,"19 km NNE of Cantwell, Alaska",reviewed,0,8,earthquake,0.7, Alaska,-148.7468,63.5408,15.6,2023-03-25 22:47:41.395000+00:00,1,blue,1
1678532450799,"90 km W of Adak, Alaska",reviewed,0,35,earthquake,1.5, Alaska,-177.9423,51.8536,4.1,2023-03-11 11:00:50.799000+00:00,1,blue,1
1660530685590,"6km N of Taft, CA",reviewed,0,21,earthquake,1.17,California,-119.4508333,35.1933333,11.22,2022-08-15 02:31:25.590000+00:00,1,blue,1
1673412835971,"40 km NW of Beluga, Alaska",reviewed,0,35,earthquake,1.5, Alaska,-151.6805,61.3671,74.8,2023-01-11 04:53:55.971000+00:00,0,red,0
1682316179220,"1 km NW of Indios, Puerto Rico",reviewed,0,82,earthquake,2.31, Puerto Rico,-66.8263333333333,18.0021666666667,15.08,2023-04-24 06:02:59.220000+00:00,0,red,0
1646436371310,"3km SW of Calimesa, CA",reviewed,0,19,earthquake,1.12,California,-117.0741667,33.9648333,11.99,2022-03-04 23:26:11.310000+00:00,1,blue,1
1675279931657,"0 km N of Point MacKenzie, Alaska",reviewed,0,22,earthquake,1.2, Alaska,-149.9759,61.3681,39.5,2023-02-01 19:32:11.657000+00:00,1,blue,1
1684510874970,"6km WNW of Cobb, CA",automatic,0,3,earthquake,0.43,California,-122.7935028,38.8364983,0.91,2023-05-19 15:41:14.970000+00:00,1,blue,1
1682422122107,"70 km N of Petersville, Alaska",reviewed,0,19,earthquake,1.1, Alaska,-150.6672,63.1248,104.5,2023-04-25 11:28:42.107000+00:00,0,red,0
1678896061920,"6 km E of Hebgen Lake Estates, Montana",reviewed,0,36,earthquake,1.53, Montana,-111.1121667,44.7636667,11.25,2023-03-15 16:01:01.920000+00:00,1,blue,1
1678387135526,"103 km W of Adak, Alaska",reviewed,0,121,earthquake,2.8, Alaska,-178.134,51.9383,8.688,2023-03-09 18:38:55.526000+00:00,0,red,0
1667096632646,"85 km NNW of Karluk, Alaska",reviewed,0,12,earthquake,0.9, Alaska,-155.1284,58.2481,2.8,2022-10-30 02:23:52.646000+00:00,1,blue,1
1680010525580,"101 km W of Adak, Alaska",reviewed,0,46,earthquake,1.72, Alaska,-178.1025,51.868,2.47,2023-03-28 13:35:25.580000+00:00,0,red,0
1677657452230,"93 km W of Adak, Alaska",reviewed,0,35,earthquake,1.5, Alaska,-177.995166666667,51.8531666666667,3.51,2023-03-01 07:57:32.230000+00:00,1,blue,1
1650779829532,Kuril Islands,reviewed,0,246,earthquake,4.0,Kuril Islands,152.6001,46.3977,10.0,2022-04-24 05:57:09.532000+00:00,2,green,2
1676622001793,"97 km NE of Wiseman, Alaska",reviewed,0,30,earthquake,1.4, Alaska,-148.6205,68.0795,2.3,2023-02-17 08:20:01.793000+00:00,1,blue,1
1656616309720,"15km ENE of Coachella, CA",reviewed,0,24,earthquake,1.26,California,-116.0343333,33.7438333,4.19,2022-06-30 19:11:49.720000+00:00,1,blue,1
1659824368340,"21km ESE of Little Lake, CA",reviewed,0,4,earthquake,0.54,California,-117.6883333,35.8805,5.0,2022-08-06 22:19:28.340000+00:00,1,blue,1
1671489939922,"22 km NNW of Susitna, Alaska",reviewed,0,19,earthquake,1.1, Alaska,-150.7298,61.7193,15.0,2022-12-19 22:45:39.922000+00:00,1,blue,1
1659036095710,"8 km ENE of Government Camp, Oregon",reviewed,0,7,earthquake,0.66, Oregon,-121.654,45.323166666666665,6.68,2022-07-28 19:21:35.710000+00:00,1,blue,1
1654100769602,"13 km WSW of Tanana, Alaska",reviewed,0,10,earthquake,0.8, Alaska,-152.3453,65.1256,11.0,2022-06-01 16:26:09.602000+00:00,1,blue,1
1686555299200,"4 km E of La Parguera, Puerto Rico",reviewed,0,77,earthquake,2.24, Puerto Rico,-67.0078333333333,17.9706666666667,8.19,2023-06-12 07:34:59.200000+00:00,0,red,0
1641567709831,"51 km NNE of Kobuk, Alaska",reviewed,0,30,earthquake,1.4, Alaska,-156.2794,67.3087,6.3,2022-01-07 15:01:49.831000+00:00,1,blue,1
1647972393920,"10km SW of Anza, CA",reviewed,0,6,earthquake,0.64,California,-116.754,33.4895,6.89,2022-03-22 18:06:33.920000+00:00,1,blue,1
1672036587640,"64 km SSE of Adak, Alaska",reviewed,0,138,earthquake,3.0, Alaska,-176.2987,51.3305,35.0,2022-12-26 06:36:27.640000+00:00,0,red,0
1657759327878,"62 km W of Anchor Point, Alaska",reviewed,0,26,earthquake,1.3, Alaska,-152.9313,59.886,89.0,2022-07-14 00:42:07.878000+00:00,0,red,0
1668079015740,"8km NW of Chester, CA",reviewed,0,49,earthquake,1.79,California,-121.3043333,40.3495,10.63,2022-11-10 11:16:55.740000+00:00,0,red,0
1641686880411,"13 km ESE of Lazy Mountain, Alaska",reviewed,0,15,earthquake,1.0, Alaska,-148.7056,61.5749,34.2,2022-01-09 00:08:00.411000+00:00,1,blue,1
1662228372099,California-Nevada border region,reviewed,0,4,earthquake,0.5,California-Nevada border region,-117.0889,37.3714,6.9,2022-09-03 18:06:12.099000+00:00,1,blue,1
1670914254230,"6km SSW of Idyllwild, CA",reviewed,0,14,earthquake,0.97,California,-116.733,33.686,16.13,2022-12-13 06:50:54.230000+00:00,1,blue,1
1688029257270,"14km SE of Anza, CA",reviewed,0,4,earthquake,0.5,California,-116.5621667,33.463,12.58,2023-06-29 09:00:57.270000+00:00,1,blue,1
1652501848675,"Volcano Islands, Japan region",reviewed,0,298,earthquake,4.4, Japan region,143.2011,22.5337,122.07,2022-05-14 04:17:28.675000+00:00,2,green,2
1661167917374,"12 km NNE of Chase, Alaska",reviewed,0,22,earthquake,1.2, Alaska,-150.0375,62.5564,64.5,2022-08-22 11:31:57.374000+00:00,0,red,0
1680851194990,"8km W of Cobb, CA",reviewed,0,4,earthquake,0.49,California,-122.8151667,38.8338333,1.77,2023-04-07 07:06:34.990000+00:00,1,blue,1
1660263129940,"1km SSW of Cabazon, CA",reviewed,0,26,earthquake,1.29,California,-116.793,33.9081667,9.04,2022-08-12 00:12:09.940000+00:00,1,blue,1
1689105175887,"15 km ESE of Eagle River, Alaska",reviewed,0,26,earthquake,1.3, Alaska,-149.3029,61.2568,28.1,2023-07-11 19:52:55.887000+00:00,1,blue,1
1660033726743,"35 km NW of Tobelo, Indonesia",reviewed,0,298,earthquake,4.4, Indonesia,127.7931,1.96,10.0,2022-08-09 08:28:46.743000+00:00,2,green,2
1686261822878,"Rat Islands, Aleutian Islands, Alaska",reviewed,0,121,earthquake,2.8, Aleutian Islands,177.6194,51.8346,10.0,2023-06-08 22:03:42.878000+00:00,0,red,0
1665116967720,"5km W of Lake Henshaw, CA",reviewed,0,5,earthquake,0.59,California,-116.8143333,33.2425,12.89,2022-10-07 04:29:27.720000+00:00,1,blue,1
1642685298930,"26km SE of Bodie, CA",reviewed,0,20,earthquake,1.14,California,-118.7841667,38.0633333,5.5,2022-01-20 13:28:18.930000+00:00,1,blue,1
1687280557600,"24km SSW of Bodfish, CA",reviewed,0,31,earthquake,1.42,California,-118.5558333,35.3783333,3.1,2023-06-20 17:02:37.600000+00:00,1,blue,1
1676248117807,"2 km E of Talkeetna, Alaska",reviewed,0,15,earthquake,1.0, Alaska,-150.0671,62.3257,12.6,2023-02-13 00:28:37.807000+00:00,1,blue,1
1651713251240,"2 km WSW of P?hala, Hawaii",automatic,0,70,earthquake,2.13000011, Hawaii,-155.497833251953,19.1973323822021,33.3899993896484,2022-05-05 01:14:11.240000+00:00,0,red,0
1649155885970,"12km WNW of Toms Place, CA",reviewed,0,4,earthquake,0.51,California,-118.8038333,37.602,3.92,2022-04-05 10:51:25.970000+00:00,1,blue,1
1680379454825,"38 km ESE of Skwentna, Alaska",reviewed,0,30,earthquake,1.4, Alaska,-150.7101,61.8807,52.7,2023-04-01 20:04:14.825000+00:00,0,red,0
1667665044483,"121 km S of McCarthy, Alaska",reviewed,0,74,earthquake,2.2, Alaska,-143.0648,60.3485,9.3,2022-11-05 16:17:24.483000+00:00,0,red,0
1671539248590,"4km NW of Glen Avon, CA",reviewed,0,20,earthquake,1.13,California,-117.5125,34.038,5.63,2022-12-20 12:27:28.590000+00:00,1,blue,1
1645836896620,"5 km E of P?hala, Hawaii",automatic,0,79,earthquake,2.26, Hawaii,-155.422836303711,19.19700050354,33.5400009155273,2022-02-26 00:54:56.620000+00:00,0,red,0
1678683208890,"Andreanof Islands, Aleutian Islands, Alaska",reviewed,0,17,earthquake,1.04, Aleutian Islands,-177.958,51.904,5.05,2023-03-13 04:53:28.890000+00:00,1,blue,1
1670203993543,"61 km SE of Denali National Park, Alaska",reviewed,0,30,earthquake,1.4, Alaska,-150.852,63.1481,131.0,2022-12-05 01:33:13.543000+00:00,0,red,0
1677640851400,"4 km SW of Guánica, Puerto Rico",reviewed,0,66,earthquake,2.07, Puerto Rico,-66.944,17.945,10.93,2023-03-01 03:20:51.400000+00:00,0,red,0
1641752707436,"20 km N of Girdwood, Alaska",reviewed,0,104,earthquake,2.6, Alaska,-149.1519,61.1258,15.9,2022-01-09 18:25:07.436000+00:00,0,red,0
1673701912442,"72 km WSW of Nikolski, Alaska",reviewed,0,81,earthquake,2.3, Alaska,-169.8248,52.654,65.1,2023-01-14 13:11:52.442000+00:00,0,red,0
1669485916020,"6km ESE of Mammoth Lakes, CA",reviewed,0,8,earthquake,0.71,California,-118.915,37.607,1.11,2022-11-26 18:05:16.020000+00:00,1,blue,1
1683644030590,"10 km SSW of Badger, Alaska",reviewed,0,45,earthquake,1.7, Alaska,-147.6321,64.7112,9.3,2023-05-09 14:53:50.590000+00:00,0,red,0
1643269648026,"53 km S of Elim, Alaska",reviewed,0,211,earthquake,3.7, Alaska,-162.3566,64.14,15.3,2022-01-27 07:47:28.026000+00:00,2,green,2
1646558012240,"30 km NW of Stanley, Idaho",reviewed,0,45,earthquake,1.71, Idaho,-115.1823333,44.4325,4.37,2022-03-06 09:13:32.240000+00:00,0,red,0
1690177812250,"38 km ENE of Adak, Alaska",reviewed,0,2,earthquake,0.38, Alaska,-176.1645,52.0651666666667,3.42,2023-07-24 05:50:12.250000+00:00,1,blue,1
1654706279117,western Indian-Antarctic Ridge,reviewed,0,284,earthquake,4.3,western Indian-Antarctic Ridge,124.1287,-48.8433,10.0,2022-06-08 16:37:59.117000+00:00,2,green,2
1648038961720,"20 km WNW of Stanley, Idaho",reviewed,0,50,earthquake,1.8, Idaho,-115.1898333,44.2685,10.6,2022-03-23 12:36:01.720000+00:00,0,red,0
1677935685290,"25km SSW of Ocotillo Wells, CA",reviewed,0,9,earthquake,0.75,California,-116.2421667,32.9376667,11.83,2023-03-04 13:14:45.290000+00:00,1,blue,1
1677990564855,Central Alaska,reviewed,0,30,earthquake,1.4,Central Alaska,-151.1579,62.5016,4.2,2023-03-05 04:29:24.855000+00:00,1,blue,1
1657160959860,"4 km ENE of Tierras Nuevas Poniente, Puerto Rico",reviewed,0,116,earthquake,2.74, Puerto Rico,-66.446,18.4796666666667,94.05,2022-07-07 02:29:19.860000+00:00,0,red,0
1664152211279,"296 km E of Levuka, Fiji",reviewed,0,259,earthquake,4.1, Fiji,-177.917,-18.5155,617.436,2022-09-26 00:30:11.279000+00:00,2,pink,3
1679377353260,"3km S of Anderson Springs, CA",automatic,0,21,earthquake,1.16,California,-122.6975021,38.7464981,1.38,2023-03-21 05:42:33.260000+00:00,1,blue,1
1684048766190,"40km N of Yucca Valley, CA",reviewed,0,13,earthquake,0.93,California,-116.4843333,34.4746667,4.04,2023-05-14 07:19:26.190000+00:00,1,blue,1
1674380194880,"8km NW of The Geysers, CA",automatic,0,7,earthquake,0.66,California,-122.817337,38.8325005,1.47,2023-01-22 09:36:34.880000+00:00,1,blue,1
1678729948410,"1 km NE of Beatty, Nevada",reviewed,0,26,earthquake,1.3, Nevada,-116.7478,36.922,7.0,2023-03-13 17:52:28.410000+00:00,1,blue,1
1662630509790,"7km W of Cobb, CA",automatic,0,3,earthquake,0.46,California,-122.8048325,38.8301659,1.46,2022-09-08 09:48:29.790000+00:00,1,blue,1
1681055754389,"61 km NNE of Chase, Alaska",reviewed,0,19,earthquake,1.1, Alaska,-149.8047,62.9797,79.1,2023-04-09 15:55:54.389000+00:00,0,red,0
1654947261730,"20 km SSW of Mammoth, Wyoming",reviewed,0,16,earthquake,1.03, Wyoming,-110.7893333,44.8,7.55,2022-06-11 11:34:21.730000+00:00,1,blue,1
1677620462349,"104 km S of Koshima, Japan",reviewed,0,259,earthquake,4.1, Japan,130.5327,29.2903,35.659,2023-02-28 21:41:02.349000+00:00,2,green,2
1688911844714,Southern Alaska,reviewed,0,50,earthquake,1.8,Southern Alaska,-152.5455,60.2401,109.7,2023-07-09 14:10:44.714000+00:00,0,red,0
1662470076759,"70 km S of Calama, Chile",reviewed,0,386,earthquake,5.0, Chile,-68.9473,-23.0927,93.008,2022-09-06 13:14:36.759000+00:00,2,green,2
1666583487364,"16 km NNE of White Mountain, Alaska",reviewed,0,56,earthquake,1.9, Alaska,-163.2308,64.805,8.5,2022-10-24 03:51:27.364000+00:00,0,red,0
1642081865177,south of the Fiji Islands,reviewed,0,284,earthquake,4.3,south of the Fiji Islands,179.4372,-24.6112,558.47,2022-01-13 13:51:05.177000+00:00,2,pink,3
1643444179515,"10 km WNW of Anchorage, Alaska",reviewed,0,26,earthquake,1.3, Alaska,-150.0758,61.2551,40.0,2022-01-29 08:16:19.515000+00:00,1,blue,1
1665626150621,"55 km WSW of Sinabang, Indonesia",reviewed,0,312,earthquake,4.5, Indonesia,95.9024,2.3236,10.0,2022-10-13 01:55:50.621000+00:00,2,green,2
1672925678930,"11km NNE of Borrego Springs, CA",reviewed,0,11,earthquake,0.85,California,-116.3463333,33.3513333,12.89,2023-01-05 13:34:38.930000+00:00,1,blue,1
1664697313606,Near the coast of southern Peru,reviewed,0,271,earthquake,4.2,Near the coast of southern Peru,-74.0013,-15.6087,59.383,2022-10-02 07:55:13.606000+00:00,2,green,2
1650772821800,"2km E of Gardena, CA",reviewed,0,14,earthquake,0.94,California,-118.2891667,33.8865,12.29,2022-04-24 04:00:21.800000+00:00,1,blue,1
1668470579080,"21 km SSW of Mammoth, Wyoming",reviewed,0,13,earthquake,0.91, Wyoming,-110.8166667,44.8028333,6.78,2022-11-15 00:02:59.080000+00:00,1,blue,1
1675403381645,"60 km SE of Adak, Alaska",reviewed,0,56,earthquake,1.9, Alaska,-176.0812,51.4516,25.6,2023-02-03 05:49:41.645000+00:00,0,red,0
1667713827940,"3km SSW of Shasta Lake, CA",reviewed,0,40,earthquake,1.62,California,-122.388,40.6548333,22.98,2022-11-06 05:50:27.940000+00:00,0,red,0
1685034665360,"98 km W of Adak, Alaska",reviewed,0,6,earthquake,0.64, Alaska,-178.067166666667,51.8551666666667,3.18,2023-05-25 17:11:05.360000+00:00,1,blue,1
1647622486460,"6 km NE of La Parguera, Puerto Rico",reviewed,0,72,earthquake,2.17, Puerto Rico,-66.9951666666667,18.008,13.0,2022-03-18 16:54:46.460000+00:00,0,red,0
1657622740380,"11km N of Borrego Springs, CA",reviewed,0,6,earthquake,0.61,California,-116.36,33.3551667,11.73,2022-07-12 10:45:40.380000+00:00,1,blue,1
1688028140641,"238 km WSW of Adak, Alaska",reviewed,0,121,earthquake,2.8, Alaska,-179.825,51.0901,18.841,2023-06-29 08:42:20.641000+00:00,0,red,0
1689580771926,"16 km NNW of Mina, Nevada",reviewed,0,15,earthquake,1.0, Nevada,-118.1477,38.5365,6.9,2023-07-17 07:59:31.926000+00:00,1,blue,1
1654350676774,"81 km NNW of Aleneva, Alaska",reviewed,0,26,earthquake,1.3, Alaska,-153.6698,58.6766,11.2,2022-06-04 13:51:16.774000+00:00,1,blue,1
1663887687658,"52 km E of Denali National Park, Alaska",reviewed,0,19,earthquake,1.1, Alaska,-150.68,63.5997,13.8,2022-09-22 23:01:27.658000+00:00,1,blue,1
1653121182760,"13km SE of Bodfish, CA",reviewed,0,53,earthquake,1.85,California,-118.3843333,35.5095,8.26,2022-05-21 08:19:42.760000+00:00,0,red,0
1667979727300,"5km ESE of Lytle Creek, CA",reviewed,0,55,earthquake,1.89,California,-117.4518333,34.2438333,6.54,2022-11-09 07:42:07.300000+00:00,0,red,0
1649699975750,"6 km WSW of Fuig, Puerto Rico",reviewed,0,57,earthquake,1.93, Puerto Rico,-66.9723333333333,17.9613333333333,8.66,2022-04-11 17:59:35.750000+00:00,0,red,0
1656535135514,"57 km WSW of Cantwell, Alaska",reviewed,0,50,earthquake,1.8, Alaska,-150.0108,63.1922,86.9,2022-06-29 20:38:55.514000+00:00,0,red,0
1671017685500,"57 km WNW of Tatitlek, Alaska",reviewed,0,39,earthquake,1.6, Alaska,-147.709,60.9715,7.6,2022-12-14 11:34:45.500000+00:00,1,blue,1
1664604723987,southern Mid-Atlantic Ridge,reviewed,0,312,earthquake,4.5,southern Mid-Atlantic Ridge,-11.8623,-21.2538,10.0,2022-10-01 06:12:03.987000+00:00,2,green,2
1677875440301,"12 km S of Central, Alaska",reviewed,0,30,earthquake,1.4, Alaska,-144.8283,65.4617,9.9,2023-03-03 20:30:40.301000+00:00,1,blue,1
1659083236120,"85 km WNW of Karluk, Alaska",reviewed,0,15,earthquake,1.0, Alaska,-155.7874,57.8427,88.8,2022-07-29 08:27:16.120000+00:00,0,red,0
1644273260934,off the coast of Central America,reviewed,0,298,earthquake,4.4,off the coast of Central America,-84.3706,3.181,10.0,2022-02-07 22:34:20.934000+00:00,2,green,2
1662620564080,"25 km NNE of Cruz Bay, U.S. Virgin Islands",reviewed,0,176,earthquake,3.38, U.S. Virgin Islands,-64.7418333333333,18.5526666666667,74.3,2022-09-08 07:02:44.080000+00:00,2,green,2
1666326074974,"38 km ESE of Pedro Bay, Alaska",reviewed,0,39,earthquake,1.6, Alaska,-153.4256,59.7201,121.4,2022-10-21 04:21:14.974000+00:00,0,red,0
1678977338784,"117 km NW of Yakutat, Alaska",reviewed,0,30,earthquake,1.4, Alaska,-141.2031,60.2935,10.4,2023-03-16 14:35:38.784000+00:00,1,blue,1
1675262538830,"11 km SSE of Point Possession, Alaska",reviewed,0,39,earthquake,1.6, Alaska,-150.6116,60.8225,10.3,2023-02-01 14:42:18.830000+00:00,1,blue,1
1676045304410,"3km W of Cobb, CA",reviewed,0,2,earthquake,0.33,California,-122.7616667,38.823,2.31,2023-02-10 16:08:24.410000+00:00,1,blue,1
1653527367819,"19 km NE of Sutcliffe, Nevada",reviewed,0,8,earthquake,0.7, Nevada,-119.4605,40.0897,9.7,2022-05-26 01:09:27.819000+00:00,1,blue,1
1660351842887,"3 km WNW of Reno, Nevada",reviewed,0,1,earthquake,0.2, Nevada,-119.8544,39.5387,0.0,2022-08-13 00:50:42.887000+00:00,1,blue,1
1684575718190,"19km E of Little Lake, CA",reviewed,0,36,earthquake,1.52,California,-117.696,35.9475,2.87,2023-05-20 09:41:58.190000+00:00,1,blue,1
1646384842416,"37 km NNW of Toyah, Texas",reviewed,0,148,earthquake,3.1, Texas,-104.0066693,31.59719319,7.674047852000001,2022-03-04 09:07:22.416000+00:00,0,red,0
1681175233650,"20 km SSE of Arroyo, Puerto Rico",reviewed,0,68,earthquake,2.1, Puerto Rico,-66.0055,17.788,9.16,2023-04-11 01:07:13.650000+00:00,0,red,0
1651378785940,"6km WNW of The Geysers, CA",automatic,0,11,earthquake,0.85,California,-122.8166656,38.7960014,3.59,2022-05-01 04:19:45.940000+00:00,1,blue,1
1665507506040,"3km S of Cobb, CA",automatic,0,1,earthquake,0.21,California,-122.7265015,38.7939987,2.29,2022-10-11 16:58:26.040000+00:00,1,blue,1
1675673914938,"2 km NE of Çelikhan, Turkey",reviewed,0,312,earthquake,4.5, Turkey,38.2553,38.0402,11.354,2023-02-06 08:58:34.938000+00:00,2,green,2
1660571286414,"3 km E of Girdwood, Alaska",reviewed,0,12,earthquake,0.9, Alaska,-149.1089,60.946,9.8,2022-08-15 13:48:06.414000+00:00,1,blue,1
1686905221110,"7km NW of The Geysers, CA",automatic,0,20,earthquake,1.13,California,-122.8243332,38.8138351,2.04,2023-06-16 08:47:01.110000+00:00,1,blue,1
1670192942856,"91 km SE of False Pass, Alaska",reviewed,0,178,earthquake,3.4, Alaska,-162.4798,54.2373,35.0,2022-12-04 22:29:02.856000+00:00,0,red,0
1668711037130,"6km NNE of Lake Henshaw, CA",reviewed,0,10,earthquake,0.8,California,-116.7405,33.295,12.51,2022-11-17 18:50:37.130000+00:00,1,blue,1
1675333688551,"55 km WNW of Petersville, Alaska",reviewed,0,22,earthquake,1.2, Alaska,-151.7578,62.6867,92.0,2023-02-02 10:28:08.551000+00:00,0,red,0
1680494712548,"41 km W of Tatitlek, Alaska",reviewed,0,39,earthquake,1.6, Alaska,-147.4372,60.9384,7.9,2023-04-03 04:05:12.548000+00:00,1,blue,1
1679278624616,"11 km N of Ridgeway, Alaska",reviewed,0,35,earthquake,1.5, Alaska,-151.1064,60.6347,57.8,2023-03-20 02:17:04.616000+00:00,0,red,0
1651919491382,"26 km SSE of Chickaloon, Alaska",reviewed,0,35,earthquake,1.5, Alaska,-148.306,61.5707,15.2,2022-05-07 10:31:31.382000+00:00,1,blue,1
1658863555630,"2km NNW of Palomar Observatory, CA",reviewed,0,9,earthquake,0.75,California,-116.8693333,33.3748333,6.97,2022-07-26 19:25:55.630000+00:00,1,blue,1
1687995579321,"53 km E of Beatty, Nevada",reviewed,0,0,earthquake,0.1, Nevada,-116.1616,36.8776,4.4,2023-06-28 23:39:39.321000+00:00,1,blue,1
1669954162736,"55 km S of Whites City, New Mexico",reviewed,0,81,earthquake,2.3, New Mexico,-104.4075293,31.67193591,6.285815430000001,2022-12-02 04:09:22.736000+00:00,0,red,0
1655458158820,"5 km WNW of Chickaloon, Alaska",reviewed,0,10,earthquake,0.8, Alaska,-148.5616,61.8171,10.3,2022-06-17 09:29:18.820000+00:00,1,blue,1
1657624720956,"78 km WNW of Sola, Vanuatu",reviewed,0,284,earthquake,4.3, Vanuatu,166.8872,-13.594,109.688,2022-07-12 11:18:40.956000+00:00,2,green,2
1644001391460,"7 km SW of Guánica, Puerto Rico",reviewed,0,77,earthquake,2.24, Puerto Rico,-66.956,17.9263333333333,9.53,2022-02-04 19:03:11.460000+00:00,0,red,0
1671129387427,"Rat Islands, Aleutian Islands, Alaska",reviewed,0,81,earthquake,2.3, Aleutian Islands,178.708,51.6103,72.1,2022-12-15 18:36:27.427000+00:00,0,red,0
1646542579480,"12km NW of Parkfield, CA",reviewed,0,9,earthquake,0.76,California,-120.524,35.9716667,3.5,2022-03-06 04:56:19.480000+00:00,1,blue,1
1662107417820,"5km NE of Pinnacles, CA",reviewed,0,68,earthquake,2.1,California,-121.098,36.56,2.29,2022-09-02 08:30:17.820000+00:00,0,red,0
1672273792900,"11 km ESE of P?hala, Hawaii",automatic,0,57,earthquake,1.91999996, Hawaii,-155.376831054688,19.1555004119873,29.0300006866455,2022-12-29 00:29:52.900000+00:00,0,red,0
1663625167320,"40 km SSE of Morton, Washington",reviewed,0,0,earthquake,0.15, Washington,-122.08166666666666,46.22416666666667,4.4,2022-09-19 22:06:07.320000+00:00,1,blue,1
1655869208422,"35 km SSE of Goldfield, Nevada",reviewed,0,1,earthquake,0.2, Nevada,-117.0937,37.4103,7.3,2022-06-22 03:40:08.422000+00:00,1,blue,1
1680352577630,"6km SSW of Redlands, CA",reviewed,0,10,earthquake,0.81,California,-117.2096667,34.009,8.64,2023-04-01 12:36:17.630000+00:00,1,blue,1
1642957147960,"8km WNW of Cobb, CA",reviewed,0,4,earthquake,0.5,California,-122.8106667,38.839,2.01,2022-01-23 16:59:07.960000+00:00,1,blue,1
1661824401246,"45 km W of Abra Pampa, Argentina",reviewed,0,271,earthquake,4.2, Argentina,-66.1414,-22.7321,269.638,2022-08-30 01:53:21.246000+00:00,2,green,2
1685458411139,"194 km WSW of Adak, Alaska",reviewed,0,74,earthquake,2.2, Alaska,-179.2767,51.2876,25.5,2023-05-30 14:53:31.139000+00:00,0,red,0
1688251139820,"23 km ENE of Ashford, Washington",reviewed,0,10,earthquake,0.8200000000000001, Washington,-121.7515,46.85216666666667,0.07,2023-07-01 22:38:59.820000+00:00,1,blue,1
1665555312920,"4km W of San Francisco Zoo, CA",reviewed,0,21,earthquake,1.16,California,-122.5508333,37.7355,11.37,2022-10-12 06:15:12.920000+00:00,1,blue,1
1681315148870,"4km NNW of The Geysers, CA",automatic,0,1,earthquake,0.28,California,-122.7713318,38.8079987,0.44,2023-04-12 15:59:08.870000+00:00,1,blue,1
1686642825180,"255 km WSW of Adak, Alaska",reviewed,0,158,earthquake,3.2, Alaska,179.772,51.3539,50.076,2023-06-13 07:53:45.180000+00:00,0,red,0
1666225376000,"56 km NNW of Petersville, Alaska",reviewed,0,39,earthquake,1.6, Alaska,-151.3705,62.9172,101.7,2022-10-20 00:22:56+00:00,0,red,0
1666056061360,"28 km SW of Cantwell, Alaska",reviewed,0,68,earthquake,2.1, Alaska,-149.3362,63.2088,83.6,2022-10-18 01:21:01.360000+00:00,0,red,0
1656469860585,"9 km NW of Susitna North, Alaska",reviewed,0,12,earthquake,0.9, Alaska,-149.9933,62.2161,15.0,2022-06-29 02:31:00.585000+00:00,1,blue,1
1642882663388,"54 km NNW of Petersville, Alaska",reviewed,0,39,earthquake,1.6, Alaska,-151.1479,62.9542,127.8,2022-01-22 20:17:43.388000+00:00,0,red,0
1683930658010,"5 km ESE of P?hala, Hawaii",automatic,0,65,earthquake,2.05999994, Hawaii,-155.429992675781,19.1848335266113,31.2199993133545,2023-05-12 22:30:58.010000+00:00,0,red,0
1643346225377,Fiji region,reviewed,0,326,earthquake,4.6,Fiji region,-177.7411,-18.3849,632.36,2022-01-28 05:03:45.377000+00:00,2,pink,3
1688042152460,"85 km NW of Karluk, Alaska",reviewed,0,2,earthquake,0.35, Alaska,-155.308,58.1891666666667,2.7,2023-06-29 12:35:52.460000+00:00,1,blue,1
1680325235340,"5km NW of Palomar Observatory, CA",reviewed,0,5,earthquake,0.55,California,-116.8993333,33.389,15.54,2023-04-01 05:00:35.340000+00:00,1,blue,1
1664262401873,"69 km ESE of Denali National Park, Alaska",reviewed,0,19,earthquake,1.1, Alaska,-150.5358,63.213,107.9,2022-09-27 07:06:41.873000+00:00,0,red,0
1688952862510,Virgin Islands,reviewed,0,215,earthquake,3.74,Virgin Islands,-64.5956,19.1801,94.0,2023-07-10 01:34:22.510000+00:00,2,green,2
1641513133610,"5km WNW of The Geysers, CA",automatic,0,6,earthquake,0.63,California,-122.8054962,38.7923317,2.94,2022-01-06 23:52:13.610000+00:00,1,blue,1
1672568005286,"21 km WSW of Nanwalek, Alaska",reviewed,0,56,earthquake,1.9, Alaska,-152.2844,59.3021,56.5,2023-01-01 10:13:25.286000+00:00,0,red,0
1660827622929,"42 km W of Nanwalek, Alaska",reviewed,0,30,earthquake,1.4, Alaska,-152.656,59.4137,77.9,2022-08-18 13:00:22.929000+00:00,0,red,0
1672625684802,"8 km WSW of Güiria, Venezuela",reviewed,0,298,earthquake,4.4, Venezuela,-62.3692,10.5549,89.663,2023-01-02 02:14:44.802000+00:00,2,green,2
1690571261626,Santa Cruz Islands,reviewed,0,340,earthquake,4.7,Santa Cruz Islands,166.3406,-12.594,52.048,2023-07-28 19:07:41.626000+00:00,2,green,2
1680364216760,"Fox Islands, Aleutian Islands, Alaska",reviewed,0,1,earthquake,0.25, Aleutian Islands,-166.571833333333,53.8763333333333,5.38,2023-04-01 15:50:16.760000+00:00,1,blue,1
1658753823940,"2km W of Anderson Springs, CA",reviewed,0,60,earthquake,1.97,California,-122.7163333,38.7745,2.02,2022-07-25 12:57:03.940000+00:00,0,red,0
1646118501115,"45 km WNW of Indian Springs, Nevada",reviewed,0,1,earthquake,0.2, Nevada,-116.1551,36.7041,3.0,2022-03-01 07:08:21.115000+00:00,1,blue,1
1679516027950,"14km SE of Anza, CA",reviewed,0,26,earthquake,1.3,California,-116.563,33.4678333,9.71,2023-03-22 20:13:47.950000+00:00,1,blue,1
1686420291450,"20km NNW of Tehachapi, CA",reviewed,0,23,earthquake,1.21,California,-118.5656667,35.2801667,8.11,2023-06-10 18:04:51.450000+00:00,1,blue,1
1666736031698,"34 km NW of Nanwalek, Alaska",reviewed,0,39,earthquake,1.6, Alaska,-152.4105,59.5413,66.1,2022-10-25 22:13:51.698000+00:00,0,red,0
1685040951719,"13 km SSE of Susitna North, Alaska",reviewed,0,44,earthquake,1.7, Alaska,-149.7102,62.0588,41.6,2023-05-25 18:55:51.719000+00:00,0,red,0
1656223642643,"37 km NNW of Toyah, Texas",reviewed,0,89,earthquake,2.4, Texas,-103.9892257,31.60529524,7.596923828000001,2022-06-26 06:07:22.643000+00:00,0,red,0
1674487460660,"9km ENE of San Martin, CA",reviewed,0,49,earthquake,1.77,California,-121.5123333,37.1113333,5.74,2023-01-23 15:24:20.660000+00:00,0,red,0
1678284978129,Central Alaska,reviewed,0,10,earthquake,0.8,Central Alaska,-151.558,63.0125,10.8,2023-03-08 14:16:18.129000+00:00,1,blue,1
1683026795520,"11km NW of The Geysers, CA",automatic,0,19,earthquake,1.1,California,-122.8573303,38.8311653,2.22,2023-05-02 11:26:35.520000+00:00,1,blue,1
1643423926450,"20 km NNE of Amboy, Washington",reviewed,0,9,earthquake,0.78, Washington,-122.388166666667,46.0916666666667,16.22,2022-01-29 02:38:46.450000+00:00,1,blue,1
1688934561640,Washington,reviewed,0,14,earthquake,0.95,Washington,-119.92183333333334,46.5535,8.18,2023-07-09 20:29:21.640000+00:00,1,blue,1
1689497097811,"44 km NE of Livengood, Alaska",reviewed,0,35,earthquake,1.5, Alaska,-147.8909,65.8219,5.3,2023-07-16 08:44:57.811000+00:00,1,blue,1
1658678513212,"67 km WNW of Ninilchik, Alaska",reviewed,0,44,earthquake,1.7, Alaska,-152.8494,60.1922,116.4,2022-07-24 16:01:53.212000+00:00,0,red,0
1684513822137,"13 km NNE of Lake Davis, California",reviewed,0,10,earthquake,0.8, California,-120.3912,39.9761,8.1,2023-05-19 16:30:22.137000+00:00,1,blue,1
1642359905900,"16km SW of Toms Place, CA",reviewed,0,15,earthquake,1.0,California,-118.8115,37.4698333,4.03,2022-01-16 19:05:05.900000+00:00,1,blue,1
1661325025408,Samoa Islands,reviewed,0,96,earthquake,2.5,Samoa Islands,-169.4188,-14.1017,11.195,2022-08-24 07:10:25.408000+00:00,0,red,0
1647630154950,"4km SW of Idyllwild, CA",reviewed,0,15,earthquake,0.98,California,-116.749,33.7133333,16.38,2022-03-18 19:02:34.950000+00:00,1,blue,1
1665920516746,"64 km N of Petersville, Alaska",reviewed,0,30,earthquake,1.4, Alaska,-150.6164,63.0735,105.0,2022-10-16 11:41:56.746000+00:00,0,red,0
1668201129015,south of the Fiji Islands,reviewed,0,340,earthquake,4.7,south of the Fiji Islands,179.7211,-25.3608,486.134,2022-11-11 21:12:09.015000+00:00,2,pink,3
1681832610190,"99 km W of Adak, Alaska",reviewed,0,24,earthquake,1.24, Alaska,-178.083666666667,51.8568333333333,4.0,2023-04-18 15:43:30.190000+00:00,1,blue,1
1677218956954,"78 km SSE of Akutan, Alaska",reviewed,0,62,earthquake,2.0, Alaska,-165.2962,53.4917,37.4,2023-02-24 06:09:16.954000+00:00,0,red,0
1672687182770,"13 km NW of Ivanof Bay, Alaska",reviewed,0,9,earthquake,0.77, Alaska,-159.656833333333,55.9795,23.99,2023-01-02 19:19:42.770000+00:00,1,blue,1
1673532373020,"19 km SSE of Boca de Yuma, Dominican Republic",reviewed,0,199,earthquake,3.6, Dominican Republic,-68.5503,18.2111,121.0,2023-01-12 14:06:13.020000+00:00,2,green,2
1670261587447,"68 km E of Nikolai, Alaska",reviewed,0,12,earthquake,0.9, Alaska,-153.0301,63.0531,4.8,2022-12-05 17:33:07.447000+00:00,1,blue,1
1655908246410,"9 km ENE of P?hala, Hawaii",automatic,0,52,earthquake,1.84000003, Hawaii,-155.396835327148,19.2346668243408,32.7900009155273,2022-06-22 14:30:46.410000+00:00,0,red,0
1678400421050,"8km NW of The Geysers, CA",automatic,0,22,earthquake,1.19,California,-122.8164978,38.8341675,1.81,2023-03-09 22:20:21.050000+00:00,1,blue,1
1686773894066,"48 km W of Anchor Point, Alaska",reviewed,0,44,earthquake,1.7, Alaska,-152.6861,59.8162,92.7,2023-06-14 20:18:14.066000+00:00,0,red,0
1662361825184,"69 km NW of Aleneva, Alaska",reviewed,0,30,earthquake,1.4, Alaska,-153.67,58.5394,75.3,2022-09-05 07:10:25.184000+00:00,0,red,0
1657960348690,"3 km WSW of Walker, California",reviewed,0,22,earthquake,1.2, California,-119.5154,38.5057,5.3,2022-07-16 08:32:28.690000+00:00,1,blue,1
1670003753963,"5 km NW of Big Lake, Alaska",reviewed,0,19,earthquake,1.1, Alaska,-150.014,61.561,46.8,2022-12-02 17:55:53.963000+00:00,1,blue,1
1655095572120,"4 km NNE of Lluveras, Puerto Rico",reviewed,0,86,earthquake,2.37, Puerto Rico,-66.8831666666667,18.0718333333333,18.03,2022-06-13 04:46:12.120000+00:00,0,red,0
1645727810221,"48 km N of Atka, Alaska",reviewed,0,234,earthquake,3.9, Alaska,-174.2448,52.6287,192.19,2022-02-24 18:36:50.221000+00:00,2,green,2
1662505310100,"15km SSW of Searles Valley, CA",reviewed,0,16,earthquake,1.02,California,-117.4558333,35.6401667,7.57,2022-09-06 23:01:50.100000+00:00,1,blue,1
1682623527580,"61 km N of San Antonio, Puerto Rico",reviewed,0,235,earthquake,3.91, Puerto Rico,-67.152,19.043,5.0,2023-04-27 19:25:27.580000+00:00,2,green,2
1661831089175,"61 km W of Anchor Point, Alaska",reviewed,0,26,earthquake,1.3, Alaska,-152.9313,59.8145,100.9,2022-08-30 03:44:49.175000+00:00,0,red,0
1642290837578,"Kujalleq, Greenland",reviewed,0,259,earthquake,4.1, Greenland,-44.1031,60.8134,11.79,2022-01-15 23:53:57.578000+00:00,2,green,2
1683604601300,"22km ESE of Anza, CA",reviewed,0,10,earthquake,0.81,California,-116.4531667,33.4825,11.45,2023-05-09 03:56:41.300000+00:00,1,blue,1
1655023388720,"22 km SSW of Mammoth, Wyoming",reviewed,0,40,earthquake,1.61, Wyoming,-110.8035,44.7885,6.73,2022-06-12 08:43:08.720000+00:00,1,blue,1
1664869728160,"Fox Islands, Aleutian Islands, Alaska",reviewed,0,3,earthquake,0.42, Aleutian Islands,-166.571,53.936,10.4,2022-10-04 07:48:48.160000+00:00,1,blue,1
1661612416790,"2 km SE of Willow, Alaska",reviewed,0,22,earthquake,1.2, Alaska,-149.9965,61.7317,50.0,2022-08-27 15:00:16.790000+00:00,1,blue,1
1664335721984,Reykjanes Ridge,reviewed,0,312,earthquake,4.5,Reykjanes Ridge,-35.3781,53.6658,10.0,2022-09-28 03:28:41.984000+00:00,2,green,2
1643807427690,"13km SW of Searles Valley, CA",reviewed,0,34,earthquake,1.48,California,-117.5101667,35.6883333,10.51,2022-02-02 13:10:27.690000+00:00,1,blue,1
1657924479860,"11 km NE of Stanley, Idaho",reviewed,0,80,earthquake,2.28, Idaho,-114.8311667,44.2896667,8.3,2022-07-15 22:34:39.860000+00:00,0,red,0
1677688679849,"31 km ENE of Nurda??, Turkey",reviewed,0,298,earthquake,4.4, Turkey,37.0676,37.2659,9.357,2023-03-01 16:37:59.849000+00:00,2,green,2
1669638122196,"49 km SW of Cantwell, Alaska",reviewed,0,19,earthquake,1.1, Alaska,-149.6019,63.0635,75.7,2022-11-28 12:22:02.196000+00:00,0,red,0
1646492739450,"7km WNW of The Geysers, CA",reviewed,0,14,earthquake,0.97,California,-122.8291667,38.8115,1.64,2022-03-05 15:05:39.450000+00:00,1,blue,1
1656994702512,"149 km SE of Atka, Alaska",reviewed,0,81,earthquake,2.3, Alaska,-172.8981,51.1252,7.2,2022-07-05 04:18:22.512000+00:00,0,red,0
1652973021990,"3km ESE of Anza, CA",reviewed,0,0,earthquake,0.14,California,-116.6435,33.543,11.23,2022-05-19 15:10:21.990000+00:00,1,blue,1
1674666138130,"3km W of Cobb, CA",reviewed,0,4,earthquake,0.48,California,-122.7625,38.823,2.53,2023-01-25 17:02:18.130000+00:00,1,blue,1
1675874469620,"8km W of Cobb, CA",automatic,0,7,earthquake,0.68,California,-122.8170013,38.8359985,1.52,2023-02-08 16:41:09.620000+00:00,1,blue,1
1689122748210,"15 km E of Hebgen Lake Estates, Montana",reviewed,0,8,earthquake,0.71, Montana,-110.992,44.7938333,6.23,2023-07-12 00:45:48.210000+00:00,1,blue,1
1676434930653,"258 km WNW of Houma, Tonga",reviewed,0,326,earthquake,4.6, Tonga,-177.419,-19.9534,582.728,2023-02-15 04:22:10.653000+00:00,2,pink,3
1674113914635,"159 km NW of Tobelo, Indonesia",reviewed,0,312,earthquake,4.5, Indonesia,127.012,2.7637,51.964,2023-01-19 07:38:34.635000+00:00,2,green,2
1678326230380,"102 km W of Adak, Alaska",reviewed,0,46,earthquake,1.72, Alaska,-178.120333333333,51.872,4.73,2023-03-09 01:43:50.380000+00:00,0,red,0
1678059431420,"Nicobar Islands, India region",reviewed,0,400,earthquake,5.1, India region,91.7592,7.6244,10.0,2023-03-05 23:37:11.420000+00:00,2,green,2
1643936070529,"69 km W of Nanwalek, Alaska",reviewed,0,44,earthquake,1.7, Alaska,-153.1388,59.3955,86.1,2022-02-04 00:54:30.529000+00:00,0,red,0
1689111867102,"3 km SSE of Lima, Montana",reviewed,0,168,earthquake,3.3, Montana,-112.5676,44.6088,9.064,2023-07-11 21:44:27.102000+00:00,0,red,0
1683029281266,"100 km W of Akhiok, Alaska",reviewed,0,74,earthquake,2.2, Alaska,-155.8199,56.861,56.2,2023-05-02 12:08:01.266000+00:00,0,red,0
1646920872491,"54 km S of Whites City, New Mexico",reviewed,0,68,earthquake,2.1, New Mexico,-104.4138227,31.6831545,6.157275391,2022-03-10 14:01:12.491000+00:00,0,red,0
1676560437256,"61 km WNW of Happy Valley, Alaska",reviewed,0,44,earthquake,1.7, Alaska,-152.8049,60.077,111.2,2023-02-16 15:13:57.256000+00:00,0,red,0
1653813806170,"2km SSW of Anderson Springs, CA",reviewed,0,28,earthquake,1.36,California,-122.7016667,38.7556667,2.78,2022-05-29 08:43:26.170000+00:00,1,blue,1
1667002187791,"66 km WSW of Santiago, Peru",reviewed,0,518,earthquake,5.8, Peru,-76.2261,-14.5133,15.0,2022-10-29 00:09:47.791000+00:00,2,green,2
1659164485632,"145 km ESE of Gorontalo, Indonesia",reviewed,0,298,earthquake,4.4, Indonesia,124.231,-0.0537,85.969,2022-07-30 07:01:25.632000+00:00,2,green,2
1645987507024,"214 km SSW of Adak, Alaska",reviewed,0,138,earthquake,3.0, Alaska,-177.9484,50.1359,10.0,2022-02-27 18:45:07.024000+00:00,0,red,0
1661513187814,"49 km S of Port Graham, Alaska",reviewed,0,189,earthquake,3.5, Alaska,-151.6714,58.9105,47.9,2022-08-26 11:26:27.814000+00:00,2,green,2
1664544158917,"Tarapaca, Chile",reviewed,0,130,earthquake,2.9, Chile,-69.9954,-20.0335,51.035,2022-09-30 13:22:38.917000+00:00,0,red,0
1650636917240,"11km NE of Coso Junction, CA",reviewed,0,19,earthquake,1.11,California,-117.8498333,36.1015,2.94,2022-04-22 14:15:17.240000+00:00,1,blue,1
1650943664990,"57 km S of Whites City, New Mexico",reviewed,0,74,earthquake,2.2, New Mexico,-104.3640804,31.65865583,7.082763671999999,2022-04-26 03:27:44.990000+00:00,0,red,0
1686177763930,"23 km SSE of Nikolski, Alaska",reviewed,0,121,earthquake,2.8, Alaska,-168.712,52.7525,76.457,2023-06-07 22:42:43.930000+00:00,0,red,0
1682892661330,"6km WNW of Cobb, CA",automatic,0,1,earthquake,0.3,California,-122.7828369,38.838501,1.56,2023-04-30 22:11:01.330000+00:00,1,blue,1
1688792457492,Nevada,reviewed,0,0,earthquake,0.1,Nevada,-116.7026,37.4594,11.0,2023-07-08 05:00:57.492000+00:00,1,blue,1
1678143968310,"5 km N of Velma, Oklahoma",reviewed,0,68,earthquake,2.11, Oklahoma,-97.67466667,34.5135,7.0,2023-03-06 23:06:08.310000+00:00,0,red,0
1669312010719,"59 km NNE of Chase, Alaska",reviewed,0,26,earthquake,1.3, Alaska,-149.5014,62.9053,70.8,2022-11-24 17:46:50.719000+00:00,0,red,0
1673657493437,"96 km SE of Ugashik, Alaska",reviewed,0,50,earthquake,1.8, Alaska,-156.4853,56.8062,58.2,2023-01-14 00:51:33.437000+00:00,0,red,0
1677655129240,"7km NW of The Geysers, CA",automatic,0,2,earthquake,0.38,California,-122.8105011,38.8238335,2.0,2023-03-01 07:18:49.240000+00:00,1,blue,1
1657088635726,"Andreanof Islands, Aleutian Islands, Alaska",reviewed,0,56,earthquake,1.9, Aleutian Islands,-173.7496,51.8687,18.5,2022-07-06 06:23:55.726000+00:00,0,red,0
1648010128859,"143 km WNW of Naha, Japan",reviewed,0,312,earthquake,4.5, Japan,126.3118,26.6158,10.0,2022-03-23 04:35:28.859000+00:00,2,green,2
1671539622540,"16km WSW of Ferndale, CA",reviewed,0,50,earthquake,1.8,California,-124.4321667,40.5135,18.76,2022-12-20 12:33:42.540000+00:00,0,red,0
1683508985700,"7km NW of The Geysers, CA",reviewed,0,2,earthquake,0.4,California,-122.8151667,38.8255,2.06,2023-05-08 01:23:05.700000+00:00,1,blue,1
1679252448382,"28 km WNW of Petersville, Alaska",reviewed,0,30,earthquake,1.4, Alaska,-151.2418,62.6204,80.4,2023-03-19 19:00:48.382000+00:00,0,red,0
1652264012690,"7 km ENE of P?hala, Hawaii",automatic,0,81,earthquake,2.3, Hawaii,-155.413330078125,19.2221660614014,32.2200012207031,2022-05-11 10:13:32.690000+00:00,0,red,0
1684122365129,"22 km SSE of Central, Alaska",reviewed,0,22,earthquake,1.2, Alaska,-144.6965,65.3722,10.7,2023-05-15 03:46:05.129000+00:00,1,blue,1
1660146640270,"11km NNW of Borrego Springs, CA",reviewed,0,11,earthquake,0.84,California,-116.4075,33.35,13.34,2022-08-10 15:50:40.270000+00:00,1,blue,1
1642181737250,"5 km SSW of P?hala, Hawaii",automatic,0,58,earthquake,1.94000006, Hawaii,-155.494171142578,19.1571674346924,34.9000015258789,2022-01-14 17:35:37.250000+00:00,0,red,0
1647559285152,"68 km W of Tyonek, Alaska",reviewed,0,35,earthquake,1.5, Alaska,-152.4029,61.0812,115.7,2022-03-17 23:21:25.152000+00:00,0,red,0
1647930297065,"33 km W of Aleneva, Alaska",reviewed,0,35,earthquake,1.5, Alaska,-153.4776,58.0721,52.8,2022-03-22 06:24:57.065000+00:00,0,red,0
1661084392813,"9 km NW of Susitna North, Alaska",reviewed,0,15,earthquake,1.0, Alaska,-149.9966,62.2104,19.4,2022-08-21 12:19:52.813000+00:00,1,blue,1
1674947868239,Southern Alaska,reviewed,0,35,earthquake,1.5,Southern Alaska,-153.0248,59.4314,71.1,2023-01-28 23:17:48.239000+00:00,0,red,0
1646717176109,"13 km NE of Susitna North, Alaska",reviewed,0,26,earthquake,1.3, Alaska,-149.646,62.2359,55.6,2022-03-08 05:26:16.109000+00:00,0,red,0
1688295986940,"Island of Hawaii, Hawaii",reviewed,0,67,earthquake,2.08, Hawaii,-155.589333333333,19.4415,39.75,2023-07-02 11:06:26.940000+00:00,0,red,0
1645960240469,"6 km NW of Medford, Oklahoma",reviewed,0,37,earthquake,1.56, Oklahoma,-97.78716667,36.84983333,6.48,2022-02-27 11:10:40.469000+00:00,1,blue,1
1655908466951,"18 km ENE of Susitna North, Alaska",reviewed,0,19,earthquake,1.1, Alaska,-149.5314,62.2407,59.7,2022-06-22 14:34:26.951000+00:00,1,blue,1
1654065164025,south of the Kermadec Islands,reviewed,0,312,earthquake,4.5,south of the Kermadec Islands,-178.917,-33.0634,35.0,2022-06-01 06:32:44.025000+00:00,2,green,2
1646666613490,"11 km E of P?hala, Hawaii",reviewed,0,66,earthquake,2.07, Hawaii,-155.369171142578,19.2236671447754,30.6000003814697,2022-03-07 15:23:33.490000+00:00,0,red,0
1673472082090,"6 km ENE of La Romana, Dominican Republic",reviewed,0,247,earthquake,4.01, Dominican Republic,-68.9225,18.4535,112.0,2023-01-11 21:21:22.090000+00:00,2,green,2
1665219141779,"21 km NNE of Fishhook, Alaska",reviewed,0,22,earthquake,1.2, Alaska,-149.0855,61.9215,19.7,2022-10-08 08:52:21.779000+00:00,1,blue,1
1655004865500,"5 km WSW of Guánica, Puerto Rico",reviewed,0,40,earthquake,1.62, Puerto Rico,-66.9595,17.9516666666667,8.58,2022-06-12 03:34:25.500000+00:00,1,blue,1
1649145934920,"2km N of Redway, CA",reviewed,0,98,earthquake,2.52,California,-123.8226667,40.1378333,22.9,2022-04-05 08:05:34.920000+00:00,0,red,0
1687304866260,"57 km W of Happy Valley, Alaska",reviewed,0,97,earthquake,2.5, Alaska,-152.7499,60.0035,105.9,2023-06-20 23:47:46.260000+00:00,0,red,0
1661689309740,"17km NNE of Borrego Springs, CA",reviewed,0,2,earthquake,0.33,California,-116.2808333,33.384,11.31,2022-08-28 12:21:49.740000+00:00,1,blue,1
1682188190130,"6km E of Palmdale, CA",reviewed,0,7,earthquake,0.67,California,-118.0326667,34.5803333,10.28,2023-04-22 18:29:50.130000+00:00,1,blue,1
1642123009780,"6km N of Little Lake, CA",reviewed,0,9,earthquake,0.76,California,-117.9191667,35.9883333,4.56,2022-01-14 01:16:49.780000+00:00,1,blue,1
1644432305154,"121 km SSE of Nikolski, Alaska",reviewed,0,138,earthquake,3.0, Alaska,-167.8958,52.0248,10.0,2022-02-09 18:45:05.154000+00:00,0,red,0
1656387827510,"138 km WSW of Adak, Alaska",reviewed,0,26,earthquake,1.3, Alaska,-178.6037,51.6446,29.7,2022-06-28 03:43:47.510000+00:00,1,blue,1
1662167692140,"18km NW of Parkfield, CA",reviewed,0,5,earthquake,0.55,California,-120.5716667,36.0085,4.16,2022-09-03 01:14:52.140000+00:00,1,blue,1
1681361125580,"8km W of Cobb, CA",automatic,0,6,earthquake,0.64,California,-122.8088303,38.8339996,2.3,2023-04-13 04:45:25.580000+00:00,1,blue,1
1678441657160,"8km NW of The Geysers, CA",automatic,0,10,earthquake,0.81,California,-122.8253326,38.8181648,1.9,2023-03-10 09:47:37.160000+00:00,1,blue,1
1652442807760,"23 km SW of Walker Lake, Nevada",reviewed,0,22,earthquake,1.2, Nevada,-118.944,38.4941,9.4,2022-05-13 11:53:27.760000+00:00,1,blue,1
1679294198860,"0 km ENE of Lakeland South, Washington",reviewed,0,4,earthquake,0.54, Washington,-122.2725,47.281,4.6,2023-03-20 06:36:38.860000+00:00,1,blue,1
1673420369322,"27 km S of Perryville, Alaska",reviewed,0,56,earthquake,1.9, Alaska,-159.1254,55.6611,51.0,2023-01-11 06:59:29.322000+00:00,0,red,0
1644528967750,"68 km NE of Nikolski, Alaska",reviewed,0,16,earthquake,1.01, Alaska,-168.157666666667,53.3915,2.73,2022-02-10 21:36:07.750000+00:00,1,blue,1
1685438483650,"19km ESE of Anza, CA",reviewed,0,1,earthquake,0.21,California,-116.497,33.4738333,11.67,2023-05-30 09:21:23.650000+00:00,1,blue,1
1641684688640,"4 km ENE of P?hala, Hawaii",automatic,0,80,earthquake,2.27999997, Hawaii,-155.440170288086,19.2178325653076,34.0299987792969,2022-01-08 23:31:28.640000+00:00,0,red,0
1645617574440,"5 km SW of Fuig, Puerto Rico",reviewed,0,69,earthquake,2.12, Puerto Rico,-66.9553333333333,17.962,8.65,2022-02-23 11:59:34.440000+00:00,0,red,0
1677359069180,"2km ESE of The Geysers, CA",reviewed,0,1,earthquake,0.23,California,-122.7395,38.7705,0.41,2023-02-25 21:04:29.180000+00:00,1,blue,1
1688021809770,"57km WSW of Rosarito, B.C., MX",reviewed,0,76,earthquake,2.22, B.C.,-117.5566667,32.0686667,26.82,2023-06-29 06:56:49.770000+00:00,0,red,0
1680174932067,"42 km ENE of Susitna North, Alaska",reviewed,0,22,earthquake,1.2, Alaska,-149.1377,62.3521,0.1,2023-03-30 11:15:32.067000+00:00,1,blue,1
1661736810512,"60 km SSE of Adak, Alaska",reviewed,0,44,earthquake,1.7, Alaska,-176.4372,51.3475,4.8,2022-08-29 01:33:30.512000+00:00,1,blue,1
1682154253740,"28 km ENE of Beluga, Alaska",reviewed,0,45,earthquake,1.7, Alaska,-150.6265,61.2782,45.1,2023-04-22 09:04:13.740000+00:00,0,red,0
1669320488905,"9 km SW of Healy, Alaska",reviewed,0,30,earthquake,1.4, Alaska,-149.0841,63.7891,7.8,2022-11-24 20:08:08.905000+00:00,1,blue,1
1672325591028,"60 km WNW of Petersville, Alaska",reviewed,0,35,earthquake,1.5, Alaska,-151.8509,62.7163,8.2,2022-12-29 14:53:11.028000+00:00,1,blue,1
1650596930219,"20 km W of Sitka, Alaska",reviewed,0,39,earthquake,1.6, Alaska,-135.6568,57.0833,7.1,2022-04-22 03:08:50.219000+00:00,1,blue,1
1677978040560,Puerto Rico region,reviewed,0,94,earthquake,2.47,Puerto Rico region,-67.0053333333333,17.9826666666667,10.42,2023-03-05 01:00:40.560000+00:00,0,red,0
1686009212990,"3km SE of The Geysers, CA",reviewed,0,1,earthquake,0.26,California,-122.727,38.7568333,1.98,2023-06-05 23:53:32.990000+00:00,1,blue,1
1660598194946,"51 km WSW of Nanwalek, Alaska",reviewed,0,19,earthquake,1.1, Alaska,-152.7812,59.2191,87.4,2022-08-15 21:16:34.946000+00:00,0,red,0
1662782528019,"74 km N of Chickaloon, Alaska",reviewed,0,39,earthquake,1.6, Alaska,-148.4232,62.4616,34.9,2022-09-10 04:02:08.019000+00:00,0,red,0
1675971491190,"37 km E of Port Heiden, Alaska",reviewed,0,1,earthquake,0.2, Alaska,-158.014666666667,56.9116666666667,1.95,2023-02-09 19:38:11.190000+00:00,1,blue,1
1648599870308,"6 km SE of Talkeetna, Alaska",reviewed,0,19,earthquake,1.1, Alaska,-150.0236,62.2845,0.2,2022-03-30 00:24:30.308000+00:00,1,blue,1
1643738928740,"22 km ENE of Ashford, Washington",reviewed,0,1,earthquake,0.31, Washington,-121.76183333333331,46.847,0.99,2022-02-01 18:08:48.740000+00:00,1,blue,1
1668905078752,"81 km NW of Yakutat, Alaska",reviewed,0,30,earthquake,1.4, Alaska,-140.6924,60.0895,13.6,2022-11-20 00:44:38.752000+00:00,1,blue,1
1679493465171,"40 km NNW of Beluga, Alaska",reviewed,0,44,earthquake,1.7, Alaska,-151.4839,61.4465,74.5,2023-03-22 13:57:45.171000+00:00,0,red,0
1653712270284,"27 km SSE of False Pass, Alaska",reviewed,0,39,earthquake,1.6, Alaska,-163.3278,54.6139,13.2,2022-05-28 04:31:10.284000+00:00,1,blue,1
1646786723702,"70 km WNW of Happy Valley, Alaska",reviewed,0,30,earthquake,1.4, Alaska,-152.9278,60.1623,113.8,2022-03-09 00:45:23.702000+00:00,0,red,0
1673427269539,"84 km NNW of Aleneva, Alaska",reviewed,0,39,earthquake,1.6, Alaska,-153.6747,58.7065,5.5,2023-01-11 08:54:29.539000+00:00,1,blue,1
1684408843582,Solomon Islands,reviewed,0,284,earthquake,4.3,Solomon Islands,161.1611,-10.2354,102.313,2023-05-18 11:20:43.582000+00:00,2,green,2
1674073448566,"16 km S of Susitna, Alaska",reviewed,0,22,earthquake,1.2, Alaska,-150.5084,61.3924,11.6,2023-01-18 20:24:08.566000+00:00,1,blue,1
1662798669090,"7km W of Cobb, CA",automatic,0,8,earthquake,0.73,California,-122.8011703,38.8328323,1.45,2022-09-10 08:31:09.090000+00:00,1,blue,1
1650288666660,"17km W of Searles Valley, CA",reviewed,0,21,earthquake,1.18,California,-117.596,35.7758333,7.53,2022-04-18 13:31:06.660000+00:00,1,blue,1
1655290045988,"26 km SW of Mina, Nevada",reviewed,0,15,earthquake,1.0, Nevada,-118.3565,38.2547,9.1,2022-06-15 10:47:25.988000+00:00,1,blue,1
1664316261180,"5 km SW of Des Moines, Washington",reviewed,0,52,earthquake,1.84, Washington,-122.38066666666668,47.3725,20.26,2022-09-27 22:04:21.180000+00:00,0,red,0
1656750779501,"190 km NE of Neiafu, Tonga",reviewed,0,340,earthquake,4.7, Tonga,-172.5547,-17.6044,10.0,2022-07-02 08:32:59.501000+00:00,2,green,2
1671783064620,"5 km WSW of Guánica, Puerto Rico",reviewed,0,82,earthquake,2.31, Puerto Rico,-66.9531666666667,17.9498333333333,11.29,2022-12-23 08:11:04.620000+00:00,0,red,0
1685297676550,"13km N of Borrego Springs, CA",reviewed,0,10,earthquake,0.81,California,-116.388,33.373,11.69,2023-05-28 18:14:36.550000+00:00,1,blue,1
1688148795590,"8km NW of The Geysers, CA",reviewed,0,2,earthquake,0.33,California,-122.8153333,38.8321667,1.11,2023-06-30 18:13:15.590000+00:00,1,blue,1
1644948970910,"10km WNW of The Geysers, CA",automatic,0,21,earthquake,1.18,California,-122.8523331,38.8263321,2.14,2022-02-15 18:16:10.910000+00:00,1,blue,1
1682168062962,"103 km SSW of Unalaska, Alaska",reviewed,0,39,earthquake,1.6, Alaska,-167.0011,52.9838,6.8,2023-04-22 12:54:22.962000+00:00,1,blue,1
1670522185276,"41 km E of Chase, Alaska",reviewed,0,15,earthquake,1.0, Alaska,-149.3116,62.4914,4.2,2022-12-08 17:56:25.276000+00:00,1,blue,1
1664567390035,"104 km SE of Ugashik, Alaska",reviewed,0,35,earthquake,1.5, Alaska,-155.9916,56.9676,10.0,2022-09-30 19:49:50.035000+00:00,1,blue,1
1653780131330,"7km SSW of Searles Valley, CA",reviewed,0,14,earthquake,0.97,California,-117.4378333,35.7121667,3.83,2022-05-28 23:22:11.330000+00:00,1,blue,1
1663893462180,"7km W of Cobb, CA",automatic,0,13,earthquake,0.93,California,-122.8008347,38.8328323,2.15,2022-09-23 00:37:42.180000+00:00,1,blue,1
1674927269934,"31 km SE of Mina, Nevada",reviewed,0,35,earthquake,1.5, Nevada,-117.8669,38.1781,10.5,2023-01-28 17:34:29.934000+00:00,1,blue,1
1649454962870,"42 km NE of Alta, Wyoming",reviewed,0,14,earthquake,0.96, Wyoming,-110.6728333,44.0331667,6.9,2022-04-08 21:56:02.870000+00:00,1,blue,1
1665775734397,"71 km S of Perryville, Alaska",reviewed,0,56,earthquake,1.9, Alaska,-159.0137,55.2701,14.7,2022-10-14 19:28:54.397000+00:00,0,red,0
1666717489560,"77 km W of Adak, Alaska",reviewed,0,104,earthquake,2.6, Alaska,-177.7532,51.8228,6.443,2022-10-25 17:04:49.560000+00:00,0,red,0
1663373219391,"Kermadec Islands, New Zealand",reviewed,0,385,earthquake,5.0, New Zealand,-177.9025,-30.056,35.0,2022-09-17 00:06:59.391000+00:00,2,green,2
1641504834068,"39 km WNW of Central, Alaska",reviewed,0,15,earthquake,1.0, Alaska,-145.6066,65.6998,6.5,2022-01-06 21:33:54.068000+00:00,1,blue,1
1655576253097,"94 km NW of Yakutat, Alaska",reviewed,0,19,earthquake,1.1, Alaska,-140.6827,60.2441,16.7,2022-06-18 18:17:33.097000+00:00,1,blue,1
1684504393700,Alaska Peninsula,reviewed,0,0,earthquake,0.09,Alaska Peninsula,-155.1405,58.2468333333333,2.86,2023-05-19 13:53:13.700000+00:00,1,blue,1
1651316044590,"8km NE of Julian, CA",reviewed,0,2,earthquake,0.38,California,-116.549,33.141,16.72,2022-04-30 10:54:04.590000+00:00,1,blue,1
1677345777370,"94 km W of Adak, Alaska",reviewed,0,23,earthquake,1.23, Alaska,-178.0025,51.8605,3.81,2023-02-25 17:22:57.370000+00:00,1,blue,1
1672356408519,"60 km ENE of Pedro Bay, Alaska",reviewed,0,56,earthquake,1.9, Alaska,-153.0841,59.9519,115.2,2022-12-29 23:26:48.519000+00:00,0,red,0
1677832075990,"91 km W of Adak, Alaska",reviewed,0,12,earthquake,0.88, Alaska,-177.965166666667,51.8633333333333,6.33,2023-03-03 08:27:55.990000+00:00,1,blue,1
1660694580810,"17km ESE of Anza, CA",reviewed,0,7,earthquake,0.67,California,-116.514,33.4853333,14.28,2022-08-17 00:03:00.810000+00:00,1,blue,1
1663684281000,"7km SSW of Kelseyville, CA",reviewed,0,6,earthquake,0.63,California,-122.8603333,38.9208333,4.19,2022-09-20 14:31:21+00:00,1,blue,1
1658963178870,"4km ENE of Pinnacles, CA",reviewed,0,19,earthquake,1.1,California,-121.1053333,36.5516667,8.32,2022-07-27 23:06:18.870000+00:00,1,blue,1
1664928335410,"64 km E of Chase, Alaska",reviewed,0,39,earthquake,1.6, Alaska,-148.8757,62.5448,52.6,2022-10-05 00:05:35.410000+00:00,0,red,0
1642010875610,"5 km SW of Volcano, Hawaii",reviewed,0,35,earthquake,1.51, Hawaii,-155.269666666667,19.4083333333333,10.58,2022-01-12 18:07:55.610000+00:00,1,blue,1
1681078083030,"13 km ESE of P?hala, Hawaii",automatic,0,67,earthquake,2.08999991, Hawaii,-155.362335205078,19.1544990539551,30.7900009155273,2023-04-09 22:08:03.030000+00:00,0,red,0
1684428315280,"11 km ENE of Pāhala, Hawaii",automatic,0,51,earthquake,1.82000005, Hawaii,-155.375,19.2234992980957,30.5,2023-05-18 16:45:15.280000+00:00,0,red,0
1674274591550,"9km W of Toms Place, CA",reviewed,0,2,earthquake,0.35,California,-118.784,37.5728333,5.83,2023-01-21 04:16:31.550000+00:00,1,blue,1
1688345612676,Northern California,reviewed,0,10,earthquake,0.8,Northern California,-120.7262,39.8544,14.6,2023-07-03 00:53:32.676000+00:00,1,blue,1
1662306965237,south of the Fiji Islands,reviewed,0,298,earthquake,4.4,south of the Fiji Islands,-179.966,-23.4074,528.013,2022-09-04 15:56:05.237000+00:00,2,pink,3
1663890989250,"Island of Hawaii, Hawaii",reviewed,0,81,earthquake,2.29, Hawaii,-155.249,19.3173333333333,4.18,2022-09-22 23:56:29.250000+00:00,0,red,0
1641987186150,"4 km SW of Volcano, Hawaii",reviewed,0,39,earthquake,1.59, Hawaii,-155.269166666667,19.4191666666667,12.27,2022-01-12 11:33:06.150000+00:00,1,blue,1
1646146093200,"7 km S of Guánica, Puerto Rico",reviewed,0,74,earthquake,2.19, Puerto Rico,-66.8973333333333,17.9078333333333,12.45,2022-03-01 14:48:13.200000+00:00,0,red,0
1641517004590,"3km WNW of Anderson Springs, CA",reviewed,0,0,earthquake,0.18,California,-122.7213333,38.781,2.23,2022-01-07 00:56:44.590000+00:00,1,blue,1
1684318921542,"64 km WNW of Petersville, Alaska",reviewed,0,15,earthquake,1.0, Alaska,-151.9027,62.7382,10.1,2023-05-17 10:22:01.542000+00:00,1,blue,1
1682748775380,"12km ENE of Little Lake, CA",reviewed,0,19,earthquake,1.11,California,-117.7806667,35.9731667,8.78,2023-04-29 06:12:55.380000+00:00,1,blue,1
1647240419632,"112 km N of Thang, India",reviewed,0,271,earthquake,4.2, India,76.8204,35.9455,10.0,2022-03-14 06:46:59.632000+00:00,2,green,2
1680115750335,"43 km NW of Tamarindo, Costa Rica",reviewed,0,312,earthquake,4.5, Costa Rica,-86.1048,10.5971,32.773,2023-03-29 18:49:10.335000+00:00,2,green,2
1677372430481,"66 km NNE of Petersville, Alaska",reviewed,0,50,earthquake,1.8, Alaska,-150.3733,63.0631,100.8,2023-02-26 00:47:10.481000+00:00,0,red,0
1642426460000,"20km W of Searles Valley, CA",reviewed,0,9,earthquake,0.78,California,-117.6176667,35.7988333,7.84,2022-01-17 13:34:20+00:00,1,blue,1
1657941929550,"46 km SSE of Nelchina, Alaska",reviewed,0,15,earthquake,1.0, Alaska,-146.3726,61.6191,34.3,2022-07-16 03:25:29.550000+00:00,1,blue,1
1675800164275,"46 km WNW of Happy Valley, Alaska",reviewed,0,39,earthquake,1.6, Alaska,-152.539,60.0336,88.6,2023-02-07 20:02:44.275000+00:00,0,red,0
1683110026053,"95 km W of Murghob, Tajikistan",reviewed,0,246,earthquake,4.0, Tajikistan,72.8969,38.3274,62.131,2023-05-03 10:33:46.053000+00:00,2,green,2
1648193341223,"66 km NNE of Van Horn, Texas",reviewed,0,104,earthquake,2.6, Texas,-104.5582206,31.5929574,7.905419922,2022-03-25 07:29:01.223000+00:00,0,red,0
1684795819130,"9 km ENE of Pāhala, Hawaii",automatic,0,61,earthquake,1.99, Hawaii,-155.391830444336,19.2385005950928,30.6299991607666,2023-05-22 22:50:19.130000+00:00,0,red,0
1679844383580,"10km SSW of Tres Pinos, CA",reviewed,0,45,earthquake,1.71,California,-121.3425,36.6995,4.36,2023-03-26 15:26:23.580000+00:00,0,red,0
1669004366355,"116 km ESE of Akutan, Alaska",reviewed,0,62,earthquake,2.0, Alaska,-164.0751,53.8369,25.6,2022-11-21 04:19:26.355000+00:00,0,red,0
1678377961830,"Andreanof Islands, Aleutian Islands, Alaska",reviewed,0,19,earthquake,1.11, Aleutian Islands,-178.116166666667,51.8725,4.87,2023-03-09 16:06:01.830000+00:00,1,blue,1
1687638373340,"2km N of The Geysers, CA",reviewed,0,4,earthquake,0.48,California,-122.7591667,38.7916667,1.54,2023-06-24 20:26:13.340000+00:00,1,blue,1
1686742969077,"Maug Islands region, Northern Mariana Islands",reviewed,0,271,earthquake,4.2, Northern Mariana Islands,145.3375,19.4517,139.508,2023-06-14 11:42:49.077000+00:00,2,green,2
1658237295677,"76 km SSE of Akutan, Alaska",reviewed,0,44,earthquake,1.7, Alaska,-165.3393,53.4945,19.2,2022-07-19 13:28:15.677000+00:00,0,red,0
1655725633890,"9km ENE of Pala, CA",reviewed,0,7,earthquake,0.68,California,-116.9826667,33.3926667,13.81,2022-06-20 11:47:13.890000+00:00,1,blue,1
1662711291651,"107 km ESE of Akutan, Alaska",reviewed,0,112,earthquake,2.7, Alaska,-164.2381,53.8145,35.0,2022-09-09 08:14:51.651000+00:00,0,red,0
1679089723130,"8km WNW of Cobb, CA",reviewed,0,1,earthquake,0.31,California,-122.8075,38.8363333,1.87,2023-03-17 21:48:43.130000+00:00,1,blue,1
1667628511698,Alaska Peninsula,reviewed,0,138,earthquake,3.0,Alaska Peninsula,-160.0181,54.4326,10.0,2022-11-05 06:08:31.698000+00:00,0,red,0
1664007735110,"16 km WSW of Dutch Harbor, Alaska",reviewed,0,1,earthquake,0.31, Alaska,-166.789,53.855,7.43,2022-09-24 08:22:15.110000+00:00,1,blue,1
1671696388690,"15km SSW of Searles Valley, CA",reviewed,0,8,earthquake,0.72,California,-117.4555,35.6383333,6.72,2022-12-22 08:06:28.690000+00:00,1,blue,1
1644727270810,"10km ESE of Boonville, CA",reviewed,0,14,earthquake,0.95,California,-123.2606667,38.9631667,3.8,2022-02-13 04:41:10.810000+00:00,1,blue,1
1688809237776,"22 km ENE of Manley Hot Springs, Alaska",reviewed,0,15,earthquake,1.0, Alaska,-150.1797,65.073,13.0,2023-07-08 09:40:37.776000+00:00,1,blue,1
1672699487210,"6 km W of Fuig, Puerto Rico",reviewed,0,24,earthquake,1.26, Puerto Rico,-66.9745,17.9816666666667,12.31,2023-01-02 22:44:47.210000+00:00,1,blue,1
1673136069341,"58 km W of Salamatof, Alaska",reviewed,0,30,earthquake,1.4, Alaska,-152.3779,60.5651,87.4,2023-01-08 00:01:09.341000+00:00,0,red,0
1684479727284,southeast of the Loyalty Islands,reviewed,0,385,earthquake,5.0,southeast of the Loyalty Islands,170.9954,-23.2025,10.0,2023-05-19 07:02:07.284000+00:00,2,green,2
1681605882039,"9 km NNW of El Reno, Oklahoma",reviewed,0,27,earthquake,1.33, Oklahoma,-97.982,35.61666667,6.98,2023-04-16 00:44:42.039000+00:00,1,blue,1
1686210456476,"46 km NW of Toyah, Texas",reviewed,0,62,earthquake,2.0, Texas,-104.1751356,31.57329088,4.923291016,2023-06-08 07:47:36.476000+00:00,0,red,0
1659874388605,"12 km SSE of Adak, Alaska",reviewed,0,44,earthquake,1.7, Alaska,-176.5481,51.7787,192.0,2022-08-07 12:13:08.605000+00:00,0,red,0
1684570851820,"5km NW of Palomar Observatory, CA",reviewed,0,121,earthquake,2.61,California,-116.904,33.3818333,13.44,2023-05-20 08:20:51.820000+00:00,0,red,0
1680966227770,"2 km SE of Maria Antonia, Puerto Rico",reviewed,0,82,earthquake,2.31, Puerto Rico,-66.8721666666667,17.9636666666667,17.96,2023-04-08 15:03:47.770000+00:00,0,red,0
1668100929584,"53 km NW of Koyukuk, Alaska",reviewed,0,26,earthquake,1.3, Alaska,-158.466,65.2359,10.5,2022-11-10 17:22:09.584000+00:00,1,blue,1
1682882472025,"8 km S of Port Graham, Alaska",reviewed,0,56,earthquake,1.9, Alaska,-151.8294,59.2714,42.9,2023-04-30 19:21:12.025000+00:00,0,red,0
1674158974550,"5km SSE of San Juan Bautista, CA",reviewed,0,94,earthquake,2.47,California,-121.5186667,36.8016667,4.17,2023-01-19 20:09:34.550000+00:00,0,red,0
1684134656684,"52 km W of Abra Pampa, Argentina",reviewed,0,259,earthquake,4.1, Argentina,-66.2059,-22.7757,271.466,2023-05-15 07:10:56.684000+00:00,2,green,2
1664065302900,"46 km SSW of Tonsina, Alaska",reviewed,0,30,earthquake,1.4, Alaska,-145.3689,61.2522,17.7,2022-09-25 00:21:42.900000+00:00,1,blue,1
1686007324780,Southern Alaska,reviewed,0,6,earthquake,0.65,Southern Alaska,-153.079333333333,60.0451666666667,2.07,2023-06-05 23:22:04.780000+00:00,1,blue,1
1678810408768,"47 km SW of Tatitlek, Alaska",reviewed,0,35,earthquake,1.5, Alaska,-147.3554,60.5948,14.1,2023-03-14 16:13:28.768000+00:00,1,blue,1
1680157965950,"3km WNW of Walker, CA",reviewed,0,100,earthquake,2.55,California,-119.5173333,38.523,5.4,2023-03-30 06:32:45.950000+00:00,0,red,0
1653555641390,"6km WNW of Mountain View Acres, CA",reviewed,0,21,earthquake,1.17,California,-117.4165,34.5111667,10.02,2022-05-26 09:00:41.390000+00:00,1,blue,1
1669824194936,Central Alaska,reviewed,0,12,earthquake,0.9,Central Alaska,-149.8408,63.9626,8.6,2022-11-30 16:03:14.936000+00:00,1,blue,1
1649511439231,"66 km W of Petersville, Alaska",reviewed,0,19,earthquake,1.1, Alaska,-152.0371,62.6121,3.0,2022-04-09 13:37:19.231000+00:00,1,blue,1
1671997141110,"59 km SE of Sand Point, Alaska",reviewed,0,68,earthquake,2.1, Alaska,-159.9364,54.908,21.0,2022-12-25 19:39:01.110000+00:00,0,red,0
1655887437256,"91 km N of Lae, Papua New Guinea",reviewed,0,312,earthquake,4.5, Papua New Guinea,147.0361,-5.8978,83.11,2022-06-22 08:43:57.256000+00:00,2,green,2
1648820018440,"89 km W of Adak, Alaska",reviewed,0,0,earthquake,0.09, Alaska,-177.926833333333,51.8468333333333,1.32,2022-04-01 13:33:38.440000+00:00,1,blue,1
1648212702540,"6km S of Idyllwild, CA",reviewed,0,14,earthquake,0.94,California,-116.7113333,33.6893333,16.96,2022-03-25 12:51:42.540000+00:00,1,blue,1
1654387219961,"Rat Islands, Aleutian Islands, Alaska",reviewed,0,62,earthquake,2.0, Aleutian Islands,178.5366,51.8242,101.3,2022-06-05 00:00:19.961000+00:00,0,red,0
1642491036270,"19km ESE of Little Lake, CA",reviewed,0,20,earthquake,1.13,California,-117.7071667,35.8776667,10.89,2022-01-18 07:30:36.270000+00:00,1,blue,1
1677739463460,"24km SW of Ocotillo Wells, CA",reviewed,0,26,earthquake,1.29,California,-116.3465,33.021,11.2,2023-03-02 06:44:23.460000+00:00,1,blue,1
1657924886461,"29 km SSE of Mina, Nevada",reviewed,0,26,earthquake,1.3, Nevada,-117.9445,38.1582,12.3,2022-07-15 22:41:26.461000+00:00,1,blue,1
1644249669480,"18km E of Ridgecrest, CA",reviewed,0,68,earthquake,2.11,California,-117.4758333,35.6066667,10.67,2022-02-07 16:01:09.480000+00:00,0,red,0
1685461225115,"21 km E of Susitna North, Alaska",reviewed,0,19,earthquake,1.1, Alaska,-149.4432,62.1963,5.2,2023-05-30 15:40:25.115000+00:00,1,blue,1
1642227138216,"6 km WNW of Güiria, Venezuela",reviewed,0,259,earthquake,4.1, Venezuela,-62.3556,10.596,74.73,2022-01-15 06:12:18.216000+00:00,2,green,2
1655876243940,"10 km ENE of P?hala, Hawaii",automatic,0,53,earthquake,1.85000002, Hawaii,-155.392669677734,19.2438335418701,33.8499984741211,2022-06-22 05:37:23.940000+00:00,0,red,0
1673223798720,"9km N of Anza, CA",reviewed,0,2,earthquake,0.33,California,-116.6866667,33.6373333,13.23,2023-01-09 00:23:18.720000+00:00,1,blue,1
1685967570883,"70 km WSW of Nikolski, Alaska",reviewed,0,178,earthquake,3.4, Alaska,-169.7503,52.6,81.378,2023-06-05 12:19:30.883000+00:00,2,green,2
1651393966894,"30 km SSW of Hawthorne, Nevada",reviewed,0,26,earthquake,1.3, Nevada,-118.7241,38.2615,8.5,2022-05-01 08:32:46.894000+00:00,1,blue,1
1686327358760,"10km NW of The Geysers, CA",automatic,0,15,earthquake,0.99,California,-122.8531647,38.8291664,1.58,2023-06-09 16:15:58.760000+00:00,1,blue,1
1661818499130,"2 km S of P?hala, Hawaii",automatic,0,77,earthquake,2.23, Hawaii,-155.480163574219,19.1791667938232,32.75,2022-08-30 00:14:59.130000+00:00,0,red,0
1666637089760,"7km WNW of Cobb, CA",reviewed,0,32,earthquake,1.44,California,-122.8028333,38.8358333,2.33,2022-10-24 18:44:49.760000+00:00,1,blue,1
1651747051043,"79 km SE of Lukatan, Philippines",reviewed,0,400,earthquake,5.1, Philippines,126.9838,6.5556,53.07,2022-05-05 10:37:31.043000+00:00,2,green,2
1690154440110,"14km S of Big Bear City, CA",reviewed,0,11,earthquake,0.84,California,-116.8173333,34.1393333,5.42,2023-07-23 23:20:40.110000+00:00,1,blue,1
1659107112723,"79 km SE of Korsakov, Russia",reviewed,0,326,earthquake,4.6, Russia,143.5649,46.1662,337.382,2022-07-29 15:05:12.723000+00:00,2,pink,3
1671249334520,"2 km SSE of Cimarron City, Oklahoma",reviewed,0,19,earthquake,1.1, Oklahoma,-97.5935,35.87133333,7.87,2022-12-17 03:55:34.520000+00:00,1,blue,1
1672697394030,"4 km SW of Ridgely, Tennessee",reviewed,0,33,earthquake,1.46, Tennessee,-89.5221666666667,36.228,7.31,2023-01-02 22:09:54.030000+00:00,1,blue,1
1673286455037,"Pulau Pulau Tanimbar, Indonesia",reviewed,0,957,earthquake,7.6, Indonesia,130.009,-7.0586,104.95,2023-01-09 17:47:35.037000+00:00,2,green,2
1666705299760,"5km W of Cobb, CA",reviewed,0,1,earthquake,0.19,California,-122.7845,38.8251667,2.01,2022-10-25 13:41:39.760000+00:00,1,blue,1
1651153744030,"12km E of Coso Junction, CA",reviewed,0,10,earthquake,0.81,California,-117.8111667,36.0323333,2.02,2022-04-28 13:49:04.030000+00:00,1,blue,1
1667698816940,"1km E of The Geysers, CA",reviewed,0,0,earthquake,0.01,California,-122.7423333,38.7751667,2.11,2022-11-06 01:40:16.940000+00:00,1,blue,1
1673793991250,"17 km SSE of Carbonado, Washington",reviewed,0,9,earthquake,0.78, Washington,-121.92416666666666,46.94533333333333,12.35,2023-01-15 14:46:31.250000+00:00,1,blue,1
1648841840830,"8km W of Cobb, CA",automatic,0,11,earthquake,0.85,California,-122.8115005,38.8349991,2.0,2022-04-01 19:37:20.830000+00:00,1,blue,1
1690381198920,"6 km NW of The Geysers, CA",reviewed,0,3,earthquake,0.42,California,-122.8146667,38.8098333,3.02,2023-07-26 14:19:58.920000+00:00,1,blue,1
1654138231249,"36 km NNW of Toyah, Texas",reviewed,0,62,earthquake,2.0, Texas,-103.998839,31.59055595,7.288427734,2022-06-02 02:50:31.249000+00:00,0,red,0
1659942678540,"84 km NNW of Karluk, Alaska",reviewed,0,2,earthquake,0.39, Alaska,-155.1085,58.2438333333333,4.98,2022-08-08 07:11:18.540000+00:00,1,blue,1
1686023748430,"6km WNW of Cobb, CA",automatic,0,16,earthquake,1.03,California,-122.7881699,38.8346672,1.87,2023-06-06 03:55:48.430000+00:00,1,blue,1
1649633341770,"85 km SSW of Sand Point, Alaska",reviewed,0,68,earthquake,2.1, Alaska,-160.8972,54.6025,12.7,2022-04-10 23:29:01.770000+00:00,0,red,0
1663670263580,Wyoming,reviewed,0,4,earthquake,0.54,Wyoming,-110.795,44.7743333,4.52,2022-09-20 10:37:43.580000+00:00,1,blue,1
1683411749240,"86 km SW of Adak, Alaska",reviewed,0,112,earthquake,2.7, Alaska,-177.6173,51.4009,35.0,2023-05-06 22:22:29.240000+00:00,0,red,0
1648355187870,"56 km S of Denali National Park, Alaska",reviewed,0,10,earthquake,0.8, Alaska,-151.5203,63.0428,3.8,2022-03-27 04:26:27.870000+00:00,1,blue,1
1683286020480,"13 km NNW of Summit Park, Utah",reviewed,0,17,earthquake,1.05, Utah,-111.6928333,40.8461667,11.04,2023-05-05 11:27:00.480000+00:00,1,blue,1
1682315332180,south of the Fiji Islands,reviewed,0,284,earthquake,4.3,south of the Fiji Islands,-179.9136,-23.9702,531.726,2023-04-24 05:48:52.180000+00:00,2,pink,3
1648678970700,"6km NW of The Geysers, CA",reviewed,0,2,earthquake,0.35,California,-122.798,38.816,2.59,2022-03-30 22:22:50.700000+00:00,1,blue,1
1678893632880,Macquarie Island region,reviewed,0,246,earthquake,4.0,Macquarie Island region,159.8292,-53.2211,16.082,2023-03-15 15:20:32.880000+00:00,2,green,2
1673370724370,"87 km W of Adak, Alaska",reviewed,0,2,earthquake,0.38, Alaska,-177.907666666667,51.864,4.56,2023-01-10 17:12:04.370000+00:00,1,blue,1
1662031915550,"12km NNE of Borrego Springs, CA",reviewed,0,6,earthquake,0.64,California,-116.3301667,33.3526667,12.66,2022-09-01 11:31:55.550000+00:00,1,blue,1
1645928159530,"8 km S of Pole Ojea, Puerto Rico",reviewed,0,100,earthquake,2.55, Puerto Rico,-67.1736666666667,17.899,14.8,2022-02-27 02:15:59.530000+00:00,0,red,0
1641629802950,"104 km NNW of Yakutat, Alaska",reviewed,1,422,earthquake,5.2, Alaska,-140.5334,60.3899,37.78,2022-01-08 08:16:42.950000+00:00,2,green,2
1684343113470,"3km NW of The Geysers, CA",automatic,0,16,earthquake,1.03,California,-122.7791672,38.7949982,3.47,2023-05-17 17:05:13.470000+00:00,1,blue,1
1651138945040,"10km NW of The Geysers, CA",reviewed,0,23,earthquake,1.23,California,-122.8376667,38.84,1.11,2022-04-28 09:42:25.040000+00:00,1,blue,1
1673363314144,"17 km SE of Akutan, Alaska",reviewed,0,68,earthquake,2.1, Alaska,-165.5799,54.0243,103.6,2023-01-10 15:08:34.144000+00:00,0,red,0
1662047730846,"11 km NW of Walker Lake, Nevada",reviewed,0,8,earthquake,0.7, Nevada,-118.8502,38.7172,0.0,2022-09-01 15:55:30.846000+00:00,1,blue,1
1657751411997,Central Alaska,reviewed,0,35,earthquake,1.5,Central Alaska,-149.3209,63.8887,121.8,2022-07-13 22:30:11.997000+00:00,0,red,0
1654581791821,"27 km NNW of Pototano, Indonesia",reviewed,0,354,earthquake,4.8, Indonesia,117.3926,-8.1791,10.0,2022-06-07 06:03:11.821000+00:00,2,green,2
1675884394938,"92 km S of Kokhanok, Alaska",reviewed,0,12,earthquake,0.9, Alaska,-154.6419,58.6139,5.0,2023-02-08 19:26:34.938000+00:00,1,blue,1
1662737113355,"9 km S of Funny River, Alaska",reviewed,0,56,earthquake,1.9, Alaska,-150.7561,60.4135,56.2,2022-09-09 15:25:13.355000+00:00,0,red,0
1645025394920,"8km W of Cobb, CA",reviewed,0,6,earthquake,0.62,California,-122.8093333,38.8318333,2.5,2022-02-16 15:29:54.920000+00:00,1,blue,1
1647316947110,"49 km N of Valdez, Alaska",reviewed,0,30,earthquake,1.4, Alaska,-146.2174,61.5711,27.6,2022-03-15 04:02:27.110000+00:00,1,blue,1
1644047346880,"1km WNW of The Geysers, CA",automatic,0,6,earthquake,0.65,California,-122.7653351,38.7801666,0.95,2022-02-05 07:49:06.880000+00:00,1,blue,1
1654338601996,"62 km SE of Unalaska, Alaska",reviewed,0,26,earthquake,1.3, Alaska,-165.8274,53.5008,56.4,2022-06-04 10:30:01.996000+00:00,0,red,0
1673271528310,"14km SSE of Anza, CA",reviewed,0,1,earthquake,0.31,California,-116.637,33.429,6.66,2023-01-09 13:38:48.310000+00:00,1,blue,1
1660926959336,"80 km SE of Ishinomaki, Japan",reviewed,0,312,earthquake,4.5, Japan,141.8272,37.8178,57.487,2022-08-19 16:35:59.336000+00:00,2,green,2
1642341017760,"7km NNE of San Pasqual, CA",reviewed,0,14,earthquake,0.96,California,-116.915,33.1448333,14.34,2022-01-16 13:50:17.760000+00:00,1,blue,1
1651594694692,"237 km SE of Severo-Kuril’sk, Russia",reviewed,0,298,earthquake,4.4, Russia,158.3863,49.1135,10.0,2022-05-03 16:18:14.692000+00:00,2,green,2
1642823059379,"77 km WSW of Adak, Alaska",reviewed,0,44,earthquake,1.7, Alaska,-177.6217,51.5393,31.6,2022-01-22 03:44:19.379000+00:00,0,red,0
1667773794070,"10km NW of The Geysers, CA",reviewed,0,62,earthquake,2.0,California,-122.836,38.8388333,1.43,2022-11-06 22:29:54.070000+00:00,0,red,0
1672349508840,"8km NW of The Geysers, CA",automatic,0,10,earthquake,0.79,California,-122.8171692,38.831665,1.5,2022-12-29 21:31:48.840000+00:00,1,blue,1
1652498822788,"48 km NE of Adak, Alaska",reviewed,0,39,earthquake,1.6, Alaska,-176.2322,52.2274,136.1,2022-05-14 03:27:02.788000+00:00,0,red,0
1647409729971,South Sandwich Islands region,reviewed,0,298,earthquake,4.4,South Sandwich Islands region,-25.1801,-58.6215,10.0,2022-03-16 05:48:49.971000+00:00,2,green,2
1686767257580,"2km NE of Pinnacles, CA",reviewed,0,41,earthquake,1.63,California,-121.1298333,36.5421667,3.67,2023-06-14 18:27:37.580000+00:00,1,blue,1
1683240059700,"23 km SSW of Mammoth, Wyoming",reviewed,0,43,earthquake,1.68, Wyoming,-110.8425,44.7948333,4.68,2023-05-04 22:40:59.700000+00:00,1,blue,1
1668988853880,"23 km SSW of Mammoth, Wyoming",reviewed,0,6,earthquake,0.63, Wyoming,-110.8225,44.7818333,3.82,2022-11-21 00:00:53.880000+00:00,1,blue,1
1683214429600,"4 km S of P?hala, Hawaii",automatic,0,64,earthquake,2.03999996, Hawaii,-155.482666015625,19.1593341827393,34.9700012207031,2023-05-04 15:33:49.600000+00:00,0,red,0
1681088096108,"Nicobar Islands, India region",reviewed,0,326,earthquake,4.6, India region,93.8198,9.1564,10.0,2023-04-10 00:54:56.108000+00:00,2,green,2
1667600922450,"23 km SSW of Mammoth, Wyoming",reviewed,0,1,earthquake,0.26, Wyoming,-110.8166667,44.7863333,4.9,2022-11-04 22:28:42.450000+00:00,1,blue,1
1685794222510,"4km NNW of The Geysers, CA",reviewed,0,33,earthquake,1.43,California,-122.7696667,38.813,0.31,2023-06-03 12:10:22.510000+00:00,1,blue,1
1651105535167,"60 km E of Akutan, Alaska",reviewed,0,62,earthquake,2.0, Alaska,-164.8534,54.1743,92.8,2022-04-28 00:25:35.167000+00:00,0,red,0
1643934719170,"7 km ENE of P?hala, Hawaii",automatic,0,69,earthquake,2.11999989, Hawaii,-155.413330078125,19.2278327941895,32.689998626709,2022-02-04 00:31:59.170000+00:00,0,red,0
1644801044927,"52 km W of Nanwalek, Alaska",reviewed,0,26,earthquake,1.3, Alaska,-152.8225,59.2819,94.5,2022-02-14 01:10:44.927000+00:00,0,red,0
1664110139215,"55 km S of Whites City, New Mexico",reviewed,0,62,earthquake,2.0, New Mexico,-104.4248396,31.68101299,6.954223633,2022-09-25 12:48:59.215000+00:00,0,red,0
1685844145250,Washington-British Columbia border region,reviewed,0,23,earthquake,1.22,Washington-British Columbia border region,-123.097,48.6455,19.94,2023-06-04 02:02:25.250000+00:00,1,blue,1
1641472407014,"265 km ESE of Biak, Indonesia",reviewed,0,370,earthquake,4.9, Indonesia,138.2713,-2.1267,33.23,2022-01-06 12:33:27.014000+00:00,2,green,2
1681364442309,"79 km SE of King Salmon, Alaska",reviewed,0,22,earthquake,1.2, Alaska,-155.5664,58.2585,3.8,2023-04-13 05:40:42.309000+00:00,1,blue,1
1646460309380,"16km E of Little Lake, CA",reviewed,0,18,earthquake,1.08,California,-117.7278333,35.9165,8.58,2022-03-05 06:05:09.380000+00:00,1,blue,1
1662586666270,"5km WSW of Niland, CA",reviewed,0,47,earthquake,1.75,California,-115.5666667,33.2235,2.78,2022-09-07 21:37:46.270000+00:00,0,red,0
1687360163372,"48 km WNW of Salamatof, Alaska",reviewed,0,30,earthquake,1.4, Alaska,-152.1692,60.7259,82.6,2023-06-21 15:09:23.372000+00:00,0,red,0
1647706031860,"7km WNW of The Geysers, CA",automatic,0,8,earthquake,0.74,California,-122.8276672,38.8079987,2.11,2022-03-19 16:07:11.860000+00:00,1,blue,1
1684428022020,"7km NW of The Geysers, CA",automatic,0,18,earthquake,1.08,California,-122.8231659,38.8176651,2.16,2023-05-18 16:40:22.020000+00:00,1,blue,1
1655655485027,"47 km W of Mentone, Texas",reviewed,0,104,earthquake,2.6, Texas,-104.1010517,31.73379083,7.674047852000001,2022-06-19 16:18:05.027000+00:00,0,red,0
1648540775080,"14 km NNE of Ashford, Washington",reviewed,0,0,earthquake,0.06, Washington,-121.93216666666666,46.873666666666665,6.05,2022-03-29 07:59:35.080000+00:00,1,blue,1
1671800963044,"26 km SW of Mina, Nevada",reviewed,0,39,earthquake,1.6, Nevada,-118.358,38.2539,8.7,2022-12-23 13:09:23.044000+00:00,1,blue,1
1687327607550,Alaska Peninsula,reviewed,0,1,earthquake,0.23,Alaska Peninsula,-155.138,58.249,3.54,2023-06-21 06:06:47.550000+00:00,1,blue,1
1658605224112,"130 km SE of Akutan, Alaska",reviewed,0,112,earthquake,2.7, Alaska,-164.5338,53.2247,23.347,2022-07-23 19:40:24.112000+00:00,0,red,0
1655224483670,"17km W of Searles Valley, CA",reviewed,0,8,earthquake,0.74,California,-117.589,35.7828333,10.45,2022-06-14 16:34:43.670000+00:00,1,blue,1
1647545743840,"5 km NW of Teton Village, Wyoming",reviewed,0,4,earthquake,0.5, Wyoming,-110.8735,43.6188333,1.71,2022-03-17 19:35:43.840000+00:00,1,blue,1
1654862224608,"52 km WSW of Sand Point, Alaska",reviewed,0,112,earthquake,2.7, Alaska,-161.2379,55.1262,72.458,2022-06-10 11:57:04.608000+00:00,0,red,0
1648964861472,"187 km SSE of Adak, Alaska",reviewed,0,129,earthquake,2.9, Alaska,-175.2873,50.4118,10.0,2022-04-03 05:47:41.472000+00:00,0,red,0
1657841369629,Carlsberg Ridge,reviewed,0,369,earthquake,4.9,Carlsberg Ridge,62.4352,4.8192,10.0,2022-07-14 23:29:29.629000+00:00,2,green,2
1652693351330,"5 km SE of Marston, Missouri",reviewed,0,38,earthquake,1.58, Missouri,-89.5626667,36.4841667,8.78,2022-05-16 09:29:11.330000+00:00,1,blue,1
1652238866695,Reykjanes Ridge,reviewed,0,284,earthquake,4.3,Reykjanes Ridge,-34.0783,56.2943,10.0,2022-05-11 03:14:26.695000+00:00,2,green,2
1683209402650,"7 km NW of Knik, Alaska",reviewed,0,19,earthquake,1.1, Alaska,-149.8128,61.5106,51.7,2023-05-04 14:10:02.650000+00:00,1,blue,1
1680137186660,"27km SE of Ocotillo Wells, CA",reviewed,0,59,earthquake,1.96,California,-115.9128333,32.9783333,10.24,2023-03-30 00:46:26.660000+00:00,0,red,0
1642620060105,"26 km SSE of Virginia City, Montana",reviewed,0,112,earthquake,2.7, Montana,-111.8453,45.0678,10.0,2022-01-19 19:21:00.105000+00:00,0,red,0
1646022230080,"6 km ESE of La Parguera, Puerto Rico",reviewed,0,68,earthquake,2.11, Puerto Rico,-66.9868333333333,17.9631666666667,8.71,2022-02-28 04:23:50.080000+00:00,0,red,0
1668891920121,"58 km NNW of Petersville, Alaska",reviewed,0,39,earthquake,1.6, Alaska,-151.0361,63.0107,120.5,2022-11-19 21:05:20.121000+00:00,0,red,0
1686756796330,"14 km SE of Minersville, Utah",reviewed,0,13,earthquake,0.91, Utah,-112.817,38.117,4.27,2023-06-14 15:33:16.330000+00:00,1,blue,1
1656235729670,"2 km WNW of P?hala, Hawaii",automatic,0,77,earthquake,2.23, Hawaii,-155.496337890625,19.2124996185303,1.89999997615814,2022-06-26 09:28:49.670000+00:00,0,red,0
1679351911200,"9 km NE of Badger, Alaska",reviewed,0,98,earthquake,2.5, Alaska,-147.3769,64.8511,23.6,2023-03-20 22:38:31.200000+00:00,0,red,0
1663929679430,"21km SW of Ocotillo Wells, CA",reviewed,0,68,earthquake,2.1,California,-116.2903333,33.0041667,3.94,2022-09-23 10:41:19.430000+00:00,0,red,0
1670955804420,"2km WSW of Loma Linda, CA",reviewed,0,21,earthquake,1.16,California,-117.2786667,34.0435,15.5,2022-12-13 18:23:24.420000+00:00,1,blue,1
1647880974100,"3km NE of Berkeley, CA",reviewed,0,76,earthquake,2.07,California,-122.251,37.8916667,6.55,2022-03-21 16:42:54.100000+00:00,0,red,0
1655697184209,"57 km N of Nikolai, Alaska",reviewed,0,89,earthquake,2.4, Alaska,-154.2976,63.5315,15.7,2022-06-20 03:53:04.209000+00:00,0,red,0
1678002693522,"7 km NNW of Verdi, California",reviewed,0,2,earthquake,0.4, California,-120.0551,39.5808,5.0,2023-03-05 07:51:33.522000+00:00,1,blue,1
1661863924677,"71 km WNW of Ninilchik, Alaska",reviewed,0,30,earthquake,1.4, Alaska,-152.8427,60.3245,130.9,2022-08-30 12:52:04.677000+00:00,0,red,0
1678876670780,"15km ESE of Anza, CA",reviewed,0,3,earthquake,0.43,California,-116.5216667,33.5216667,13.21,2023-03-15 10:37:50.780000+00:00,1,blue,1
1675876063711,Fiji region,reviewed,0,340,earthquake,4.7,Fiji region,-179.2929,-21.9744,582.548,2023-02-08 17:07:43.711000+00:00,2,pink,3
1687279140860,"8km WNW of Cobb, CA",reviewed,0,3,earthquake,0.41,California,-122.8085,38.838,2.68,2023-06-20 16:39:00.860000+00:00,1,blue,1
1653341255135,"82 km SSW of Atka, Alaska",reviewed,0,104,earthquake,2.6, Alaska,-174.7312,51.5355,26.37,2022-05-23 21:27:35.135000+00:00,0,red,0
1658048136159,"12 km NW of Pawnee, Oklahoma",reviewed,0,7,earthquake,0.69, Oklahoma,-96.8945,36.41783333,6.69,2022-07-17 08:55:36.159000+00:00,1,blue,1
1650176487844,"71 km WNW of San Antonio de los Cobres, Argentina",reviewed,0,271,earthquake,4.2, Argentina,-67.0073,-24.0841,214.4,2022-04-17 06:21:27.844000+00:00,2,green,2
1686851594312,Central Alaska,reviewed,0,30,earthquake,1.4,Central Alaska,-152.4956,64.6582,4.1,2023-06-15 17:53:14.312000+00:00,1,blue,1
1668680710650,"8km WSW of Idyllwild, CA",reviewed,0,6,earthquake,0.62,California,-116.801,33.7211667,16.41,2022-11-17 10:25:10.650000+00:00,1,blue,1
1689228128950,"86 km NW of Karluk, Alaska",reviewed,0,0,earthquake,0.05, Alaska,-155.3205,58.1985,2.17,2023-07-13 06:02:08.950000+00:00,1,blue,1
1658937475833,"68 km W of Nanwalek, Alaska",reviewed,0,22,earthquake,1.2, Alaska,-153.1147,59.3273,96.3,2022-07-27 15:57:55.833000+00:00,0,red,0
1676054302548,"28 km ENE of Pleasant Valley, Alaska",reviewed,0,10,earthquake,0.8, Alaska,-146.2991,64.9764,7.2,2023-02-10 18:38:22.548000+00:00,1,blue,1
1643934062750,"88 km SSE of King Cove, Alaska",reviewed,0,50,earthquake,1.8, Alaska,-161.6378,54.3729,13.3,2022-02-04 00:21:02.750000+00:00,0,red,0
1661888272290,"18km N of Indio, CA",reviewed,0,11,earthquake,0.84,California,-116.2031667,33.8826667,8.36,2022-08-30 19:37:52.290000+00:00,1,blue,1
1670854440874,"42 km SSW of South Van Horn, Alaska",reviewed,0,8,earthquake,0.7, Alaska,-148.0735,64.4511,12.9,2022-12-12 14:14:00.874000+00:00,1,blue,1
1641909383188,"101 km SE of Nikolski, Alaska",reviewed,0,129,earthquake,2.9, Alaska,-167.8,52.2952,10.0,2022-01-11 13:56:23.188000+00:00,0,red,0
1662905177020,"6km W of Cobb, CA",reviewed,0,27,earthquake,1.33,California,-122.7946667,38.8246667,2.83,2022-09-11 14:06:17.020000+00:00,1,blue,1
1660409956296,"36 km ENE of Susitna North, Alaska",reviewed,0,19,earthquake,1.1, Alaska,-149.1928,62.2672,21.5,2022-08-13 16:59:16.296000+00:00,1,blue,1
1680995328099,Prince Edward Islands region,reviewed,0,326,earthquake,4.6,Prince Edward Islands region,33.5511,-46.9394,10.0,2023-04-08 23:08:48.099000+00:00,2,green,2
1681777980047,"163 km W of Lata, Solomon Islands",reviewed,0,271,earthquake,4.2, Solomon Islands,164.3061,-10.8078,10.0,2023-04-18 00:33:00.047000+00:00,2,green,2
1682740385642,"63 km E of Pedro Bay, Alaska",reviewed,0,30,earthquake,1.4, Alaska,-152.9825,59.7745,108.9,2023-04-29 03:53:05.642000+00:00,0,red,0
1662026214500,"1 km E of P?hala, Hawaii",reviewed,0,165,earthquake,3.27, Hawaii,-155.4645,19.2026666666667,34.0,2022-09-01 09:56:54.500000+00:00,0,red,0
1682163462670,"5 km SSW of Guánica, Puerto Rico",reviewed,0,260,earthquake,4.04, Puerto Rico,-66.934,17.9335,13.0,2023-04-22 11:37:42.670000+00:00,2,green,2
1675916300615,"13 km WSW of Göksun, Turkey",reviewed,0,284,earthquake,4.3, Turkey,36.3641,37.9616,10.0,2023-02-09 04:18:20.615000+00:00,2,green,2
1649760865390,"1 km NNW of Fairmont, Oklahoma",reviewed,0,44,earthquake,1.7, Oklahoma,-97.70933333,36.36616667,8.72,2022-04-12 10:54:25.390000+00:00,0,red,0
1687067740070,"7km WNW of Cobb, CA",reviewed,0,2,earthquake,0.4,California,-122.8013333,38.8346667,2.27,2023-06-18 05:55:40.070000+00:00,1,blue,1
1660162620339,"6 km ENE of Coleville, California",reviewed,0,12,earthquake,0.9, California,-119.4438,38.5951,7.4,2022-08-10 20:17:00.339000+00:00,1,blue,1
1685754770500,"4km ENE of Lytle Creek, CA",reviewed,0,30,earthquake,1.39,California,-117.4573333,34.2743333,10.93,2023-06-03 01:12:50.500000+00:00,1,blue,1
1663445889710,"7km NW of The Geysers, CA",reviewed,0,2,earthquake,0.38,California,-122.8188333,38.8146667,3.01,2022-09-17 20:18:09.710000+00:00,1,blue,1
1649403898244,"7 km N of Verdi, California",reviewed,0,10,earthquake,0.8, California,-120.0019,39.5914,7.3,2022-04-08 07:44:58.244000+00:00,1,blue,1
1646484996322,"52 km SW of Cantwell, Alaska",reviewed,0,22,earthquake,1.2, Alaska,-149.7267,63.071,87.4,2022-03-05 12:56:36.322000+00:00,0,red,0
1679549317107,"42 km WNW of Indian Springs, Nevada",reviewed,0,10,earthquake,0.8, Nevada,-116.1074,36.7283,2.0,2023-03-23 05:28:37.107000+00:00,1,blue,1
1644448842577,"29 km S of False Pass, Alaska",reviewed,0,56,earthquake,1.9, Alaska,-163.3308,54.5899,13.0,2022-02-09 23:20:42.577000+00:00,0,red,0
1645590392710,"12km E of Lower Lake, CA",reviewed,0,31,earthquake,1.43,California,-122.4778333,38.9163333,10.76,2022-02-23 04:26:32.710000+00:00,1,blue,1
1683811027848,"25 km ENE of Manley Hot Springs, Alaska",reviewed,0,62,earthquake,2.0, Alaska,-150.1311,65.0946,11.3,2023-05-11 13:17:07.848000+00:00,0,red,0
1685079447204,"5 km NE of Nikiski, Alaska",reviewed,0,22,earthquake,1.2, Alaska,-151.2252,60.7238,57.1,2023-05-26 05:37:27.204000+00:00,1,blue,1
1658813549883,Balleny Islands region,reviewed,0,369,earthquake,4.9,Balleny Islands region,162.5107,-61.9093,10.0,2022-07-26 05:32:29.883000+00:00,2,green,2
1646618449220,"45 km NE of Spencer, Idaho",reviewed,0,81,earthquake,2.3, Idaho,-111.853,44.689,10.45,2022-03-07 02:00:49.220000+00:00,0,red,0
1675750523256,"9 km WNW of Çelikhan, Turkey",reviewed,0,259,earthquake,4.1, Turkey,38.1413,38.0668,17.718,2023-02-07 06:15:23.256000+00:00,2,green,2
1669103818080,"18km ESE of Little Lake, CA",reviewed,0,8,earthquake,0.73,California,-117.7235,35.8846667,4.51,2022-11-22 07:56:58.080000+00:00,1,blue,1
1670042311486,"110 km E of McCarthy, Alaska",reviewed,0,15,earthquake,1.0, Alaska,-140.8632,61.5361,7.8,2022-12-03 04:38:31.486000+00:00,1,blue,1
1680514589960,"99 km W of Adak, Alaska",reviewed,0,15,earthquake,1.0, Alaska,-178.083833333333,51.8561666666667,3.33,2023-04-03 09:36:29.960000+00:00,1,blue,1
1688216231815,"47 km ESE of Farkhār, Afghanistan",reviewed,0,271,earthquake,4.2, Afghanistan,70.3668,36.4552,211.012,2023-07-01 12:57:11.815000+00:00,2,green,2
1641315461100,"1km NW of The Geysers, CA",automatic,0,11,earthquake,0.85,California,-122.765831,38.7879982,2.24,2022-01-04 16:57:41.100000+00:00,1,blue,1
1647563419040,"0km NW of Pacifica, CA",reviewed,0,27,earthquake,1.32,California,-122.4891667,37.615,8.44,2022-03-18 00:30:19.040000+00:00,1,blue,1
1669653135850,"12km ENE of Ocotillo Wells, CA",reviewed,0,21,earthquake,1.17,California,-116.0031667,33.1691667,4.7,2022-11-28 16:32:15.850000+00:00,1,blue,1
1646899367051,"8 km NNE of Virginia City, Nevada",reviewed,0,8,earthquake,0.7, Nevada,-119.6158,39.3841,4.4,2022-03-10 08:02:47.051000+00:00,1,blue,1
1670033283742,"64 km WNW of Tyonek, Alaska",reviewed,0,15,earthquake,1.0, Alaska,-152.2486,61.2954,6.4,2022-12-03 02:08:03.742000+00:00,1,blue,1
1664393111410,"2km WNW of Los Altos Hills, CA",reviewed,0,24,earthquake,1.26,California,-122.1638333,37.3861667,5.94,2022-09-28 19:25:11.410000+00:00,1,blue,1
1676685422376,"284 km WNW of Houma, Tonga",reviewed,0,271,earthquake,4.2, Tonga,-177.607,-19.7945,388.879,2023-02-18 01:57:02.376000+00:00,2,pink,3
1659378012170,"7km NE of Cloverdale, CA",reviewed,0,38,earthquake,1.58,California,-122.9613333,38.8463333,2.96,2022-08-01 18:20:12.170000+00:00,1,blue,1
1683872771930,"12 km ENE of Eielson Air Force Base, Alaska",reviewed,0,10,earthquake,0.8, Alaska,-146.8213,64.7138,4.4,2023-05-12 06:26:11.930000+00:00,1,blue,1
1653027368270,"8km WSW of Petrolia, CA",reviewed,0,94,earthquake,2.47,California,-124.3798333,40.3026667,8.33,2022-05-20 06:16:08.270000+00:00,0,red,0
1689479622886,"57 km S of Whites City, New Mexico",reviewed,0,89,earthquake,2.4, New Mexico,-104.2920179,31.66643805,6.774267578,2023-07-16 03:53:42.886000+00:00,0,red,0
1657739745261,"136 km E of McCarthy, Alaska",reviewed,0,15,earthquake,1.0, Alaska,-140.3812,61.3201,12.1,2022-07-13 19:15:45.261000+00:00,1,blue,1
1649898585379,north of Ascension Island,reviewed,0,298,earthquake,4.4,north of Ascension Island,-17.2924,1.4587,10.0,2022-04-14 01:09:45.379000+00:00,2,green,2
1641467495920,"21km NW of Parkfield, CA",reviewed,0,4,earthquake,0.53,California,-120.5958333,36.031,3.35,2022-01-06 11:11:35.920000+00:00,1,blue,1
1643022871254,"28 km SSE of Mina, Nevada",reviewed,0,12,earthquake,0.9, Nevada,-117.9751,38.1519,9.4,2022-01-24 11:14:31.254000+00:00,1,blue,1
1642864926911,"28 km SSE of Mina, Nevada",automatic,0,8,earthquake,0.7, Nevada,-117.9967,38.1481,11.1,2022-01-22 15:22:06.911000+00:00,1,blue,1
1647738484459,"3 km WSW of Bridge Creek, Oklahoma",reviewed,0,22,earthquake,1.19, Oklahoma,-97.767,35.2225,4.46,2022-03-20 01:08:04.459000+00:00,1,blue,1
1672823527190,"6km NW of The Geysers, CA",automatic,0,18,earthquake,1.08,California,-122.8001633,38.8160019,3.33,2023-01-04 09:12:07.190000+00:00,1,blue,1
1686613346040,"17km N of Borrego Springs, CA",reviewed,0,27,earthquake,1.32,California,-116.3481667,33.4081667,12.75,2023-06-12 23:42:26.040000+00:00,1,blue,1
1648514275530,"26 km N of Lakeview, Oregon",reviewed,0,36,earthquake,1.53, Oregon,-120.37883333333332,42.43,1.19,2022-03-29 00:37:55.530000+00:00,1,blue,1
1678090794444,Southern Alaska,reviewed,0,50,earthquake,1.8,Southern Alaska,-153.3095,60.0443,132.7,2023-03-06 08:19:54.444000+00:00,0,red,0
1670701566492,"82 km SE of King Cove, Alaska",reviewed,0,112,earthquake,2.7, Alaska,-161.3687,54.5611,10.0,2022-12-10 19:46:06.492000+00:00,0,red,0
1667654322351,"29 km SSE of Mina, Nevada",reviewed,0,1,earthquake,0.2, Nevada,-117.9395,38.1628,8.1,2022-11-05 13:18:42.351000+00:00,1,blue,1
1669633424390,"24 km E of Honaunau-Napoopoo, Hawaii",reviewed,0,49,earthquake,1.79, Hawaii,-155.634,19.441,0.28,2022-11-28 11:03:44.390000+00:00,0,red,0
1664225937150,"2km NE of The Geysers, CA",automatic,0,8,earthquake,0.7,California,-122.745163,38.7874985,1.84,2022-09-26 20:58:57.150000+00:00,1,blue,1
1649128604506,"233 km WSW of Adak, Alaska",reviewed,0,56,earthquake,1.9, Alaska,-179.896,51.3462,16.4,2022-04-05 03:16:44.506000+00:00,0,red,0
1657502271126,"34 km WSW of Salcha, Alaska",reviewed,0,81,earthquake,2.3, Alaska,-147.5389,64.3786,9.8,2022-07-11 01:17:51.126000+00:00,0,red,0
1672562811990,"5 km SSW of Smith Valley, Nevada",reviewed,0,50,earthquake,1.8, Nevada,-119.3689,38.7368,9.6,2023-01-01 08:46:51.990000+00:00,0,red,0
1654108650230,"16km ESE of Julian, CA",reviewed,0,8,earthquake,0.7,California,-116.4353333,33.0448333,7.78,2022-06-01 18:37:30.230000+00:00,1,blue,1
1642583445105,"1 km E of Coleville, California",reviewed,0,19,earthquake,1.1, California,-119.4902,38.5656,5.7,2022-01-19 09:10:45.105000+00:00,1,blue,1
1646193269342,"56 km NNW of Petersville, Alaska",reviewed,0,22,earthquake,1.2, Alaska,-151.3511,62.9262,103.0,2022-03-02 03:54:29.342000+00:00,0,red,0
1672535277960,"16km N of Borrego Springs, CA",reviewed,0,11,earthquake,0.84,California,-116.37,33.4026667,4.19,2023-01-01 01:07:57.960000+00:00,1,blue,1
1661149261540,"13km NE of Ridgecrest, CA",reviewed,0,4,earthquake,0.48,California,-117.5855,35.711,10.81,2022-08-22 06:21:01.540000+00:00,1,blue,1
1648376682092,"184 km WSW of Adak, Alaska",reviewed,0,74,earthquake,2.2, Alaska,-179.1646,51.3673,24.0,2022-03-27 10:24:42.092000+00:00,0,red,0
1681147670300,"85 km NW of Karluk, Alaska",reviewed,0,6,earthquake,0.65, Alaska,-155.315994262695,58.1843338012695,3.74000000953674,2023-04-10 17:27:50.300000+00:00,1,blue,1
1660274365470,"75 km WSW of Cantwell, Alaska",reviewed,0,30,earthquake,1.4, Alaska,-150.3898,63.1867,107.3,2022-08-12 03:19:25.470000+00:00,0,red,0
1659621925956,"37 km SE of Mina, Nevada",reviewed,0,10,earthquake,0.8, Nevada,-117.754,38.194,9.0,2022-08-04 14:05:25.956000+00:00,1,blue,1
1656164330734,"243 km W of Adak, Alaska",reviewed,0,50,earthquake,1.8, Alaska,179.8462,51.6762,77.3,2022-06-25 13:38:50.734000+00:00,0,red,0
1648171896310,"4 km SSE of Maria Antonia, Puerto Rico",reviewed,0,93,earthquake,2.46, Puerto Rico,-66.867,17.9405,15.93,2022-03-25 01:31:36.310000+00:00,0,red,0
1678091876180,"8km W of Cobb, CA",automatic,0,6,earthquake,0.61,California,-122.8141632,38.8348351,1.42,2023-03-06 08:37:56.180000+00:00,1,blue,1
1663398989420,Washington,reviewed,0,41,earthquake,1.63,Washington,-121.72766666666666,48.771,3.49,2022-09-17 07:16:29.420000+00:00,1,blue,1
1689518227106,"86 km NW of Karluk, Alaska",reviewed,0,30,earthquake,1.4, Alaska,-155.3579,58.1733,0.6,2023-07-16 14:37:07.106000+00:00,1,blue,1
1679666548280,"8km SSW of Borrego Springs, CA",reviewed,0,20,earthquake,1.15,California,-116.4005,33.1826667,11.85,2023-03-24 14:02:28.280000+00:00,1,blue,1
1680439368500,"1 km WSW of Dutch Harbor, Alaska",reviewed,0,1,earthquake,0.24, Alaska,-166.563166666667,53.8833333333333,4.02,2023-04-02 12:42:48.500000+00:00,1,blue,1
1657194619329,"43 km WSW of Tatitlek, Alaska",reviewed,0,19,earthquake,1.1, Alaska,-147.4038,60.7046,16.1,2022-07-07 11:50:19.329000+00:00,1,blue,1
1653752391901,"69 km SE of Adak, Alaska",reviewed,0,26,earthquake,1.3, Alaska,-175.9318,51.4289,15.5,2022-05-28 15:39:51.901000+00:00,1,blue,1
1654336727440,"5km SSW of Warner Springs, CA",reviewed,0,4,earthquake,0.51,California,-116.6496667,33.2361667,11.98,2022-06-04 09:58:47.440000+00:00,1,blue,1
1687412888703,"85 km NNW of Karluk, Alaska",reviewed,0,12,earthquake,0.9, Alaska,-155.0931,58.261,3.2,2023-06-22 05:48:08.703000+00:00,1,blue,1
1677730500360,"88 km NW of Karluk, Alaska",reviewed,0,5,earthquake,0.57, Alaska,-155.367166666667,58.1963333333333,1.56,2023-03-02 04:15:00.360000+00:00,1,blue,1
1656865380176,"37 km W of Port Lions, Alaska",reviewed,0,39,earthquake,1.6, Alaska,-153.5149,57.84,59.5,2022-07-03 16:23:00.176000+00:00,0,red,0
1690173750770,"11 km ESE of Alum Rock, CA",reviewed,0,25,earthquake,1.28,California,-121.7036667,37.3458333,8.49,2023-07-24 04:42:30.770000+00:00,1,blue,1
1649222013281,"68 km SW of Kivalina, Alaska",reviewed,0,26,earthquake,1.3, Alaska,-165.841,67.3649,11.7,2022-04-06 05:13:33.281000+00:00,1,blue,1
1663268143640,"7km W of Willow Creek, CA",reviewed,0,63,earthquake,2.03,California,-123.7151667,40.9385,25.05,2022-09-15 18:55:43.640000+00:00,0,red,0
1651418154570,"4 km N of P?hala, Hawaii",automatic,0,61,earthquake,1.99000001, Hawaii,-155.472671508789,19.2386665344238,31.8700008392334,2022-05-01 15:15:54.570000+00:00,0,red,0
1675342963445,"70 km WNW of Ninilchik, Alaska",reviewed,0,30,earthquake,1.4, Alaska,-152.7922,60.3503,109.4,2023-02-02 13:02:43.445000+00:00,0,red,0
1685842606700,"9km N of Borrego Springs, CA",reviewed,0,7,earthquake,0.67,California,-116.3885,33.3325,12.26,2023-06-04 01:36:46.700000+00:00,1,blue,1
1646134973327,"42 km E of Denali National Park, Alaska",reviewed,0,8,earthquake,0.7, Alaska,-150.8727,63.5235,17.5,2022-03-01 11:42:53.327000+00:00,1,blue,1
1651377449813,"32 km SE of Mina, Nevada",reviewed,0,19,earthquake,1.1, Nevada,-117.8753,38.1653,8.7,2022-05-01 03:57:29.813000+00:00,1,blue,1
1643370335289,"11 km E of Crowder, Oklahoma",reviewed,0,15,earthquake,0.99, Oklahoma,-95.53983333,35.11433333,7.58,2022-01-28 11:45:35.289000+00:00,1,blue,1
1643229198695,"91 km S of Unalaska, Alaska",reviewed,0,112,earthquake,2.7, Alaska,-166.5772,53.052,23.65,2022-01-26 20:33:18.695000+00:00,0,red,0
1659695822540,"8km N of Moreno Valley, CA",reviewed,0,6,earthquake,0.64,California,-117.2133333,33.9926667,8.85,2022-08-05 10:37:02.540000+00:00,1,blue,1
1666406197100,"16km WSW of Toms Place, CA",reviewed,0,6,earthquake,0.64,California,-118.8396667,37.4851667,2.7,2022-10-22 02:36:37.100000+00:00,1,blue,1
1689765924437,"42 km NW of Ninilchik, Alaska",reviewed,0,121,earthquake,2.8, Alaska,-152.2376,60.3075,83.9,2023-07-19 11:25:24.437000+00:00,0,red,0
1655647102822,"110 km SSE of Sand Point, Alaska",reviewed,0,104,earthquake,2.6, Alaska,-159.8448,54.4144,25.831,2022-06-19 13:58:22.822000+00:00,0,red,0
1647727809070,"7 km NE of Caruthersville, Missouri",reviewed,0,37,earthquake,1.55, Missouri,-89.5906667,36.242,8.12,2022-03-19 22:10:09.070000+00:00,1,blue,1
1689433836647,"25 km SE of Golfo de Santa Clara, Mexico",reviewed,0,96,earthquake,2.5, Mexico,-114.295,31.5302,10.0,2023-07-15 15:10:36.647000+00:00,0,red,0
1671733755540,"1 km NW of P?hala, Hawaii",automatic,0,78,earthquake,2.25, Hawaii,-155.485336303711,19.2111663818359,32.4900016784668,2022-12-22 18:29:15.540000+00:00,0,red,0
1675722579343,"7 km WNW of Göksun, Turkey",reviewed,0,260,earthquake,4.1, Turkey,36.4145,38.0473,6.86,2023-02-06 22:29:39.343000+00:00,2,green,2
1650858110520,"5 km ESE of La Parguera, Puerto Rico",reviewed,0,29,earthquake,1.38, Puerto Rico,-66.9976666666667,17.9656666666667,12.72,2022-04-25 03:41:50.520000+00:00,1,blue,1
1666414196660,"13 km WSW of Portage, Utah",reviewed,0,9,earthquake,0.78, Utah,-112.3805,41.9126667,3.17,2022-10-22 04:49:56.660000+00:00,1,blue,1
1667375689065,"45 km SSW of Valentine, Texas",reviewed,0,104,earthquake,2.6, Texas,-104.6552258,30.2041626,0.0244547526,2022-11-02 07:54:49.065000+00:00,0,red,0
1666369176160,"18km E of Ridgecrest, CA",reviewed,0,17,earthquake,1.05,California,-117.4755,35.608,9.73,2022-10-21 16:19:36.160000+00:00,1,blue,1
1643369207150,"23 km WSW of Lima, Montana",reviewed,0,11,earthquake,0.86, Montana,-112.877,44.572,4.76,2022-01-28 11:26:47.150000+00:00,1,blue,1
1661157335445,"3 km SSE of Markleeville, California",reviewed,0,2,earthquake,0.4, California,-119.7603,38.6674,6.9,2022-08-22 08:35:35.445000+00:00,1,blue,1
1652273236530,"10km SSW of Valencia, CA",reviewed,0,51,earthquake,1.82,California,-118.6313333,34.3748333,11.06,2022-05-11 12:47:16.530000+00:00,0,red,0
1659785798568,Tonga region,reviewed,0,259,earthquake,4.1,Tonga region,-175.2973,-22.7021,19.218,2022-08-06 11:36:38.568000+00:00,2,green,2
1672776761288,"275 km SE of Chiniak, Alaska",reviewed,0,168,earthquake,3.3, Alaska,-149.2476,55.7866,12.534,2023-01-03 20:12:41.288000+00:00,0,red,0
1648162045260,"14 km SW of Nile, Washington",reviewed,0,12,earthquake,0.89, Washington,-121.06833333333331,46.72233333333333,2.3,2022-03-24 22:47:25.260000+00:00,1,blue,1
1673042666340,Nevada,reviewed,0,19,earthquake,1.1,Nevada,-116.9316,37.2053,8.1,2023-01-06 22:04:26.340000+00:00,1,blue,1
1663858125045,"25 km SSE of Rachel, Nevada",reviewed,0,12,earthquake,0.9, Nevada,-115.6014,37.4431,0.0,2022-09-22 14:48:45.045000+00:00,1,blue,1
1656360184100,"70 km SSE of ?funato, Japan",reviewed,0,370,earthquake,4.9, Japan,142.1554,38.5364,45.77,2022-06-27 20:03:04.100000+00:00,2,green,2
1650574259710,"9km N of Anza, CA",reviewed,0,3,earthquake,0.45,California,-116.69,33.6338333,13.31,2022-04-21 20:50:59.710000+00:00,1,blue,1
1690146043198,"11 km ENE of Pleasanton, Texas",reviewed,0,50,earthquake,1.8, Texas,-98.36615349,28.99749756,30.73962402,2023-07-23 21:00:43.198000+00:00,0,red,0
1686148128370,"5 km SSW of Volcano, Hawaii",reviewed,0,75,earthquake,2.21, Hawaii,-155.261,19.4041666666667,0.54,2023-06-07 14:28:48.370000+00:00,0,red,0
1664077778460,"13km W of Coso Junction, CA",reviewed,0,21,earthquake,1.17,California,-118.09,36.0521667,1.03,2022-09-25 03:49:38.460000+00:00,1,blue,1
1650477497713,southeast of the Loyalty Islands,reviewed,0,369,earthquake,4.9,southeast of the Loyalty Islands,170.8794,-22.7331,10.0,2022-04-20 17:58:17.713000+00:00,2,green,2
1659500489459,"12 km E of Jackson, Wyoming",reviewed,0,35,earthquake,1.5, Wyoming,-110.6056,43.4747,12.965,2022-08-03 04:21:29.459000+00:00,1,blue,1
1670149562352,"17 km NW of Willow, Alaska",reviewed,0,19,earthquake,1.1, Alaska,-150.311,61.8343,44.1,2022-12-04 10:26:02.352000+00:00,1,blue,1
1664570491992,"54 km SSE of Denali National Park, Alaska",reviewed,0,30,earthquake,1.4, Alaska,-151.4603,63.0661,0.8,2022-09-30 20:41:31.992000+00:00,1,blue,1
1641050852690,"12km NW of The Geysers, CA",automatic,0,11,earthquake,0.84,California,-122.8746643,38.8408318,2.26,2022-01-01 15:27:32.690000+00:00,1,blue,1
1664681995380,"Island of Hawaii, Hawaii",automatic,0,52,earthquake,1.84000003, Hawaii,-155.390838623047,19.1928329467773,32.5900001525879,2022-10-02 03:39:55.380000+00:00,0,red,0
1668250642780,"8 km WSW of Minco, Oklahoma",reviewed,0,17,earthquake,1.05, Oklahoma,-98.03333333,35.29066667,6.46,2022-11-12 10:57:22.780000+00:00,1,blue,1
1670481161180,"6 km ENE of Clear Lake, Washington",reviewed,0,9,earthquake,0.76, Washington,-122.14483333333334,48.48183333333333,8.2,2022-12-08 06:32:41.180000+00:00,1,blue,1
1666909272080,"10km W of Progreso, B.C., MX",reviewed,0,36,earthquake,1.54, B.C.,-115.685,32.593,9.66,2022-10-27 22:21:12.080000+00:00,1,blue,1
1663560362996,"77 km ESE of Akutan, Alaska",reviewed,0,39,earthquake,1.6, Alaska,-164.6272,53.9823,36.9,2022-09-19 04:06:02.996000+00:00,0,red,0
1657477862380,"16km ENE of Borrego Springs, CA",reviewed,0,3,earthquake,0.45,California,-116.2056667,33.295,6.84,2022-07-10 18:31:02.380000+00:00,1,blue,1
1650331030950,"22 km E of Honaunau-Napoopoo, Hawaii",reviewed,0,10,earthquake,0.8, Hawaii,-155.659,19.4951666666667,3.34,2022-04-19 01:17:10.950000+00:00,1,blue,1
1673391597081,"31 km SE of Mina, Nevada",reviewed,0,44,earthquake,1.7, Nevada,-117.878,38.1736,10.7,2023-01-10 22:59:57.081000+00:00,0,red,0
1669870239647,Tonga region,reviewed,0,312,earthquake,4.5,Tonga region,-175.12,-22.4311,10.0,2022-12-01 04:50:39.647000+00:00,2,green,2
1684815322250,"3km SW of Anderson Springs, CA",reviewed,0,2,earthquake,0.4,California,-122.7156667,38.7531667,1.98,2023-05-23 04:15:22.250000+00:00,1,blue,1
1679325310927,"33 km SW of Cantwell, Alaska",reviewed,0,19,earthquake,1.1, Alaska,-149.4121,63.1706,84.6,2023-03-20 15:15:10.927000+00:00,0,red,0
1661157392698,"Bali region, Indonesia",reviewed,0,528,earthquake,5.4, Indonesia,115.696,-8.9212,128.0,2022-08-22 08:36:32.698000+00:00,2,green,2
1658679649850,"5km NE of Villa Park, CA",reviewed,0,11,earthquake,0.85,California,-117.7771667,33.843,9.62,2022-07-24 16:20:49.850000+00:00,1,blue,1
1647400330144,"4 km W of Walker, California",reviewed,0,15,earthquake,1.0, California,-119.5229,38.522,7.5,2022-03-16 03:12:10.144000+00:00,1,blue,1
1668778811180,"9 km NE of West Yellowstone, Montana",reviewed,0,3,earthquake,0.41, Montana,-111.0221667,44.729,7.86,2022-11-18 13:40:11.180000+00:00,1,blue,1
1653108665151,"13 km SW of Skwentna, Alaska",reviewed,0,50,earthquake,1.8, Alaska,-151.5873,61.902,85.5,2022-05-21 04:51:05.151000+00:00,0,red,0
1652150511050,"23km WSW of Ocotillo Wells, CA",reviewed,0,20,earthquake,1.14,California,-116.3503333,33.0455,12.08,2022-05-10 02:41:51.050000+00:00,1,blue,1
1650240133070,"38 km NNE of Amboy, Washington",reviewed,0,14,earthquake,0.97, Washington,-122.18216666666666,46.19833333333333,1.24,2022-04-18 00:02:13.070000+00:00,1,blue,1
1643811495705,"7 km W of Point MacKenzie, Alaska",reviewed,0,15,earthquake,1.0, Alaska,-150.1167,61.3593,43.3,2022-02-02 14:18:15.705000+00:00,1,blue,1
1665209518910,"24 km WSW of Salamatof, Alaska",reviewed,0,22,earthquake,1.2, Alaska,-151.6937,60.5036,66.9,2022-10-08 06:11:58.910000+00:00,0,red,0
1666278507830,"3km NNW of The Geysers, CA",automatic,0,11,earthquake,0.85,California,-122.7708359,38.8013344,1.44,2022-10-20 15:08:27.830000+00:00,1,blue,1
1666423454390,"8km W of Yountville, CA",reviewed,0,18,earthquake,1.09,California,-122.4478333,38.4105,5.39,2022-10-22 07:24:14.390000+00:00,1,blue,1
1644556795212,"55 km SE of Perryville, Alaska",reviewed,0,121,earthquake,2.8, Alaska,-158.5024,55.5748,38.5,2022-02-11 05:19:55.212000+00:00,0,red,0
1647149376330,"11km ENE of Ridgecrest, CA",reviewed,0,24,earthquake,1.26,California,-117.5583333,35.6533333,4.62,2022-03-13 05:29:36.330000+00:00,1,blue,1
1681106328521,"47 km N of Petersville, Alaska",reviewed,0,30,earthquake,1.4, Alaska,-150.7231,62.9247,103.1,2023-04-10 05:58:48.521000+00:00,0,red,0
1687775772380,"8km N of San Juan Bautista, CA",reviewed,0,26,earthquake,1.3,California,-121.5403333,36.917,7.21,2023-06-26 10:36:12.380000+00:00,1,blue,1
1642249572380,"13km WNW of Anza, CA",reviewed,0,19,earthquake,1.12,California,-116.8083333,33.5908333,6.58,2022-01-15 12:26:12.380000+00:00,1,blue,1
1682731029640,"4km WNW of Calexico, CA",reviewed,0,26,earthquake,1.29,California,-115.5381667,32.694,10.66,2023-04-29 01:17:09.640000+00:00,1,blue,1
1645327951980,"62 km SSW of Adak, Alaska",reviewed,0,44,earthquake,1.7, Alaska,-177.0158,51.3651,33.8,2022-02-20 03:32:31.980000+00:00,0,red,0
1668636131150,"6km SSW of Gilroy, CA",reviewed,0,11,earthquake,0.84,California,-121.5931667,36.9543333,5.06,2022-11-16 22:02:11.150000+00:00,1,blue,1
1648976411060,"21km NNW of Tehachapi, CA",reviewed,0,39,earthquake,1.59,California,-118.5743333,35.2948333,5.08,2022-04-03 09:00:11.060000+00:00,1,blue,1
1674430956130,"8km SSE of Idyllwild, CA",reviewed,0,10,earthquake,0.82,California,-116.6971667,33.6663333,16.22,2023-01-22 23:42:36.130000+00:00,1,blue,1
1651491730090,"13km SW of Borrego Springs, CA",reviewed,0,10,earthquake,0.79,California,-116.46,33.1611667,13.97,2022-05-02 11:42:10.090000+00:00,1,blue,1
1653659206276,"88 km NNW of Karluk, Alaska",reviewed,0,22,earthquake,1.2, Alaska,-154.8612,58.3297,6.2,2022-05-27 13:46:46.276000+00:00,1,blue,1
1648928712105,"94 km SSE of Atka, Alaska",reviewed,0,104,earthquake,2.6, Alaska,-173.4474,51.4883,10.0,2022-04-02 19:45:12.105000+00:00,0,red,0
1653693901422,"184 km SW of Nikolski, Alaska",reviewed,0,168,earthquake,3.3, Alaska,-171.127,52.0273,35.0,2022-05-27 23:25:01.422000+00:00,0,red,0
1682892864688,"51 km E of Pedro Bay, Alaska",reviewed,0,62,earthquake,2.0, Alaska,-153.2033,59.736,99.5,2023-04-30 22:14:24.688000+00:00,0,red,0
1656390627870,"16km WNW of Progreso, B.C., MX",reviewed,0,33,earthquake,1.47, B.C.,-115.7316667,32.6503333,7.86,2022-06-28 04:30:27.870000+00:00,1,blue,1
1664992727310,"33 km ESE of West Yellowstone, Montana",reviewed,0,6,earthquake,0.61, Montana,-110.695,44.6033333,4.66,2022-10-05 17:58:47.310000+00:00,1,blue,1
1645376791170,"5 km E of La Parguera, Puerto Rico",reviewed,0,47,earthquake,1.74, Puerto Rico,-66.9973333333333,17.9791666666667,14.34,2022-02-20 17:06:31.170000+00:00,0,red,0
1661024086009,south of the Fiji Islands,reviewed,0,369,earthquake,4.9,south of the Fiji Islands,-179.7869,-23.7229,508.398,2022-08-20 19:34:46.009000+00:00,2,pink,3
1666198877893,"102 km SSE of Sand Point, Alaska",reviewed,0,62,earthquake,2.0, Alaska,-159.7174,54.529,15.6,2022-10-19 17:01:17.893000+00:00,0,red,0
1665814940336,"225 km SSE of Nikolski, Alaska",reviewed,0,148,earthquake,3.1, Alaska,-167.9586,50.9939,10.0,2022-10-15 06:22:20.336000+00:00,0,red,0
1647353731988,Guam region,reviewed,0,298,earthquake,4.4,Guam region,144.871,13.1201,50.43,2022-03-15 14:15:31.988000+00:00,2,green,2
1644820692702,"34 km ESE of Cordova, Alaska",reviewed,0,22,earthquake,1.2, Alaska,-145.2275,60.3766,19.4,2022-02-14 06:38:12.702000+00:00,1,blue,1
1654198658230,"21km S of Bodfish, CA",reviewed,0,23,earthquake,1.23,California,-118.4575,35.4053333,1.89,2022-06-02 19:37:38.230000+00:00,1,blue,1
1679227362520,"17km ESE of Anza, CA",reviewed,0,2,earthquake,0.37,California,-116.5065,33.4933333,10.55,2023-03-19 12:02:42.520000+00:00,1,blue,1
1683163385200,"85 km NW of Karluk, Alaska",reviewed,0,0,earthquake,0.13, Alaska,-155.328666666667,58.178,2.51,2023-05-04 01:23:05.200000+00:00,1,blue,1
1669174661107,"20 km ESE of Kasilof, Alaska",reviewed,0,30,earthquake,1.4, Alaska,-150.9244,60.2823,61.4,2022-11-23 03:37:41.107000+00:00,0,red,0
1672726872120,"0 km WNW of Guayanilla, Puerto Rico",reviewed,0,74,earthquake,2.2, Puerto Rico,-66.7943333333333,18.0201666666667,16.91,2023-01-03 06:21:12.120000+00:00,0,red,0
1651493575650,"52 km NE of Kenny Lake, Alaska",reviewed,0,1,earthquake,0.31, Alaska,-144.171,62.0166666666667,15.45,2022-05-02 12:12:55.650000+00:00,1,blue,1
1657363518204,"Rat Islands, Aleutian Islands, Alaska",reviewed,0,10,earthquake,0.8, Aleutian Islands,178.3621,51.9776,4.7,2022-07-09 10:45:18.204000+00:00,1,blue,1
1647096430610,"4 km SSW of Guánica, Puerto Rico",reviewed,0,49,earthquake,1.79, Puerto Rico,-66.9175,17.9353333333333,13.27,2022-03-12 14:47:10.610000+00:00,0,red,0
1661083867470,"73 km ENE of Cruz Bay, U.S. Virgin Islands",reviewed,0,178,earthquake,3.4, U.S. Virgin Islands,-64.1658333333333,18.6201666666667,51.79,2022-08-21 12:11:07.470000+00:00,0,green,2
1669163377092,"30 km SE of Mina, Nevada",reviewed,0,4,earthquake,0.5, Nevada,-117.8866,38.1736,8.6,2022-11-23 00:29:37.092000+00:00,1,blue,1
1685937725482,"98 km S of False Pass, Alaska",reviewed,0,104,earthquake,2.6, Alaska,-163.6161,53.973,30.579,2023-06-05 04:02:05.482000+00:00,0,red,0
1658201744660,"1 km NNE of Guayanilla, Puerto Rico",reviewed,0,37,earthquake,1.55, Puerto Rico,-66.7853333333333,18.0328333333333,17.98,2022-07-19 03:35:44.660000+00:00,1,blue,1
1653311238317,"130 km W of Hihifo, Tonga",reviewed,0,385,earthquake,5.0, Tonga,-174.9933,-15.7513,10.0,2022-05-23 13:07:18.317000+00:00,2,green,2
1661107615096,"15 km NNE of Ta`?, American Samoa",reviewed,0,121,earthquake,2.8, American Samoa,-169.468,-14.1007,11.389,2022-08-21 18:46:55.096000+00:00,0,red,0
1684514792799,"9 km WNW of Wardville, Oklahoma",reviewed,0,33,earthquake,1.46, Oklahoma,-96.12366667,34.679,16.59,2023-05-19 16:46:32.799000+00:00,1,blue,1
1688111381160,Western Montana,reviewed,0,14,earthquake,0.94,Western Montana,-112.527166666667,46.9066666666667,9.67,2023-06-30 07:49:41.160000+00:00,1,blue,1
1646617533365,"11 km N of Eureka Roadhouse, Alaska",reviewed,0,30,earthquake,1.4, Alaska,-147.1253,62.0417,39.6,2022-03-07 01:45:33.365000+00:00,0,red,0
1666736672750,"7 km WNW of Coto Laurel, Puerto Rico",reviewed,0,86,earthquake,2.36, Puerto Rico,-66.6128333333333,18.0776666666667,18.8,2022-10-25 22:24:32.750000+00:00,0,red,0
1673201779765,Vanuatu,reviewed,0,340,earthquake,4.7,Vanuatu,166.9147,-15.0979,39.673,2023-01-08 18:16:19.765000+00:00,2,green,2
1678912534630,"4 km WSW of Fuig, Puerto Rico",reviewed,0,86,earthquake,2.36, Puerto Rico,-66.9561666666667,17.9755,5.17,2023-03-15 20:35:34.630000+00:00,0,red,0
1681592675993,"58 km SW of Cantwell, Alaska",reviewed,0,22,earthquake,1.2, Alaska,-149.7957,63.0332,89.6,2023-04-15 21:04:35.993000+00:00,0,red,0
1642116015690,"2km NE of Loma Linda, CA",reviewed,0,20,earthquake,1.14,California,-117.2476667,34.0618333,14.17,2022-01-13 23:20:15.690000+00:00,1,blue,1
1647874802679,"92 km NNW of Aleneva, Alaska",reviewed,0,22,earthquake,1.2, Alaska,-153.709,58.7737,6.5,2022-03-21 15:00:02.679000+00:00,1,blue,1
1675747590941,Turkey-Syria border region,reviewed,0,298,earthquake,4.4,Turkey-Syria border region,36.3488,36.1531,13.661,2023-02-07 05:26:30.941000+00:00,2,green,2
1687148029633,"129 km SSE of Pyapon, Myanmar",reviewed,0,326,earthquake,4.6, Myanmar,96.2152,15.235,10.0,2023-06-19 04:13:49.633000+00:00,2,green,2
1660820992877,"34 km SSW of Chalkyitsik, Alaska",reviewed,0,30,earthquake,1.4, Alaska,-143.8941,66.3535,17.8,2022-08-18 11:09:52.877000+00:00,1,blue,1
1666375571930,"10km S of Tres Pinos, CA",reviewed,0,81,earthquake,2.29,California,-121.3385,36.7056667,2.6,2022-10-21 18:06:11.930000+00:00,0,red,0
1651064874148,"14 km S of Point Possession, Alaska",reviewed,0,22,earthquake,1.2, Alaska,-150.7196,60.7982,42.4,2022-04-27 13:07:54.148000+00:00,1,blue,1
1652889225617,"140 km SE of Akutan, Alaska",reviewed,0,62,earthquake,2.0, Alaska,-164.466,53.145,28.2,2022-05-18 15:53:45.617000+00:00,0,red,0
1653459294609,"20 km WSW of Stevens Village, Alaska",reviewed,0,22,earthquake,1.2, Alaska,-149.543,65.9686,15.4,2022-05-25 06:14:54.609000+00:00,1,blue,1
1677654503020,"15km SE of Anza, CA",reviewed,0,0,earthquake,0.06,California,-116.5813333,33.448,8.25,2023-03-01 07:08:23.020000+00:00,1,blue,1
1659762052543,"65 km SSE of Adak, Alaska",reviewed,0,30,earthquake,1.4, Alaska,-176.3884,51.3022,25.6,2022-08-06 05:00:52.543000+00:00,1,blue,1
1649536846188,"47 km SW of Cantwell, Alaska",reviewed,0,39,earthquake,1.6, Alaska,-149.7314,63.1495,90.7,2022-04-09 20:40:46.188000+00:00,0,red,0
1680541530740,"3km SW of Anderson Springs, CA",automatic,0,20,earthquake,1.14,California,-122.7225037,38.7556648,2.88,2023-04-03 17:05:30.740000+00:00,1,blue,1
1655856717185,"9 km SW of Lachute, Canada",reviewed,0,44,earthquake,1.7, Canada,-74.409,45.5791,16.91,2022-06-22 00:11:57.185000+00:00,0,red,0
1656349034335,"93 km SE of Chuathbaluk, Alaska",reviewed,0,22,earthquake,1.2, Alaska,-158.1051,60.9396,15.1,2022-06-27 16:57:14.335000+00:00,1,blue,1
1663638201460,"23 km SSW of Mammoth, Wyoming",reviewed,0,29,earthquake,1.37, Wyoming,-110.8141667,44.7786667,5.6,2022-09-20 01:43:21.460000+00:00,1,blue,1
1669176342880,"6 km S of Indios, Puerto Rico",reviewed,0,81,earthquake,2.29, Puerto Rico,-66.83,17.9408333333333,11.56,2022-11-23 04:05:42.880000+00:00,0,red,0
1650186184150,"7km NW of The Geysers, CA",automatic,0,11,earthquake,0.85,California,-122.8096695,38.8279991,2.13,2022-04-17 09:03:04.150000+00:00,1,blue,1
1670293496748,"103 km ESE of Chalkyitsik, Alaska",reviewed,0,19,earthquake,1.1, Alaska,-141.7637,66.1622,4.7,2022-12-06 02:24:56.748000+00:00,1,blue,1
1678962060730,"14km SE of Anza, CA",reviewed,0,11,earthquake,0.83,California,-116.5586667,33.4691667,8.73,2023-03-16 10:21:00.730000+00:00,1,blue,1
1651076606624,"49 km WSW of Shishmaref, Alaska",reviewed,0,35,earthquake,1.5, Alaska,-167.0013,66.0149,1.2,2022-04-27 16:23:26.624000+00:00,1,blue,1
1676757833760,"7km NW of The Geysers, CA",reviewed,0,4,earthquake,0.5,California,-122.808,38.8215,2.96,2023-02-18 22:03:53.760000+00:00,1,blue,1
1644339701010,"4km W of Cobb, CA",automatic,0,5,earthquake,0.59,California,-122.7655029,38.8226662,2.14,2022-02-08 17:01:41.010000+00:00,1,blue,1
1660345256056,"36 km SSW of South Van Horn, Alaska",reviewed,0,44,earthquake,1.7, Alaska,-148.0312,64.4994,13.0,2022-08-12 23:00:56.056000+00:00,0,red,0
1657012202020,"7km NE of Borrego Springs, CA",reviewed,0,6,earthquake,0.61,California,-116.3343333,33.305,12.87,2022-07-05 09:10:02.020000+00:00,1,blue,1
1670377467330,"12km ESE of Alum Rock, CA",reviewed,0,14,earthquake,0.94,California,-121.6933333,37.3296667,7.14,2022-12-07 01:44:27.330000+00:00,1,blue,1
1675060717380,"14km SSE of Tres Pinos, CA",reviewed,0,28,earthquake,1.36,California,-121.257,36.6738333,4.81,2023-01-30 06:38:37.380000+00:00,1,blue,1
1680915921520,"10km NW of The Geysers, CA",automatic,0,16,earthquake,1.03,California,-122.8399963,38.8438339,2.0,2023-04-08 01:05:21.520000+00:00,1,blue,1
1661827565166,"29 km SSE of Mina, Nevada",reviewed,0,30,earthquake,1.4, Nevada,-117.9487,38.1554,10.2,2022-08-30 02:46:05.166000+00:00,1,blue,1
1672434636293,"164 km SW of Singkil, Indonesia",reviewed,0,271,earthquake,4.2, Indonesia,96.9432,1.0694,10.0,2022-12-30 21:10:36.293000+00:00,2,green,2
1666088843164,"1 km N of Ku?adas?, Turkey",reviewed,0,275,earthquake,4.2, Turkey,27.2544,37.8719,10.0,2022-10-18 10:27:23.164000+00:00,2,green,2
1671060215997,"Rat Islands, Aleutian Islands, Alaska",reviewed,0,62,earthquake,2.0, Aleutian Islands,178.7642,51.6593,66.6,2022-12-14 23:23:35.997000+00:00,0,red,0
1662660506787,"43 km N of Chickaloon, Alaska",reviewed,0,56,earthquake,1.9, Alaska,-148.3353,62.1851,36.8,2022-09-08 18:08:26.787000+00:00,0,red,0
1677648246560,"92 km W of Adak, Alaska",reviewed,0,27,earthquake,1.33, Alaska,-177.972,51.8613333333333,5.95,2023-03-01 05:24:06.560000+00:00,1,blue,1
1673436848572,Tonga region,reviewed,0,340,earthquake,4.7,Tonga region,-175.3489,-23.1878,10.0,2023-01-11 11:34:08.572000+00:00,2,green,2
1648399622640,"59 km WNW of Tyonek, Alaska",reviewed,0,1,earthquake,0.24, Alaska,-152.213166666667,61.1958333333333,5.73,2022-03-27 16:47:02.640000+00:00,1,blue,1
1660095565230,"7 km ENE of Coleville, California",reviewed,0,8,earthquake,0.7, California,-119.4225,38.5882,4.5,2022-08-10 01:39:25.230000+00:00,1,blue,1
1683090328510,"10km S of Idyllwild, CA",reviewed,0,4,earthquake,0.53,California,-116.7166667,33.6486667,13.03,2023-05-03 05:05:28.510000+00:00,1,blue,1
1652583188298,"22 km WSW of Susitna, Alaska",reviewed,0,35,earthquake,1.5, Alaska,-150.8689,61.436,72.1,2022-05-15 02:53:08.298000+00:00,0,red,0
1673649827410,"9km N of Borrego Springs, CA",reviewed,0,13,earthquake,0.93,California,-116.3673333,33.3403333,12.61,2023-01-13 22:43:47.410000+00:00,1,blue,1
1642747703180,"64 km NNE of Tanana, Alaska",reviewed,0,26,earthquake,1.3, Alaska,-151.499,65.6946,10.4,2022-01-21 06:48:23.180000+00:00,1,blue,1
1666443685861,"60 km ENE of Port Alsworth, Alaska",reviewed,0,56,earthquake,1.9, Alaska,-153.2415,60.3169,141.5,2022-10-22 13:01:25.861000+00:00,0,red,0
1680973833018,"7 km NNE of Fort Greely, Alaska",reviewed,0,8,earthquake,0.7, Alaska,-145.5185,63.9998,7.2,2023-04-08 17:10:33.018000+00:00,1,blue,1
1682548851497,"115 km E of Chignik, Alaska",reviewed,0,96,earthquake,2.5, Alaska,-156.5434,56.2669,65.0,2023-04-26 22:40:51.497000+00:00,0,red,0
1687760481641,"2 km SW of Kasilof, Alaska",reviewed,0,44,earthquake,1.7, Alaska,-151.3101,60.3218,45.5,2023-06-26 06:21:21.641000+00:00,0,red,0
1665426103290,"22km E of Little Lake, CA",reviewed,0,14,earthquake,0.97,California,-117.6688333,35.9138333,9.59,2022-10-10 18:21:43.290000+00:00,1,blue,1
1653232728380,"9 km SSE of Maria Antonia, Puerto Rico",reviewed,0,88,earthquake,2.39, Puerto Rico,-66.8585,17.8985,15.43,2022-05-22 15:18:48.380000+00:00,0,red,0
1683109810380,"2 km SSE of Hebgen Lake Estates, Montana",reviewed,0,0,earthquake,0.16, Montana,-111.1845,44.7501667,8.2,2023-05-03 10:30:10.380000+00:00,1,blue,1
1677787204031,"139 km S of Lata, Solomon Islands",reviewed,0,354,earthquake,4.8, Solomon Islands,165.9992,-11.9709,10.0,2023-03-02 20:00:04.031000+00:00,2,green,2
1658652668290,"10 km E of P?hala, Hawaii",automatic,0,60,earthquake,1.98000002, Hawaii,-155.377334594727,19.2220001220703,31.0599994659424,2022-07-24 08:51:08.290000+00:00,0,red,0
1660126068119,"253 km W of Abepura, Indonesia",reviewed,0,312,earthquake,4.5, Indonesia,138.3862,-2.9683,37.475,2022-08-10 10:07:48.119000+00:00,2,green,2
1669652580310,"19km ESE of Little Lake, CA",reviewed,0,10,earthquake,0.82,California,-117.7125,35.874,10.25,2022-11-28 16:23:00.310000+00:00,1,blue,1
1687863356610,"4 km E of Jordán, Colombia",reviewed,0,312,earthquake,4.5, Colombia,-73.0596,6.7328,161.999,2023-06-27 10:55:56.610000+00:00,2,green,2
1641781987084,"86 km NNW of Karluk, Alaska",reviewed,0,30,earthquake,1.4, Alaska,-154.815,58.3255,8.7,2022-01-10 02:33:07.084000+00:00,1,blue,1
1684068287080,"9km SSW of Idyllwild, CA",reviewed,0,8,earthquake,0.72,California,-116.7383333,33.6603333,15.09,2023-05-14 12:44:47.080000+00:00,1,blue,1
1679107949670,"6km NW of The Geysers, CA",automatic,0,9,earthquake,0.77,California,-122.7996674,38.8183327,2.98,2023-03-18 02:52:29.670000+00:00,1,blue,1
1654378192519,"44 km N of Chase, Alaska",reviewed,0,15,earthquake,1.0, Alaska,-150.1763,62.8453,70.1,2022-06-04 21:29:52.519000+00:00,1,blue,1
1650932308354,"78 km NNW of Kiana, Alaska",reviewed,0,89,earthquake,2.4, Alaska,-160.9287,67.6497,18.4,2022-04-26 00:18:28.354000+00:00,0,red,0
1688276573518,"68 km W of Tyonek, Alaska",reviewed,0,30,earthquake,1.4, Alaska,-152.4082,61.0372,108.9,2023-07-02 05:42:53.518000+00:00,0,red,0
1652857740563,"Rat Islands, Aleutian Islands, Alaska",reviewed,0,39,earthquake,1.6, Aleutian Islands,178.9046,51.2367,14.8,2022-05-18 07:09:00.563000+00:00,1,blue,1
1648604355641,"18 km SW of Nanwalek, Alaska",reviewed,0,30,earthquake,1.4, Alaska,-152.1745,59.2476,57.2,2022-03-30 01:39:15.641000+00:00,0,red,0
1642468034403,"41 km NW of Nuku‘alofa, Tonga",reviewed,0,326,earthquake,4.6, Tonga,-175.4278,-20.8303,10.0,2022-01-18 01:07:14.403000+00:00,2,green,2
1669747989170,"32 km E of Honaunau-Napoopoo, Hawaii",reviewed,0,33,earthquake,1.46, Hawaii,-155.559,19.5006666666667,0.13,2022-11-29 18:53:09.170000+00:00,1,blue,1
1649149677378,"6 km S of White Mountain, Alaska",reviewed,0,30,earthquake,1.4, Alaska,-163.4146,64.6246,6.3,2022-04-05 09:07:57.378000+00:00,1,blue,1
1647249507834,"14 km ESE of Sand Point, Alaska",reviewed,0,35,earthquake,1.5, Alaska,-160.2954,55.2862,9.0,2022-03-14 09:18:27.834000+00:00,1,blue,1
1656801204410,South Sandwich Islands region,reviewed,0,312,earthquake,4.5,South Sandwich Islands region,-26.9772,-55.8183,35.0,2022-07-02 22:33:24.410000+00:00,2,green,2
1665541692310,"7km W of Cobb, CA",automatic,0,1,earthquake,0.22,California,-122.7981644,38.8336678,2.22,2022-10-12 02:28:12.310000+00:00,1,blue,1
1655821937700,"8km E of Coso Junction, CA",reviewed,0,5,earthquake,0.58,California,-117.8593333,36.037,1.37,2022-06-21 14:32:17.700000+00:00,1,blue,1
1656153345084,"4 km NNW of Lindsay, Texas",reviewed,0,68,earthquake,2.1, Texas,-103.5503059,31.41206046,7.288427734,2022-06-25 10:35:45.084000+00:00,0,red,0
1671944006109,"82 km WSW of Adak, Alaska",reviewed,0,56,earthquake,1.9, Alaska,-177.7579,51.6235,24.1,2022-12-25 04:53:26.109000+00:00,0,red,0
1689563185340,"85 km NW of Karluk, Alaska",reviewed,0,0,earthquake,0.12, Alaska,-155.315333333333,58.182,2.23,2023-07-17 03:06:25.340000+00:00,1,blue,1
1657627633298,"49 km ESE of Denali Park, Alaska",reviewed,0,35,earthquake,1.5, Alaska,-147.9579,63.5897,14.1,2022-07-12 12:07:13.298000+00:00,1,blue,1
1668395495620,"2km N of The Geysers, CA",automatic,0,5,earthquake,0.55,California,-122.7596664,38.7916679,1.83,2022-11-14 03:11:35.620000+00:00,1,blue,1
1650164117770,"19km ESE of Little Lake, CA",reviewed,0,14,earthquake,0.94,California,-117.7033333,35.8951667,9.22,2022-04-17 02:55:17.770000+00:00,1,blue,1
1662172273260,Washington-Oregon border region,reviewed,0,49,earthquake,1.78,Washington-Oregon border region,-121.70483333333334,45.322,5.1,2022-09-03 02:31:13.260000+00:00,0,red,0
1655597021396,"43 km ENE of Pedro Bay, Alaska",reviewed,0,56,earthquake,1.9, Alaska,-153.3994,59.9434,136.8,2022-06-19 00:03:41.396000+00:00,0,red,0
1667990482450,"4km WSW of Colma, CA",reviewed,0,28,earthquake,1.34,California,-122.502,37.655,8.53,2022-11-09 10:41:22.450000+00:00,1,blue,1
1654852283510,"13 km NE of Lakefield, Canada",reviewed,0,82,earthquake,2.3, Canada,-78.1565,44.5301,5.25,2022-06-10 09:11:23.510000+00:00,0,red,0
1651978544600,"2km NNE of Pinnacles, CA",reviewed,0,29,earthquake,1.37,California,-121.1366667,36.5453333,8.99,2022-05-08 02:55:44.600000+00:00,1,blue,1
1674284489900,"7km W of Cobb, CA",automatic,0,16,earthquake,1.03,California,-122.8058319,38.8348351,1.85,2023-01-21 07:01:29.900000+00:00,1,blue,1
1642751932761,"48 km WNW of Petersville, Alaska",reviewed,0,35,earthquake,1.5, Alaska,-151.6621,62.628,9.7,2022-01-21 07:58:52.761000+00:00,1,blue,1
1657276626512,"49 km W of Atka, Alaska",reviewed,0,30,earthquake,1.4, Alaska,-174.9285,52.179,12.4,2022-07-08 10:37:06.512000+00:00,1,blue,1
1676899956590,"3 km SW of P?hala, Hawaii",automatic,0,72,earthquake,2.16, Hawaii,-155.509170532227,19.1828327178955,33.5999984741211,2023-02-20 13:32:36.590000+00:00,0,red,0
1689875878218,"21 km NNW of Stevens Village, Alaska",reviewed,0,35,earthquake,1.5, Alaska,-149.2701,66.1867,17.1,2023-07-20 17:57:58.218000+00:00,1,blue,1
1686183685000,"13km ESE of Coalinga, CA",reviewed,0,19,earthquake,1.1,California,-120.214,36.1158333,8.87,2023-06-08 00:21:25+00:00,1,blue,1
1671530681730,"7km W of Cobb, CA",automatic,0,7,earthquake,0.67,California,-122.8008347,38.8310013,1.48,2022-12-20 10:04:41.730000+00:00,1,blue,1
1653140817332,"55 km E of Kobuk, Alaska",reviewed,0,39,earthquake,1.6, Alaska,-155.6166,66.9831,2.6,2022-05-21 13:46:57.332000+00:00,1,blue,1
1690204479860,"5km NW of San Jacinto, CA",reviewed,0,4,earthquake,0.51,California,-116.9918333,33.8165,12.68,2023-07-24 13:14:39.860000+00:00,1,blue,1
1685805798450,"4km NNW of The Geysers, CA",automatic,0,9,earthquake,0.76,California,-122.7713318,38.8061676,0.66,2023-06-03 15:23:18.450000+00:00,1,blue,1
1645154171434,"36 km ENE of Beatty, Nevada",reviewed,0,1,earthquake,0.3, Nevada,-116.3784,37.0402,9.6,2022-02-18 03:16:11.434000+00:00,1,blue,1
1679310838119,"45 km WSW of Cantwell, Alaska",reviewed,0,22,earthquake,1.2, Alaska,-149.7289,63.1784,90.1,2023-03-20 11:13:58.119000+00:00,0,red,0
1651281037139,"123 km NNE of Tobelo, Indonesia",reviewed,0,271,earthquake,4.2, Indonesia,128.5182,2.7214,202.64,2022-04-30 01:10:37.139000+00:00,2,green,2
1681035196540,"131 km W of Haines Junction, Canada",reviewed,0,22,earthquake,1.2, Canada,-139.9175,60.7304,9.9,2023-04-09 10:13:16.540000+00:00,1,blue,1
1680658587250,"44 km NNW of Paxson, Alaska",reviewed,0,15,earthquake,1.0, Alaska,-146.0305,63.4382,14.5,2023-04-05 01:36:27.250000+00:00,1,blue,1
1664114470570,"21 km SSW of Mammoth, Wyoming",reviewed,0,1,earthquake,0.29, Wyoming,-110.8116667,44.7985,7.56,2022-09-25 14:01:10.570000+00:00,1,blue,1
1644616527890,South Sandwich Islands region,reviewed,0,340,earthquake,4.7,South Sandwich Islands region,-23.8766,-59.1459,10.0,2022-02-11 21:55:27.890000+00:00,2,green,2
1678286335957,"104 km W of Adak, Alaska",reviewed,0,74,earthquake,2.2, Alaska,-178.1502,51.8568,6.0,2023-03-08 14:38:55.957000+00:00,0,red,0
1669749307943,"39 km SSW of Cantwell, Alaska",reviewed,0,15,earthquake,1.0, Alaska,-149.3794,63.0967,83.7,2022-11-29 19:15:07.943000+00:00,0,red,0
1646089761790,"11km W of The Geysers, CA",reviewed,0,6,earthquake,0.61,California,-122.8788333,38.7668333,2.89,2022-02-28 23:09:21.790000+00:00,1,blue,1
1653875485060,"12km E of Borrego Springs, CA",reviewed,0,11,earthquake,0.85,California,-116.2421667,33.2583333,10.5,2022-05-30 01:51:25.060000+00:00,1,blue,1
1641301373499,"Kepulauan Barat Daya, Indonesia",reviewed,0,312,earthquake,4.5, Indonesia,127.7416,-7.0385,298.19,2022-01-04 13:02:53.499000+00:00,2,pink,3
1641080554750,"7 km E of P?hala, Hawaii",automatic,0,72,earthquake,2.16000009, Hawaii,-155.403167724609,19.2043342590332,31.6599998474121,2022-01-01 23:42:34.750000+00:00,0,red,0
1675654645547,"Kenai Peninsula, Alaska",reviewed,0,62,earthquake,2.0, Alaska,-148.8316,60.0223,1.4,2023-02-06 03:37:25.547000+00:00,0,red,0
1649389080290,"7km WNW of The Geysers, CA",automatic,0,2,earthquake,0.35,California,-122.8231659,38.8106651,2.05,2022-04-08 03:38:00.290000+00:00,1,blue,1
1660312371140,"80 km WSW of Karluk, Alaska",reviewed,0,30,earthquake,1.4, Alaska,-155.748,57.3766,10.0,2022-08-12 13:52:51.140000+00:00,1,blue,1
1687861984940,"9km SSW of Mariposa, CA",reviewed,0,73,earthquake,2.18,California,-119.9928333,37.4071667,16.49,2023-06-27 10:33:04.940000+00:00,0,red,0
1675223647580,Alaska Peninsula,reviewed,0,168,earthquake,3.3,Alaska Peninsula,-160.7424,55.9974,149.505,2023-02-01 03:54:07.580000+00:00,2,red,0
1672259148380,"14 km S of Guánica, Puerto Rico",reviewed,0,48,earthquake,1.76, Puerto Rico,-66.9003333333333,17.8441666666667,11.56,2022-12-28 20:25:48.380000+00:00,0,red,0
1661807779351,"52 km E of Pedro Bay, Alaska",reviewed,0,30,earthquake,1.4, Alaska,-153.1851,59.8549,115.3,2022-08-29 21:16:19.351000+00:00,0,red,0
1649584547988,"59 km WNW of Ninilchik, Alaska",reviewed,0,22,earthquake,1.2, Alaska,-152.5776,60.3289,96.1,2022-04-10 09:55:47.988000+00:00,0,red,0
1673492015270,"93 km SSE of Nikolski, Alaska",reviewed,0,138,earthquake,3.0, Alaska,-168.1989,52.2063,10.0,2023-01-12 02:53:35.270000+00:00,0,red,0
1660604121540,"14 km ENE of Boulder City, Nevada",reviewed,0,56,earthquake,1.9, Nevada,-114.6752,36.0072,11.6,2022-08-15 22:55:21.540000+00:00,0,red,0
1649819102284,"46 km SE of Denali National Park, Alaska",reviewed,0,19,earthquake,1.1, Alaska,-151.0349,63.2612,11.0,2022-04-13 03:05:02.284000+00:00,1,blue,1
1655029837370,"4km SSW of San Bruno, CA",reviewed,0,10,earthquake,0.81,California,-122.4348333,37.6011667,6.37,2022-06-12 10:30:37.370000+00:00,1,blue,1
1683147837407,"48 km S of Nelchina, Alaska",reviewed,0,15,earthquake,1.0, Alaska,-146.6633,61.5555,16.7,2023-05-03 21:03:57.407000+00:00,1,blue,1
1668100332503,"60 km S of Shungnak, Alaska",reviewed,0,19,earthquake,1.1, Alaska,-157.3201,66.3463,33.9,2022-11-10 17:12:12.503000+00:00,1,blue,1
1666469853248,"64 km ESE of Denali National Park, Alaska",reviewed,0,22,earthquake,1.2, Alaska,-150.5772,63.2833,125.3,2022-10-22 20:17:33.248000+00:00,0,red,0
1666044283280,"4 km E of P?hala, Hawaii",automatic,0,71,earthquake,2.1500001, Hawaii,-155.432006835938,19.2014999389648,31.7099990844727,2022-10-17 22:04:43.280000+00:00,0,red,0
1655003881045,"Rat Islands, Aleutian Islands, Alaska",reviewed,0,121,earthquake,2.8, Aleutian Islands,178.2802,51.8503,116.15,2022-06-12 03:18:01.045000+00:00,0,red,0
1649116827200,"11km WNW of Cobb, CA",reviewed,0,7,earthquake,0.66,California,-122.8363333,38.8598333,0.81,2022-04-05 00:00:27.200000+00:00,1,blue,1
1690401962410,"6 km SW of Volcano, Hawaii",reviewed,0,30,earthquake,1.39, Hawaii,-155.275166666667,19.4003333333333,1.14,2023-07-26 20:06:02.410000+00:00,1,blue,1
1675022440165,"67 km WSW of Adak, Alaska",reviewed,0,211,earthquake,3.7, Alaska,-177.5413,51.6591,75.946,2023-01-29 20:00:40.165000+00:00,2,green,2
1666495422420,"14km W of Toms Place, CA",reviewed,0,0,earthquake,0.05,California,-118.8313333,37.5443333,6.43,2022-10-23 03:23:42.420000+00:00,1,blue,1
1682835930430,"84 km NW of Karluk, Alaska",reviewed,0,1,earthquake,0.31, Alaska,-155.279333333333,58.1868333333333,2.66,2023-04-30 06:25:30.430000+00:00,1,blue,1
1643796065740,"23km ESE of Anza, CA",reviewed,0,78,earthquake,2.25,California,-116.4461667,33.4766667,13.26,2022-02-02 10:01:05.740000+00:00,0,red,0
1678025225190,"8km WNW of Cobb, CA",automatic,0,8,earthquake,0.71,California,-122.8160019,38.8465004,1.46,2023-03-05 14:07:05.190000+00:00,1,blue,1
1649262167960,"7km W of Cobb, CA",automatic,0,12,earthquake,0.89,California,-122.8033371,38.8294983,1.81,2022-04-06 16:22:47.960000+00:00,1,blue,1
1648151068830,"39 km NW of San Antonio, Puerto Rico",reviewed,0,103,earthquake,2.59, Puerto Rico,-67.3395,18.7631666666667,11.7,2022-03-24 19:44:28.830000+00:00,0,red,0
1670405893484,"48 km NW of Tatitlek, Alaska",reviewed,0,40,earthquake,1.6, Alaska,-147.3754,61.1351,5.9,2022-12-07 09:38:13.484000+00:00,1,blue,1
1682664968250,"1 km NE of Guayanilla, Puerto Rico",reviewed,0,134,earthquake,2.95, Puerto Rico,-66.7818333333333,18.0265,15.89,2023-04-28 06:56:08.250000+00:00,0,red,0
1673190880993,"2 km ESE of Point MacKenzie, Alaska",reviewed,0,19,earthquake,1.1, Alaska,-149.9364,61.3505,31.0,2023-01-08 15:14:40.993000+00:00,1,blue,1
1657613033310,"20km ESE of Anza, CA",reviewed,0,1,earthquake,0.29,California,-116.457,33.5166667,7.35,2022-07-12 08:03:53.310000+00:00,1,blue,1
1660601750361,"45 km N of Bor?zj?n, Iran",reviewed,0,298,earthquake,4.4, Iran,51.1637,29.6765,10.0,2022-08-15 22:15:50.361000+00:00,2,green,2
1647494491848,"90 km SSE of Akutan, Alaska",reviewed,0,112,earthquake,2.7, Alaska,-165.1782,53.4002,35.0,2022-03-17 05:21:31.848000+00:00,0,red,0
1681740808210,"6 km WNW of Horntown, Oklahoma",reviewed,0,15,earthquake,0.99, Oklahoma,-96.31466667,35.10333333,5.41,2023-04-17 14:13:28.210000+00:00,1,blue,1
1660634447240,"6 km E of P?hala, Hawaii",automatic,0,58,earthquake,1.94000006, Hawaii,-155.421661376953,19.2131671905518,32.7900009155273,2022-08-16 07:20:47.240000+00:00,0,red,0
1647126463531,"27 km SW of Adak, Alaska",reviewed,0,19,earthquake,1.1, Alaska,-176.9445,51.7155,7.9,2022-03-12 23:07:43.531000+00:00,1,blue,1
1650826645530,Fiji region,reviewed,0,284,earthquake,4.3,Fiji region,-178.717,-21.1584,551.52,2022-04-24 18:57:25.530000+00:00,2,pink,3
1657985418390,"42 km ENE of Adak, Alaska",reviewed,0,0,earthquake,0.03, Alaska,-176.084666666667,52.0545,11.9,2022-07-16 15:30:18.390000+00:00,1,blue,1
1661712102780,"8 km ENE of P?hala, Hawaii",automatic,0,79,earthquake,2.26999998, Hawaii,-155.408493041992,19.2311668395996,33.1300010681152,2022-08-28 18:41:42.780000+00:00,0,red,0
1652128581620,"8km NNW of Borrego Springs, CA",reviewed,0,21,earthquake,1.17,California,-116.3966667,33.3288333,8.54,2022-05-09 20:36:21.620000+00:00,1,blue,1
1642128030539,"12 km E of Crowder, Oklahoma",reviewed,0,28,earthquake,1.35, Oklahoma,-95.53516667,35.126,7.83,2022-01-14 02:40:30.539000+00:00,1,blue,1
1667685647300,"3 km WNW of Sierra City, California",reviewed,0,35,earthquake,1.5, California,-120.6659,39.5784,9.7,2022-11-05 22:00:47.300000+00:00,1,blue,1
1648933076213,"28 km SSE of King Salmon, Alaska",reviewed,0,19,earthquake,1.1, Alaska,-156.5028,58.447,15.1,2022-04-02 20:57:56.213000+00:00,1,blue,1
1671882324210,"65 km NE of Atka, Alaska",reviewed,0,129,earthquake,2.9, Alaska,-173.4055,52.5351,92.06,2022-12-24 11:45:24.210000+00:00,0,red,0
1651225799680,"4km ESE of Boonville, CA",reviewed,0,22,earthquake,1.2,California,-123.3291667,38.9943333,3.08,2022-04-29 09:49:59.680000+00:00,1,blue,1
1671042250420,"8km NW of The Geysers, CA",automatic,0,1,earthquake,0.27,California,-122.8186646,38.8333321,1.69,2022-12-14 18:24:10.420000+00:00,1,blue,1
1653256887394,"4 km SSE of Houston, Alaska",reviewed,0,30,earthquake,1.4, Alaska,-149.7851,61.5918,43.4,2022-05-22 22:01:27.394000+00:00,0,red,0
1687327994422,"60 km E of Pedro Bay, Alaska",reviewed,0,44,earthquake,1.7, Alaska,-153.0372,59.808,101.6,2023-06-21 06:13:14.422000+00:00,0,red,0
1652380487979,"5 km N of ?a?ak, Serbia",reviewed,0,148,earthquake,3.1, Serbia,20.3422,43.9411,10.0,2022-05-12 18:34:47.979000+00:00,0,red,0
1676656575210,Idaho-Montana border region,reviewed,0,11,earthquake,0.83,Idaho-Montana border region,-111.1013333,44.7425,10.03,2023-02-17 17:56:15.210000+00:00,1,blue,1
1659576561262,"44 km SW of Cantwell, Alaska",reviewed,0,30,earthquake,1.4, Alaska,-149.4863,63.0747,73.8,2022-08-04 01:29:21.262000+00:00,0,red,0
1677789277310,"35 km E of Port Heiden, Alaska",reviewed,0,9,earthquake,0.78, Alaska,-158.047666666667,56.9115,2.97,2023-03-02 20:34:37.310000+00:00,1,blue,1
1671153443457,"21 km E of Kasilof, Alaska",reviewed,0,22,earthquake,1.2, Alaska,-150.8888,60.3064,7.9,2022-12-16 01:17:23.457000+00:00,1,blue,1
1645618082917,"73 km N of Petersville, Alaska",reviewed,0,26,earthquake,1.3, Alaska,-150.5498,63.144,110.6,2022-02-23 12:08:02.917000+00:00,0,red,0
1644576583270,"7km NW of The Geysers, CA",automatic,0,11,earthquake,0.84,California,-122.8073349,38.8251648,6.01,2022-02-11 10:49:43.270000+00:00,1,blue,1
1641014235534,"64 km N of Chase, Alaska",reviewed,0,26,earthquake,1.3, Alaska,-150.0973,63.0306,85.5,2022-01-01 05:17:15.534000+00:00,0,red,0
1679128976560,"2km NW of The Geysers, CA",automatic,0,19,earthquake,1.11,California,-122.7675018,38.7879982,1.96,2023-03-18 08:42:56.560000+00:00,1,blue,1
1673706687485,"39 km WNW of Port-Olry, Vanuatu",reviewed,0,400,earthquake,5.1, Vanuatu,166.7189,-14.9489,20.746,2023-01-14 14:31:27.485000+00:00,2,green,2
1678396589394,"44 km WNW of Beluga, Alaska",reviewed,0,44,earthquake,1.7, Alaska,-151.8676,61.2614,91.7,2023-03-09 21:16:29.394000+00:00,0,red,0
1684350982870,"9 km ENE of Pāhala, Hawaii",automatic,0,78,earthquake,2.25, Hawaii,-155.391006469727,19.2291660308838,29.8400001525879,2023-05-17 19:16:22.870000+00:00,0,red,0
1660371606295,"14 km WNW of Stanley, Idaho",reviewed,0,22,earthquake,1.2, Idaho,-115.1218,44.2443,10.0,2022-08-13 06:20:06.295000+00:00,1,blue,1
1641694757540,"6km NW of The Geysers, CA",automatic,0,8,earthquake,0.74,California,-122.8146667,38.8144989,3.22,2022-01-09 02:19:17.540000+00:00,1,blue,1
1646062624409,Pacific-Antarctic Ridge,reviewed,0,312,earthquake,4.5,Pacific-Antarctic Ridge,-145.2192,-55.5364,10.0,2022-02-28 15:37:04.409000+00:00,2,green,2
1643173249820,"15km NE of Little Lake, CA",reviewed,0,23,earthquake,1.21,California,-117.779,36.0248333,1.7,2022-01-26 05:00:49.820000+00:00,1,blue,1
1671142879030,"13 km ENE of Government Camp, Oregon",reviewed,0,3,earthquake,0.43, Oregon,-121.59233333333331,45.3385,6.16,2022-12-15 22:21:19.030000+00:00,1,blue,1
1641506350140,"3km WNW of Anderson Springs, CA",automatic,0,8,earthquake,0.71,California,-122.7211685,38.7804985,2.08,2022-01-06 21:59:10.140000+00:00,1,blue,1
1682750933790,"7km NE of Aromas, CA",reviewed,0,23,earthquake,1.22,California,-121.5861667,36.9281667,8.71,2023-04-29 06:48:53.790000+00:00,1,blue,1
1681292578320,"5km NW of The Geysers, CA",reviewed,0,41,earthquake,1.62,California,-122.7965,38.8065,3.31,2023-04-12 09:42:58.320000+00:00,1,blue,1
1670779393190,"14 km S of Fern Forest, Hawaii",reviewed,0,93,earthquake,2.46, Hawaii,-155.124833333333,19.3365,4.82,2022-12-11 17:23:13.190000+00:00,0,red,0
1680771272231,"3 km ESE of Clifton, New Zealand",reviewed,0,97,earthquake,2.5, New Zealand,172.7848,-43.5791,15.692,2023-04-06 08:54:32.231000+00:00,0,red,0
1684868906550,"9km NNE of Gonzales, CA",reviewed,0,26,earthquake,1.31,California,-121.4155,36.5821667,1.95,2023-05-23 19:08:26.550000+00:00,1,blue,1
1676506459285,western Texas,reviewed,0,50,earthquake,1.8,western Texas,-103.9965272,31.61377322,8.085375977,2023-02-16 00:14:19.285000+00:00,0,red,0
1673159144385,"84 km SSE of King Cove, Alaska",reviewed,0,68,earthquake,2.1, Alaska,-161.6351,54.4119,10.3,2023-01-08 06:25:44.385000+00:00,0,red,0
1665637491380,"10 km ENE of Seldovia Village, Alaska",reviewed,0,44,earthquake,1.7, Alaska,-151.4791,59.4966,69.2,2022-10-13 05:04:51.380000+00:00,0,red,0
1665554419070,"11 km SSE of Volcano, Hawaii",automatic,0,51,earthquake,1.82000005, Hawaii,-155.204162597656,19.3446674346924,4.01999998092651,2022-10-12 06:00:19.070000+00:00,0,red,0
1686290941170,"85 km NW of Karluk, Alaska",reviewed,0,6,earthquake,0.64, Alaska,-155.325833333333,58.1811666666667,2.52,2023-06-09 06:09:01.170000+00:00,1,blue,1
1671601285680,"16km WSW of Ferndale, CA",reviewed,0,93,earthquake,2.46,California,-124.4321667,40.5063333,16.4,2022-12-21 05:41:25.680000+00:00,0,red,0
1684836651569,"91 km NW of Aleneva, Alaska",reviewed,0,89,earthquake,2.4, Alaska,-154.1689,58.5391,90.6,2023-05-23 10:10:51.569000+00:00,0,red,0
1678284251059,"Andreanof Islands, Aleutian Islands, Alaska",reviewed,0,56,earthquake,1.9, Aleutian Islands,-178.1552,51.8455,5.9,2023-03-08 14:04:11.059000+00:00,0,red,0
1679924505333,Samoa Islands region,reviewed,0,312,earthquake,4.5,Samoa Islands region,-173.6418,-14.7661,10.0,2023-03-27 13:41:45.333000+00:00,2,green,2
1662539836609,"42 km NNW of Petersville, Alaska",reviewed,0,15,earthquake,1.0, Alaska,-150.9913,62.8654,98.5,2022-09-07 08:37:16.609000+00:00,0,red,0
1685650036880,"13 km NW of Stanley, Idaho",reviewed,0,17,earthquake,1.05, Idaho,-115.081166666667,44.2863333333333,7.39,2023-06-01 20:07:16.880000+00:00,1,blue,1
1685033969500,"18 km NNW of Nanwalek, Alaska",reviewed,0,22,earthquake,1.2, Alaska,-152.0116,59.5131,59.4,2023-05-25 16:59:29.500000+00:00,1,red,0
1668595376220,"18 km NNW of Taylor, Wyoming",reviewed,0,38,earthquake,1.58, Wyoming,-111.0926667,42.2136667,7.27,2022-11-16 10:42:56.220000+00:00,1,blue,1
1672974088380,"6km WNW of The Geysers, CA",reviewed,0,7,earthquake,0.66,California,-122.8178333,38.806,3.0,2023-01-06 03:01:28.380000+00:00,1,blue,1
1686009358390,"63 km ENE of Pedro Bay, Alaska",reviewed,0,4,earthquake,0.5, Alaska,-153.069333333333,60.0256666666667,1.06,2023-06-05 23:55:58.390000+00:00,1,blue,1
1662622583175,"45 km SW of Lixoúri, Greece",reviewed,0,482,earthquake,5.5, Greece,20.0987,37.8942,10.482,2022-09-08 07:36:23.175000+00:00,2,green,2
1657806972465,"10 km SE of Tyonek, Alaska",reviewed,0,19,earthquake,1.1, Alaska,-151.0261,60.9937,65.6,2022-07-14 13:56:12.465000+00:00,1,blue,1
1669569045970,"7km S of Idyllwild, CA",reviewed,0,64,earthquake,2.03,California,-116.7316667,33.68,15.85,2022-11-27 17:10:45.970000+00:00,0,red,0
1668030442744,"22 km NW of Stanley, Idaho",reviewed,0,26,earthquake,1.3, Idaho,-115.1076,44.3765,10.0,2022-11-09 21:47:22.744000+00:00,1,blue,1
1647837851860,"6 km NE of Ninilchik, Alaska",reviewed,0,19,earthquake,1.1, Alaska,-151.5865,60.0896,55.6,2022-03-21 04:44:11.860000+00:00,1,blue,1
1650956821690,"1 km N of Magas Arriba, Puerto Rico",reviewed,0,121,earthquake,2.81, Puerto Rico,-66.768,18.0273333333333,13.13,2022-04-26 07:07:01.690000+00:00,0,red,0
1646977467059,"5 km E of Hennessey, Oklahoma",reviewed,0,34,earthquake,1.49, Oklahoma,-97.83666667,36.10233333,6.26,2022-03-11 05:44:27.059000+00:00,1,blue,1
1670260350810,"6km NW of The Geysers, CA",reviewed,0,3,earthquake,0.43,California,-122.8001667,38.821,2.84,2022-12-05 17:12:30.810000+00:00,1,blue,1
1648280466068,"51 km NNE of Petersville, Alaska",reviewed,0,26,earthquake,1.3, Alaska,-150.4787,62.9361,91.6,2022-03-26 07:41:06.068000+00:00,0,red,0
1645330077251,"120 km E of McCarthy, Alaska",reviewed,0,15,earthquake,1.0, Alaska,-140.6573,61.5012,2.3,2022-02-20 04:07:57.251000+00:00,1,blue,1
1647804357762,"54 km SSE of Adak, Alaska",reviewed,0,44,earthquake,1.7, Alaska,-176.3507,51.4155,20.8,2022-03-20 19:25:57.762000+00:00,0,red,0
1679907210676,"87 km NNW of Karluk, Alaska",reviewed,0,35,earthquake,1.5, Alaska,-155.1583,58.2556,0.3,2023-03-27 08:53:30.676000+00:00,1,blue,1
1688334442100,"60 km WSW of Sand Point, Alaska",reviewed,0,68,earthquake,2.1, Alaska,-161.327,55.0602,66.6,2023-07-02 21:47:22.100000+00:00,0,red,0
1649359571110,"26km SSW of Ocotillo Wells, CA",reviewed,0,18,earthquake,1.08,California,-116.2295,32.9263333,9.64,2022-04-07 19:26:11.110000+00:00,1,blue,1
1648058162620,"55 km ENE of Adak, Alaska",reviewed,0,6,earthquake,0.62, Alaska,-175.919166666667,52.0988333333333,9.18,2022-03-23 17:56:02.620000+00:00,1,blue,1
1642716356971,"45 km W of Cantwell, Alaska",reviewed,0,30,earthquake,1.4, Alaska,-149.8676,63.4086,106.7,2022-01-20 22:05:56.971000+00:00,0,red,0
1666124779315,"Fox Islands, Aleutian Islands, Alaska",reviewed,0,234,earthquake,3.9, Aleutian Islands,-169.4062,52.0837,10.0,2022-10-18 20:26:19.315000+00:00,2,green,2
1683705023372,"21 km NNW of Willow, Alaska",reviewed,0,22,earthquake,1.2, Alaska,-150.1647,61.9346,65.0,2023-05-10 07:50:23.372000+00:00,0,red,0
1648278955444,"87 km WNW of Pangai, Tonga",reviewed,0,312,earthquake,4.5, Tonga,-175.1573,-19.5997,149.31,2022-03-26 07:15:55.444000+00:00,2,green,2
1644608562020,"3km N of The Geysers, CA",automatic,0,3,earthquake,0.45,California,-122.7613297,38.8079987,1.07,2022-02-11 19:42:42.020000+00:00,1,blue,1
1676139590440,"Andreanof Islands, Aleutian Islands, Alaska",reviewed,0,4,earthquake,0.52, Aleutian Islands,-177.976833333333,51.8458333333333,2.5,2023-02-11 18:19:50.440000+00:00,1,blue,1
1677631871350,"89 km W of Adak, Alaska",reviewed,0,15,earthquake,1.0, Alaska,-177.936166666667,51.857,4.36,2023-03-01 00:51:11.350000+00:00,1,blue,1
1658110829252,"93 km S of Eureka, Nevada",reviewed,0,56,earthquake,1.9, Nevada,-116.096,38.6762,0.0,2022-07-18 02:20:29.252000+00:00,0,red,0
1643785484310,"6km SW of Gilroy, CA",reviewed,0,28,earthquake,1.36,California,-121.6105,36.9675,3.18,2022-02-02 07:04:44.310000+00:00,1,blue,1
1669325555335,"61 km S of Ust’-Kamchatsk Staryy, Russia",reviewed,0,326,earthquake,4.6, Russia,162.4859,55.6792,39.484,2022-11-24 21:32:35.335000+00:00,2,green,2
1680876589800,"9km SSW of Idyllwild, CA",reviewed,0,3,earthquake,0.44,California,-116.7576667,33.6623333,13.88,2023-04-07 14:09:49.800000+00:00,1,blue,1
1662422229940,"9 km SE of P?hala, Hawaii",automatic,0,70,earthquake,2.13000011, Hawaii,-155.422500610352,19.1411666870117,32.1300010681152,2022-09-05 23:57:09.940000+00:00,0,red,0
1687136265180,Utah,reviewed,0,0,earthquake,0.11,Utah,-112.8038333,38.4653333,3.4,2023-06-19 00:57:45.180000+00:00,1,blue,1
1686952581682,"Kenai Peninsula, Alaska",reviewed,0,44,earthquake,1.7, Alaska,-151.3512,59.673,58.2,2023-06-16 21:56:21.682000+00:00,0,red,0
1654833331470,"3km ENE of Saint Helena, CA",reviewed,0,9,earthquake,0.75,California,-122.4386667,38.5193333,5.96,2022-06-10 03:55:31.470000+00:00,1,blue,1
1669656412474,"6 km S of Point MacKenzie, Alaska",reviewed,0,22,earthquake,1.2, Alaska,-149.9664,61.3052,36.5,2022-11-28 17:26:52.474000+00:00,1,blue,1
1674520232870,Utah,reviewed,0,16,earthquake,1.01,Utah,-111.6591667,41.665,14.87,2023-01-24 00:30:32.870000+00:00,1,blue,1
1672035420970,"38 km NNE of Amboy, Washington",reviewed,0,0,earthquake,0.05, Washington,-122.18416666666668,46.20033333333333,0.9,2022-12-26 06:17:00.970000+00:00,1,blue,1
1679571727650,"100 km W of Adak, Alaska",reviewed,0,22,earthquake,1.19, Alaska,-178.097,51.8633333333333,2.88,2023-03-23 11:42:07.650000+00:00,1,blue,1
1662843682616,"75 km WNW of Ninilchik, Alaska",reviewed,0,39,earthquake,1.6, Alaska,-152.8745,60.3561,129.6,2022-09-10 21:01:22.616000+00:00,0,red,0
1642941775820,"10km SE of Anza, CA",reviewed,0,1,earthquake,0.24,California,-116.5858333,33.495,6.16,2022-01-23 12:42:55.820000+00:00,1,blue,1
1683641889013,"64 km SSW of Whites City, New Mexico",reviewed,0,56,earthquake,1.9, New Mexico,-104.5390227,31.60873064,8.522412109,2023-05-09 14:18:09.013000+00:00,0,red,0
1681334734285,"23 km E of Chase, Alaska",reviewed,0,15,earthquake,1.0, Alaska,-149.6548,62.4654,65.6,2023-04-12 21:25:34.285000+00:00,1,blue,1
1673041940844,south of Alaska,reviewed,0,112,earthquake,2.7,south of Alaska,-159.753,54.5901,24.652,2023-01-06 21:52:20.844000+00:00,0,red,0
1650611581802,"51 km NNE of Petersville, Alaska",reviewed,0,26,earthquake,1.3, Alaska,-150.4874,62.9448,94.1,2022-04-22 07:13:01.802000+00:00,0,red,0
1682638570890,"64 km SSW of Silver Gate, Montana",reviewed,0,56,earthquake,1.91, Montana,-110.2603333,44.4563333,10.62,2023-04-27 23:36:10.890000+00:00,0,red,0
1679322002920,"10km SSW of Joshua Tree, CA",reviewed,0,36,earthquake,1.53,California,-116.3508333,34.0478333,7.26,2023-03-20 14:20:02.920000+00:00,1,blue,1
1647204537940,"4km S of Alberto Oviedo Mota, B.C., MX",reviewed,0,128,earthquake,2.89, B.C.,-115.1636667,32.1903333,22.91,2022-03-13 20:48:57.940000+00:00,0,red,0
1650564408280,"7km NW of The Geysers, CA",automatic,0,12,earthquake,0.88,California,-122.8026657,38.8256683,2.39,2022-04-21 18:06:48.280000+00:00,1,blue,1
1676484567600,"3 km NE of Greenback, Tennessee",reviewed,0,43,earthquake,1.66, Tennessee,-84.1516666666667,35.6841666666667,19.62,2023-02-15 18:09:27.600000+00:00,0,red,0
1644133676550,"16 km SW of Stella, Puerto Rico",reviewed,0,98,earthquake,2.53, Puerto Rico,-67.3458333333333,18.2101666666667,13.11,2022-02-06 07:47:56.550000+00:00,0,red,0
1668407644359,"67 km W of Tyonek, Alaska",reviewed,0,56,earthquake,1.9, Alaska,-152.3869,61.0114,110.0,2022-11-14 06:34:04.359000+00:00,0,red,0
1680056400590,"85 km NNW of Karluk, Alaska",reviewed,0,0,earthquake,0.14, Alaska,-155.095666666667,58.259,4.88,2023-03-29 02:20:00.590000+00:00,1,blue,1
1672098036230,"4km W of Borrego Springs, CA",reviewed,0,14,earthquake,0.94,California,-116.4208333,33.2633333,5.19,2022-12-26 23:40:36.230000+00:00,1,blue,1
1654831268973,"94 km SSE of Sand Point, Alaska",reviewed,0,35,earthquake,1.5, Alaska,-159.6979,54.6194,23.7,2022-06-10 03:21:08.973000+00:00,1,blue,1
1641575053894,"59 km S of Corinto, Nicaragua",reviewed,0,401,earthquake,5.1, Nicaragua,-87.1714,11.948,10.0,2022-01-07 17:04:13.894000+00:00,2,green,2
1684664218370,"5km S of San Juan Bautista, CA",reviewed,0,67,earthquake,2.08,California,-121.5366667,36.7966667,6.91,2023-05-21 10:16:58.370000+00:00,0,red,0
1686096256093,"30 km SSW of Petersville, Alaska",reviewed,0,22,earthquake,1.2, Alaska,-151.0346,62.2514,73.6,2023-06-07 00:04:16.093000+00:00,0,red,0
1658126434780,"23 km ESE of Chase, Alaska",reviewed,0,15,earthquake,1.0, Alaska,-149.6605,62.3847,6.8,2022-07-18 06:40:34.780000+00:00,1,blue,1
1678818231160,"2 km SW of P?hala, Hawaii",automatic,0,63,earthquake,2.02, Hawaii,-155.501007080078,19.1866664886475,33.6199989318848,2023-03-14 18:23:51.160000+00:00,0,red,0
1673433520770,"0 km NNW of Maria Antonia, Puerto Rico",reviewed,0,86,earthquake,2.36, Puerto Rico,-66.8928333333333,17.9865,13.48,2023-01-11 10:38:40.770000+00:00,0,red,0
1676877227370,"15 km S of Fern Forest, Hawaii",reviewed,0,117,earthquake,2.76, Hawaii,-155.133166666667,19.3275,5.57,2023-02-20 07:13:47.370000+00:00,0,red,0
1669724715491,Central Alaska,reviewed,0,44,earthquake,1.7,Central Alaska,-149.1419,63.0455,72.5,2022-11-29 12:25:15.491000+00:00,0,red,0
1644449408170,"21km E of Little Lake, CA",reviewed,0,50,earthquake,1.81,California,-117.673,35.9426667,4.66,2022-02-09 23:30:08.170000+00:00,0,red,0
1683524891906,"49 km E of Pedro Bay, Alaska",reviewed,0,39,earthquake,1.6, Alaska,-153.2313,59.718,105.0,2023-05-08 05:48:11.906000+00:00,0,red,0
1645559742325,"46 km N of Bandar Abbas, Iran",reviewed,0,326,earthquake,4.6, Iran,56.3352,27.6007,10.0,2022-02-22 19:55:42.325000+00:00,2,green,2
1684801476819,"52 km S of Silver Peak, Nevada",reviewed,0,22,earthquake,1.2, Nevada,-117.5821,37.2839,6.6,2023-05-23 00:24:36.819000+00:00,1,blue,1
1682791596245,"99 km W of Adak, Alaska",reviewed,0,81,earthquake,2.3, Alaska,-178.0835,51.8589,4.4,2023-04-29 18:06:36.245000+00:00,0,red,0
1648156744569,"128 km W of Lorino, Russia",reviewed,0,188,earthquake,3.5, Russia,-174.488,65.5244,20.0,2022-03-24 21:19:04.569000+00:00,0,green,2
1678776794825,"Andreanof Islands, Aleutian Islands, Alaska",reviewed,0,74,earthquake,2.2, Aleutian Islands,-177.92,51.8471,4.8,2023-03-14 06:53:14.825000+00:00,0,red,0
1645436319420,"10km NW of The Geysers, CA",reviewed,0,6,earthquake,0.63,California,-122.8303333,38.84,2.24,2022-02-21 09:38:39.420000+00:00,1,blue,1
1657282073463,"39 km W of Port Lions, Alaska",reviewed,0,121,earthquake,2.8, Alaska,-153.5358,57.8102,64.5,2022-07-08 12:07:53.463000+00:00,0,red,0
1678533303570,"100 km W of Adak, Alaska",reviewed,0,38,earthquake,1.58, Alaska,-178.088,51.8648333333333,3.29,2023-03-11 11:15:03.570000+00:00,1,blue,1
1650942217193,"241 km E of Levuka, Fiji",reviewed,0,211,earthquake,3.7, Fiji,-178.435,-17.7049,438.47,2022-04-26 03:03:37.193000+00:00,2,pink,3
1650560216220,"5 km ENE of Petersville, Alaska",reviewed,0,15,earthquake,1.0, Alaska,-150.6718,62.5096,74.9,2022-04-21 16:56:56.220000+00:00,1,blue,1
1671545186200,"8km SW of Ferndale, CA",reviewed,0,80,earthquake,2.28,California,-124.3376667,40.527,17.75,2022-12-20 14:06:26.200000+00:00,0,red,0
1657214866910,"3 km S of P?hala, Hawaii",reviewed,0,49,earthquake,1.78, Hawaii,-155.475333333333,19.173,32.52,2022-07-07 17:27:46.910000+00:00,0,red,0
1648048269970,"0 km ENE of P?hala, Hawaii",automatic,0,71,earthquake,2.1500001, Hawaii,-155.473831176758,19.2056674957275,32.5,2022-03-23 15:11:09.970000+00:00,0,red,0
1676834576384,"67 km S of Unalaska, Alaska",reviewed,0,44,earthquake,1.7, Alaska,-166.4235,53.2711,29.5,2023-02-19 19:22:56.384000+00:00,0,red,0
1669420597660,"2 km SSW of Indios, Puerto Rico",reviewed,0,85,earthquake,2.35, Puerto Rico,-66.8286666666667,17.9753333333333,12.19,2022-11-25 23:56:37.660000+00:00,0,red,0
1644383353640,"10km NW of The Geysers, CA",automatic,0,6,earthquake,0.62,California,-122.8533325,38.8303337,1.73,2022-02-09 05:09:13.640000+00:00,1,blue,1
1657039675392,"28 km WSW of Susitna North, Alaska",reviewed,0,8,earthquake,0.7, Alaska,-150.3468,62.0478,23.4,2022-07-05 16:47:55.392000+00:00,1,blue,1
1643347474230,"3 km ENE of Longbranch, Washington",reviewed,0,9,earthquake,0.77, Washington,-122.715,47.2278333333333,25.88,2022-01-28 05:24:34.230000+00:00,1,blue,1
1660747555200,"8 km NW of Waynoka, Oklahoma",reviewed,0,41,earthquake,1.63, Oklahoma,-98.953,36.6255,18.0,2022-08-17 14:45:55.200000+00:00,0,red,0
1643922311690,"8km NNE of Alum Rock, CA",reviewed,0,23,earthquake,1.23,California,-121.7795,37.426,5.46,2022-02-03 21:05:11.690000+00:00,1,blue,1
1646220628145,"54 km WNW of Anchor Point, Alaska",reviewed,0,39,earthquake,1.6, Alaska,-152.7452,59.9377,83.4,2022-03-02 11:30:28.145000+00:00,0,red,0
1677957905561,"31 km ENE of Ferry, Alaska",reviewed,0,15,earthquake,1.0, Alaska,-148.5552,64.1572,7.7,2023-03-04 19:25:05.561000+00:00,1,blue,1
1659143413860,"8km NW of The Geysers, CA",automatic,0,13,earthquake,0.93,California,-122.8125,38.8293343,2.06,2022-07-30 01:10:13.860000+00:00,1,blue,1
1645264614540,"3 km SW of Indios, Puerto Rico",reviewed,0,72,earthquake,2.16, Puerto Rico,-66.848,17.9728333333333,19.26,2022-02-19 09:56:54.540000+00:00,0,red,0
1689371474369,"66 km SW of Islay (Matarani), Peru",reviewed,0,298,earthquake,4.4, Peru,-72.5432,-17.4171,35.0,2023-07-14 21:51:14.369000+00:00,2,green,2
1645275624104,"14 km SSW of Vaini, Tonga",reviewed,0,326,earthquake,4.6, Tonga,-175.2114,-21.3225,10.0,2022-02-19 13:00:24.104000+00:00,2,green,2
1650585662370,"3km S of Cabazon, CA",reviewed,0,52,earthquake,1.84,California,-116.7915,33.8891667,12.17,2022-04-22 00:01:02.370000+00:00,0,red,0
1677597647627,"58 km SSW of Whites City, New Mexico",reviewed,0,62,earthquake,2.0, New Mexico,-104.538845,31.66870906,6.851391602,2023-02-28 15:20:47.627000+00:00,0,red,0
1643349523347,"Kermadec Islands, New Zealand",reviewed,0,326,earthquake,4.6, New Zealand,-177.0159,-29.7068,10.0,2022-01-28 05:58:43.347000+00:00,2,green,2
1641890977230,"13km S of Olancha, CA",reviewed,0,14,earthquake,0.97,California,-118.0233333,36.165,2.51,2022-01-11 08:49:37.230000+00:00,1,blue,1
1650598264648,"65 km WNW of Beluga, Alaska",reviewed,0,44,earthquake,1.7, Alaska,-152.2216,61.3613,110.2,2022-04-22 03:31:04.648000+00:00,0,red,0
1689351618620,"10 km E of Pāhala, Hawaii",automatic,0,51,earthquake,1.82000005, Hawaii,-155.374664306641,19.200834274292,30.3099994659424,2023-07-14 16:20:18.620000+00:00,0,red,0
1654568823080,"6km SSE of Palomar Observatory, CA",reviewed,0,8,earthquake,0.73,California,-116.8488333,33.3073333,16.16,2022-06-07 02:27:03.080000+00:00,1,blue,1
1671423648430,"91 km W of Adak, Alaska",reviewed,0,2,earthquake,0.37, Alaska,-177.959833333333,51.8661666666667,7.19,2022-12-19 04:20:48.430000+00:00,1,blue,1
1682465502030,"12 km ESE of P?hala, Hawaii",automatic,0,53,earthquake,1.85000002, Hawaii,-155.370834350586,19.1596660614014,28.1499996185303,2023-04-25 23:31:42.030000+00:00,0,red,0
1668830626705,Kermadec Islands region,reviewed,0,234,earthquake,3.9,Kermadec Islands region,-179.9165,-30.7702,402.939,2022-11-19 04:03:46.705000+00:00,2,pink,3
1649392651126,"52 km NNW of Koyukuk, Alaska",reviewed,0,68,earthquake,2.1, Alaska,-158.2611,65.2837,10.3,2022-04-08 04:37:31.126000+00:00,0,red,0
1680427579295,"183 km SE of Nabire, Indonesia",reviewed,0,312,earthquake,4.5, Indonesia,136.8088,-4.369,10.202,2023-04-02 09:26:19.295000+00:00,2,green,2
1674622502560,"1 km NNE of Candating, Philippines",reviewed,0,246,earthquake,4.0, Philippines,120.8254,15.1643,207.245,2023-01-25 04:55:02.560000+00:00,2,green,2
1679712516440,"9km SE of Valle Vista, CA",reviewed,0,44,earthquake,1.7,California,-116.8205,33.6991667,15.11,2023-03-25 02:48:36.440000+00:00,0,red,0
1688746324760,"84 km NNW of Karluk, Alaska",reviewed,0,0,earthquake,0.04, Alaska,-155.065166666667,58.2508333333333,10.64,2023-07-07 16:12:04.760000+00:00,1,blue,1
1668889187773,"91 km W of Adak, Alaska",reviewed,0,56,earthquake,1.9, Alaska,-177.9566,51.8495,3.7,2022-11-19 20:19:47.773000+00:00,0,red,0
1660160525150,"5 km ESE of La Parguera, Puerto Rico",reviewed,0,30,earthquake,1.39, Puerto Rico,-67.0055,17.952,9.19,2022-08-10 19:42:05.150000+00:00,1,blue,1
1676412112790,"22 km SSW of Mammoth, Wyoming",reviewed,0,7,earthquake,0.67, Wyoming,-110.808,44.7926667,6.89,2023-02-14 22:01:52.790000+00:00,1,blue,1
1685816374222,"16 km NNE of Four Mile Road, Alaska",reviewed,0,6,earthquake,0.6, Alaska,-148.9897,64.7442,17.2,2023-06-03 18:19:34.222000+00:00,1,blue,1
1676805665867,Central Alaska,reviewed,0,15,earthquake,1.0,Central Alaska,-149.1652,64.7951,15.4,2023-02-19 11:21:05.867000+00:00,1,blue,1
1688100184838,"85 km W of Salamatof, Alaska",reviewed,0,50,earthquake,1.8, Alaska,-152.87,60.7019,119.9,2023-06-30 04:43:04.838000+00:00,0,red,0
1645085401781,"67 km NW of Skwentna, Alaska",reviewed,0,35,earthquake,1.5, Alaska,-152.4497,62.3381,135.9,2022-02-17 08:10:01.781000+00:00,0,red,0
1680961809980,"12km N of Banning, CA",reviewed,0,13,earthquake,0.93,California,-116.8786667,34.0375,19.2,2023-04-08 13:50:09.980000+00:00,1,blue,1
1655674062070,"8 km NE of P?hala, Hawaii",automatic,0,93,earthquake,2.45, Hawaii,-155.410339355469,19.2513332366943,32.1500015258789,2022-06-19 21:27:42.070000+00:00,0,red,0
1686315375300,"85 km NW of Karluk, Alaska",reviewed,0,0,earthquake,0.03, Alaska,-155.331166666667,58.1748333333333,1.59,2023-06-09 12:56:15.300000+00:00,1,blue,1
1665487031720,"5 km SW of Potala Pastillo, Puerto Rico",reviewed,0,99,earthquake,2.53, Puerto Rico,-66.5246666666667,17.9543333333333,12.29,2022-10-11 11:17:11.720000+00:00,0,red,0
1689966103857,"154 km S of ‘Ohonua, Tonga",reviewed,0,500,earthquake,5.7, Tonga,-175.1241,-22.7271,14.475,2023-07-21 19:01:43.857000+00:00,2,green,2
1689847739370,"9 km WNW of Cobb, CA",automatic,0,8,earthquake,0.72,California,-122.8241653,38.8400002,1.88,2023-07-20 10:08:59.370000+00:00,1,blue,1
1660020396800,"2 km SW of Indios, Puerto Rico",reviewed,0,72,earthquake,2.16, Puerto Rico,-66.837,17.9821666666667,16.47,2022-08-09 04:46:36.800000+00:00,0,red,0
1672125002510,"15km S of Salton City, CA",reviewed,0,41,earthquake,1.64,California,-115.9365,33.1631667,7.96,2022-12-27 07:10:02.510000+00:00,1,blue,1
1667994432583,"120 km WSW of Adak, Alaska",reviewed,0,39,earthquake,1.6, Alaska,-178.3051,51.5594,13.1,2022-11-09 11:47:12.583000+00:00,1,blue,1
1682844214640,"6 km S of P?hala, Hawaii",automatic,0,52,earthquake,1.84000003, Hawaii,-155.467330932617,19.1476669311523,32.6699981689453,2023-04-30 08:43:34.640000+00:00,0,red,0
1648799575710,"19km ESE of Little Lake, CA",reviewed,0,1,earthquake,0.27,California,-117.7093333,35.8866667,6.82,2022-04-01 07:52:55.710000+00:00,1,blue,1
1664064640213,"58 km N of Indian Springs, Nevada",reviewed,0,39,earthquake,1.6, Nevada,-115.7666,37.094,8.7,2022-09-25 00:10:40.213000+00:00,1,blue,1
1689642810270,"21km ESE of Anza, CA",reviewed,0,19,earthquake,1.12,California,-116.4546667,33.5063333,7.61,2023-07-18 01:13:30.270000+00:00,1,blue,1
1672652059505,"42 km NW of Valdez, Alaska",reviewed,0,22,earthquake,1.2, Alaska,-146.9558,61.3685,11.8,2023-01-02 09:34:19.505000+00:00,1,blue,1
1653047635270,"10km ESE of Borrego Springs, CA",reviewed,0,99,earthquake,2.53,California,-116.2773333,33.2318333,10.62,2022-05-20 11:53:55.270000+00:00,0,red,0
1684335285350,"5km NW of The Geysers, CA",automatic,0,9,earthquake,0.77,California,-122.7858353,38.8113327,1.42,2023-05-17 14:54:45.350000+00:00,1,blue,1
1656942002140,"17km SE of Pinnacles, CA",reviewed,0,26,earthquake,1.29,California,-121.0058333,36.4223333,9.67,2022-07-04 13:40:02.140000+00:00,1,blue,1
1650489173170,"9km WNW of Cobb, CA",automatic,0,15,earthquake,1.0,California,-122.8235016,38.8388329,2.14,2022-04-20 21:12:53.170000+00:00,1,blue,1
1648561247763,"57 km NNE of Petersville, Alaska",reviewed,0,30,earthquake,1.4, Alaska,-150.4482,62.989,11.0,2022-03-29 13:40:47.763000+00:00,1,blue,1
1660108752360,"23km NNW of Tehachapi, CA",reviewed,0,18,earthquake,1.08,California,-118.5831667,35.3098333,4.44,2022-08-10 05:19:12.360000+00:00,1,blue,1
1651250083290,"15km WSW of Searles Valley, CA",reviewed,0,0,earthquake,0.08,California,-117.5545,35.7161667,7.9,2022-04-29 16:34:43.290000+00:00,1,blue,1
1652213400962,"32 km SE of Mina, Nevada",reviewed,0,26,earthquake,1.3, Nevada,-117.8684,38.1653,4.7,2022-05-10 20:10:00.962000+00:00,1,blue,1
1664936519864,"154 km S of Adak, Alaska",reviewed,0,68,earthquake,2.1, Alaska,-176.4253,50.4946,13.2,2022-10-05 02:21:59.864000+00:00,0,red,0
1657131231850,"6km NW of Friant, CA",reviewed,0,64,earthquake,2.04,California,-119.7575,37.0221667,8.14,2022-07-06 18:13:51.850000+00:00,0,red,0
1645943032330,"9km E of Yucaipa, CA",reviewed,0,8,earthquake,0.72,California,-116.9411667,34.0358333,21.07,2022-02-27 06:23:52.330000+00:00,1,blue,1
1680585890420,"99 km W of Adak, Alaska",reviewed,0,36,earthquake,1.53, Alaska,-178.084166666667,51.8588333333333,3.7,2023-04-04 05:24:50.420000+00:00,1,blue,1
1675808033101,"100 km SE of Halibut Cove, Alaska",reviewed,0,50,earthquake,1.8, Alaska,-150.2177,58.8588,41.5,2023-02-07 22:13:53.101000+00:00,0,red,0
1643953506220,"22 km E of Honaunau-Napoopoo, Hawaii",reviewed,0,7,earthquake,0.69, Hawaii,-155.6475,19.4773333333333,4.23,2022-02-04 05:45:06.220000+00:00,1,blue,1
1682127695847,"19 km E of Tomioka, Japan",reviewed,0,298,earthquake,4.4, Japan,141.2384,37.3471,48.89,2023-04-22 01:41:35.847000+00:00,2,green,2
1648286315990,"8km NW of The Geysers, CA",automatic,0,14,earthquake,0.97,California,-122.8151703,38.8288345,1.84,2022-03-26 09:18:35.990000+00:00,1,blue,1
1654886975646,south of the Fiji Islands,reviewed,0,298,earthquake,4.4,south of the Fiji Islands,-179.9683,-24.4308,459.77,2022-06-10 18:49:35.646000+00:00,2,pink,3
1652450519801,"106 km ESE of Akutan, Alaska",reviewed,0,104,earthquake,2.6, Alaska,-164.2518,53.8055,23.58,2022-05-13 14:01:59.801000+00:00,0,red,0
1646122011940,"9 km SSE of Guánica, Puerto Rico",reviewed,0,106,earthquake,2.63, Puerto Rico,-66.8808333333333,17.8875,11.61,2022-03-01 08:06:51.940000+00:00,0,red,0
1676971361290,"Andreanof Islands, Aleutian Islands, Alaska",reviewed,0,43,earthquake,1.67, Aleutian Islands,-177.958833333333,51.8633333333333,6.44,2023-02-21 09:22:41.290000+00:00,1,blue,1
1646895630710,"9km SW of Idyllwild, CA",reviewed,0,1,earthquake,0.25,California,-116.7713333,33.676,10.95,2022-03-10 07:00:30.710000+00:00,1,blue,1
1669488246319,"149 km SSW of Severo-Kuril’sk, Russia",reviewed,0,385,earthquake,5.0, Russia,155.6283,49.3717,65.577,2022-11-26 18:44:06.319000+00:00,2,green,2
1645129261760,"22 km S of Sunrise, Alaska",reviewed,0,19,earthquake,1.1, Alaska,-149.4593,60.6851,10.2,2022-02-17 20:21:01.760000+00:00,1,blue,1
1646226078550,"3km NNW of The Geysers, CA",automatic,0,2,earthquake,0.35,California,-122.770668,38.8028336,0.62,2022-03-02 13:01:18.550000+00:00,1,blue,1
1676445811533,"17 km S of Cantwell, Alaska",reviewed,0,50,earthquake,1.8, Alaska,-148.9926,63.2369,4.3,2023-02-15 07:23:31.533000+00:00,0,red,0
1661404783235,"13 km ENE of Ambon, Indonesia",reviewed,0,259,earthquake,4.1, Indonesia,128.2968,-3.665,95.132,2022-08-25 05:19:43.235000+00:00,2,green,2
1684357196545,Southern Alaska,reviewed,0,30,earthquake,1.4,Southern Alaska,-152.8996,59.3805,67.5,2023-05-17 20:59:56.545000+00:00,0,red,0
1674066170421,"2 km NNE of Áno Kastrítsi, Greece",reviewed,0,273,earthquake,4.2, Greece,21.8411,38.2915,10.0,2023-01-18 18:22:50.421000+00:00,2,green,2
1653424813880,"19km SW of Ocotillo Wells, CA",reviewed,0,7,earthquake,0.69,California,-116.2828333,33.0341667,8.41,2022-05-24 20:40:13.880000+00:00,1,blue,1
1686324437980,"12km ENE of Ridgecrest, CA",reviewed,0,5,earthquake,0.58,California,-117.55,35.6513333,2.19,2023-06-09 15:27:17.980000+00:00,1,blue,1
1665072287340,"4 km SSE of Dover, Oklahoma",reviewed,0,19,earthquake,1.1, Oklahoma,-97.892,35.947,5.29,2022-10-06 16:04:47.340000+00:00,1,blue,1
1643524556321,"15 km ENE of Nara-shi, Japan",reviewed,0,235,earthquake,3.9, Japan,135.9508,34.7475,10.0,2022-01-30 06:35:56.321000+00:00,2,green,2
1657366747040,"19km NE of Little Lake, CA",reviewed,0,4,earthquake,0.51,California,-117.729,36.0326667,2.71,2022-07-09 11:39:07.040000+00:00,1,blue,1
1649892190870,"2 km S of P?hala, Hawaii",automatic,0,77,earthquake,2.24, Hawaii,-155.477493286133,19.1801662445068,32.7400016784668,2022-04-13 23:23:10.870000+00:00,0,red,0
1646369596532,Kermadec Islands region,reviewed,0,385,earthquake,5.0,Kermadec Islands region,-176.0441,-27.024,10.0,2022-03-04 04:53:16.532000+00:00,2,green,2
1659583680730,"66 km WNW of Beluga, Alaska",reviewed,0,2,earthquake,0.38, Alaska,-152.258333333333,61.3301666666667,2.81,2022-08-04 03:28:00.730000+00:00,1,blue,1
1671861953980,"12 km SW of Volcano, Hawaii",reviewed,0,24,earthquake,1.25, Hawaii,-155.299833333333,19.3536666666667,26.88,2022-12-24 06:05:53.980000+00:00,1,blue,1
1658027461060,"12 km NE of Stanley, Idaho",reviewed,0,55,earthquake,1.89, Idaho,-114.8208333,44.2908333,5.11,2022-07-17 03:11:01.060000+00:00,0,red,0
1668370204692,"59 km SE of Denali National Park, Alaska",reviewed,0,62,earthquake,2.0, Alaska,-150.9664,63.1304,126.6,2022-11-13 20:10:04.692000+00:00,0,red,0
1650369119500,"1 km W of Indios, Puerto Rico",reviewed,0,110,earthquake,2.68, Puerto Rico,-66.838,17.9928333333333,10.86,2022-04-19 11:51:59.500000+00:00,0,red,0
1683890559560,"2km SW of Yorba Linda, CA",reviewed,0,16,earthquake,1.03,California,-117.8343333,33.874,9.3,2023-05-12 11:22:39.560000+00:00,1,blue,1
1680888012608,"17 km N of Four Mile Road, Alaska",reviewed,0,10,earthquake,0.8, Alaska,-149.0621,64.7615,14.7,2023-04-07 17:20:12.608000+00:00,1,blue,1
1676124483730,"10km NW of The Geysers, CA",reviewed,0,21,earthquake,1.16,California,-122.8395,38.8425,2.25,2023-02-11 14:08:03.730000+00:00,1,blue,1
1673990166130,"89 km W of Adak, Alaska",reviewed,0,10,earthquake,0.81, Alaska,-177.932333333333,51.8636666666667,8.03,2023-01-17 21:16:06.130000+00:00,1,blue,1
1641765545789,"33 km SSW of Tobelo, Indonesia",reviewed,0,453,earthquake,5.4, Indonesia,127.8516,1.4713,10.0,2022-01-09 21:59:05.789000+00:00,2,green,2
1685729273350,"10km N of Borrego Springs, CA",reviewed,0,4,earthquake,0.53,California,-116.362,33.3413333,9.13,2023-06-02 18:07:53.350000+00:00,1,blue,1
1655114393160,"27 km NE of Milford, Utah",reviewed,0,16,earthquake,1.03, Utah,-112.763,38.549,4.33,2022-06-13 09:59:53.160000+00:00,1,blue,1
1682804178730,"3km SSW of Heber, CA",reviewed,0,81,earthquake,2.29,California,-115.5385,32.7051667,9.55,2023-04-29 21:36:18.730000+00:00,0,red,0
1678046291036,"47 km NW of Arctic Village, Alaska",reviewed,0,26,earthquake,1.3, Alaska,-146.3561,68.4212,4.8,2023-03-05 19:58:11.036000+00:00,1,blue,1
1686113375157,"59 km N of Chalkyitsik, Alaska",reviewed,0,22,earthquake,1.2, Alaska,-143.697,67.1893,7.9,2023-06-07 04:49:35.157000+00:00,1,blue,1
1670833225077,"17 km NE of Nikiski, Alaska",reviewed,0,30,earthquake,1.4, Alaska,-151.0906,60.8125,10.1,2022-12-12 08:20:25.077000+00:00,1,blue,1
1671822761590,"14km WSW of Ferndale, CA",reviewed,0,77,earthquake,2.23,California,-124.404,40.5163333,19.27,2022-12-23 19:12:41.590000+00:00,0,red,0
1650957464562,"33 km S of Unalaska, Alaska",reviewed,0,35,earthquake,1.5, Alaska,-166.5307,53.5774,61.9,2022-04-26 07:17:44.562000+00:00,0,red,0
1648280099920,"5km NNE of Fontana, CA",reviewed,0,30,earthquake,1.39,California,-117.4473333,34.1398333,8.1,2022-03-26 07:34:59.920000+00:00,1,blue,1
1663675444670,"66 km W of Tyonek, Alaska",reviewed,0,0,earthquake,0.18, Alaska,-152.359333333333,61.0365,12.72,2022-09-20 12:04:04.670000+00:00,1,blue,1
1654454761609,"38 km NW of Toyah, Texas",reviewed,0,104,earthquake,2.6, Texas,-104.0284678,31.60010327,6.311523438,2022-06-05 18:46:01.609000+00:00,0,red,0
1674856879014,"60 km SE of Denali National Park, Alaska",reviewed,0,22,earthquake,1.2, Alaska,-150.9665,63.1137,127.7,2023-01-27 22:01:19.014000+00:00,0,red,0
1671418434682,"58 km N of Chickaloon, Alaska",reviewed,0,19,earthquake,1.1, Alaska,-148.2932,62.3172,38.2,2022-12-19 02:53:54.682000+00:00,1,blue,1
1663540580070,"22 km SSW of Mammoth, Wyoming",reviewed,0,20,earthquake,1.15, Wyoming,-110.8013333,44.785,5.12,2022-09-18 22:36:20.070000+00:00,1,blue,1
1663929118167,"24 km N of Sutcliffe, Nevada",reviewed,0,4,earthquake,0.5, Nevada,-119.641,40.1641,8.5,2022-09-23 10:31:58.167000+00:00,1,blue,1
1682307739100,"37 km NE of Spencer, Idaho",reviewed,0,14,earthquake,0.97, Idaho,-111.9135,44.64,10.69,2023-04-24 03:42:19.100000+00:00,1,blue,1
1643471500460,"8km SE of Piru, CA",reviewed,0,79,earthquake,2.27,California,-118.7198333,34.3703333,14.48,2022-01-29 15:51:40.460000+00:00,0,red,0
1688339714099,"89 km ENE of Ugashik, Alaska",reviewed,0,39,earthquake,1.6, Alaska,-155.9558,57.7416,15.6,2023-07-02 23:15:14.099000+00:00,1,blue,1
1644934645050,"21 km E of Castle Rock, Washington",reviewed,0,33,earthquake,1.46, Washington,-122.6285,46.23916666666667,15.97,2022-02-15 14:17:25.050000+00:00,1,blue,1
1652842354708,"21 km SW of Anchor Point, Alaska",reviewed,0,22,earthquake,1.2, Alaska,-152.1292,59.6503,70.5,2022-05-18 02:52:34.708000+00:00,0,red,0
1686912806681,"65 km NE of Susitna North, Alaska",reviewed,0,121,earthquake,2.8, Alaska,-148.8151,62.4973,41.0,2023-06-16 10:53:26.681000+00:00,0,red,0
1669617253373,"52 km E of Pedro Bay, Alaska",reviewed,0,50,earthquake,1.8, Alaska,-153.1751,59.7441,106.7,2022-11-28 06:34:13.373000+00:00,0,red,0
1661044803097,"37 km NE of Karligan, Philippines",reviewed,0,312,earthquake,4.5, Philippines,122.3229,15.1789,10.0,2022-08-21 01:20:03.097000+00:00,2,green,2
1683091807560,"4 km SW of Volcano, Hawaii",automatic,0,50,earthquake,1.81, Hawaii,-155.262496948242,19.4166660308838,1.5,2023-05-03 05:30:07.560000+00:00,0,red,0
1673889425062,"37 km ENE of Susitna North, Alaska",reviewed,0,22,earthquake,1.2, Alaska,-149.1933,62.294,49.9,2023-01-16 17:17:05.062000+00:00,1,blue,1
1671497266338,"51 km WNW of Beatty, Nevada",reviewed,0,4,earthquake,0.5, Nevada,-117.2814,37.1148,0.0,2022-12-20 00:47:46.338000+00:00,1,blue,1
1690286614770,"6 km SE of Lake Pillsbury, CA",reviewed,0,72,earthquake,2.16,California,-122.9053333,39.3766667,7.4,2023-07-25 12:03:34.770000+00:00,0,red,0
1649063844435,"79 km E of McCarthy, Alaska",reviewed,0,15,earthquake,1.0, Alaska,-141.4293,61.4208,13.7,2022-04-04 09:17:24.435000+00:00,1,blue,1
1673965544690,"7km NNW of San Jacinto, CA",reviewed,0,16,earthquake,1.02,California,-116.9806667,33.8448333,16.11,2023-01-17 14:25:44.690000+00:00,1,blue,1
1663692487004,"66 km SW of Unalaska, Alaska",reviewed,0,10,earthquake,0.8, Alaska,-167.2855,53.4799,14.7,2022-09-20 16:48:07.004000+00:00,1,blue,1
1647428388269,"33 km S of Nelchina, Alaska",reviewed,0,26,earthquake,1.3, Alaska,-146.6775,61.6944,18.6,2022-03-16 10:59:48.269000+00:00,1,blue,1
1679615713050,"99 km W of Adak, Alaska",reviewed,0,37,earthquake,1.56, Alaska,-178.078333333333,51.8586666666667,3.68,2023-03-23 23:55:13.050000+00:00,1,blue,1
1657108401329,"28 km SW of Tonsina, Alaska",reviewed,0,12,earthquake,0.9, Alaska,-145.5935,61.4929,31.2,2022-07-06 11:53:21.329000+00:00,1,blue,1
1673032212120,"14km WNW of Laytonville, CA",reviewed,0,86,earthquake,2.37,California,-123.6391667,39.7348333,6.67,2023-01-06 19:10:12.120000+00:00,0,red,0
1665345661386,south of Alaska,reviewed,0,138,earthquake,3.0,south of Alaska,-159.8407,54.6443,33.206,2022-10-09 20:01:01.386000+00:00,0,red,0
1681497886720,"8km ESE of Cloverdale, CA",reviewed,0,14,earthquake,0.95,California,-122.9445,38.7695,5.8,2023-04-14 18:44:46.720000+00:00,1,blue,1
1669968366811,"60 km SE of Adak, Alaska",reviewed,0,39,earthquake,1.6, Alaska,-175.984,51.5127,24.8,2022-12-02 08:06:06.811000+00:00,0,red,0
1647640056810,"9 km E of P?hala, Hawaii",automatic,0,69,earthquake,2.11999989, Hawaii,-155.384674072266,19.1933326721191,30.7199993133545,2022-03-18 21:47:36.810000+00:00,0,red,0
1656335757060,"5 km WSW of Fuig, Puerto Rico",reviewed,0,52,earthquake,1.84, Puerto Rico,-66.963,17.9611666666667,16.64,2022-06-27 13:15:57.060000+00:00,0,red,0
1664287506138,"8 km N of Skwentna, Alaska",reviewed,0,26,earthquake,1.3, Alaska,-151.3748,62.0702,82.6,2022-09-27 14:05:06.138000+00:00,0,red,0
1653758938072,"131 km SW of Adak, Alaska",reviewed,0,26,earthquake,1.3, Alaska,-178.1405,51.1561,21.9,2022-05-28 17:28:58.072000+00:00,1,blue,1
1643297675090,"6km WNW of The Geysers, CA",automatic,0,11,earthquake,0.84,California,-122.8156662,38.8011665,4.09,2022-01-27 15:34:35.090000+00:00,1,blue,1
1671731068860,"5km SSW of San Ardo, CA",reviewed,0,14,earthquake,0.95,California,-120.9235,35.982,6.86,2022-12-22 17:44:28.860000+00:00,1,blue,1
1670402886920,"191 km SSW of Atka, Alaska",reviewed,0,112,earthquake,2.7, Alaska,-174.8831,50.5272,37.348,2022-12-07 08:48:06.920000+00:00,0,red,0
1641910570414,"32 km N of Pleasant Valley, Alaska",reviewed,0,30,earthquake,1.4, Alaska,-146.8815,65.169,12.6,2022-01-11 14:16:10.414000+00:00,1,blue,1
1661610596520,"23 km SSW of Mammoth, Wyoming",reviewed,0,12,earthquake,0.9, Wyoming,-110.8061667,44.7791667,4.87,2022-08-27 14:29:56.520000+00:00,1,blue,1
1685689138445,"49 km WSW of Tatitlek, Alaska",reviewed,0,15,earthquake,1.0, Alaska,-147.4816,60.6606,8.4,2023-06-02 06:58:58.445000+00:00,1,blue,1
1675846089200,"6km W of Cobb, CA",automatic,0,17,earthquake,1.05,California,-122.7971649,38.8271675,2.6,2023-02-08 08:48:09.200000+00:00,1,blue,1
1666786856600,"10km SW of Parkfield, CA",reviewed,0,6,earthquake,0.6,California,-120.4925,35.829,10.19,2022-10-26 12:20:56.600000+00:00,1,blue,1
1650331387057,"41 km E of Santiago, Philippines",reviewed,0,586,earthquake,6.1, Philippines,126.9533,7.2852,19.0,2022-04-19 01:23:07.057000+00:00,2,green,2
1668668318218,"96 km W of Gorontalo, Indonesia",reviewed,0,259,earthquake,4.1, Indonesia,122.2068,0.4237,121.606,2022-11-17 06:58:38.218000+00:00,2,green,2
1674031907390,"Island of Hawaii, Hawaii",reviewed,0,49,earthquake,1.78, Hawaii,-155.250166666667,19.406,3.84,2023-01-18 08:51:47.390000+00:00,0,red,0
1642045317040,"20km W of Westmorland, CA",reviewed,0,35,earthquake,1.29,California,-115.8325,33.0385,6.42,2022-01-13 03:41:57.040000+00:00,1,blue,1
1679322621229,"63 km SSW of Ashkāsham, Afghanistan",reviewed,0,259,earthquake,4.1, Afghanistan,71.2691,36.1532,129.326,2023-03-20 14:30:21.229000+00:00,2,green,2
1671483457031,California-Nevada border region,reviewed,0,15,earthquake,1.0,California-Nevada border region,-118.3584,38.2551,10.1,2022-12-19 20:57:37.031000+00:00,1,blue,1
1661782411782,"49 km WNW of Ishikawa, Japan",reviewed,0,312,earthquake,4.5, Japan,127.3669,26.5942,75.034,2022-08-29 14:13:31.782000+00:00,2,green,2
1677567565660,"4km W of Cobb, CA",automatic,0,19,earthquake,1.11,California,-122.7634964,38.8206673,1.94,2023-02-28 06:59:25.660000+00:00,1,blue,1
1688146724412,"8 km SSE of Womens Bay, Alaska",reviewed,0,81,earthquake,2.3, Alaska,-152.5989,57.6176,30.9,2023-06-30 17:38:44.412000+00:00,0,red,0
1677041237920,"6km NW of The Geysers, CA",reviewed,0,20,earthquake,1.15,California,-122.8071667,38.818,3.31,2023-02-22 04:47:17.920000+00:00,1,blue,1
1656230988134,"112 km WNW of Isangel, Vanuatu",reviewed,0,369,earthquake,4.9, Vanuatu,168.2915,-19.1452,22.26,2022-06-26 08:09:48.134000+00:00,2,green,2
1642426921610,"19km S of Trona, CA",reviewed,0,52,earthquake,1.83,California,-117.3915,35.5933333,7.97,2022-01-17 13:42:01.610000+00:00,0,red,0
1654376472114,"Rat Islands, Aleutian Islands, Alaska",reviewed,0,121,earthquake,2.8, Aleutian Islands,178.7624,51.7699,88.794,2022-06-04 21:01:12.114000+00:00,0,red,0
1679659268013,"15 km W of Three Rivers, Texas",reviewed,0,74,earthquake,2.2, Texas,-98.33513327,28.47381592,9.512898763,2023-03-24 12:01:08.013000+00:00,0,red,0
1646021842410,"2km NNW of The Geysers, CA",automatic,0,5,earthquake,0.57,California,-122.7656631,38.7949982,2.53,2022-02-28 04:17:22.410000+00:00,1,blue,1
1655797182242,"94 km ESE of Akutan, Alaska",reviewed,0,35,earthquake,1.5, Alaska,-164.4141,53.8666,25.0,2022-06-21 07:39:42.242000+00:00,1,blue,1
1686338130930,"6 km WSW of Guánica, Puerto Rico",reviewed,0,107,earthquake,2.64, Puerto Rico,-66.965,17.9518333333333,15.82,2023-06-09 19:15:30.930000+00:00,0,red,0
1656908376740,"17 km N of Forks, Washington",reviewed,0,39,earthquake,1.6, Washington,-124.39,48.11216666666667,8.41,2022-07-04 04:19:36.740000+00:00,1,blue,1
1682031341070,"12km NE of Trabuco Canyon, CA",reviewed,0,3,earthquake,0.43,California,-117.4985,33.7466667,8.69,2023-04-20 22:55:41.070000+00:00,1,blue,1
1682448946217,"171 km WSW of Nabire, Indonesia",reviewed,0,340,earthquake,4.7, Indonesia,134.092,-4.0017,24.048,2023-04-25 18:55:46.217000+00:00,2,green,2
1647148028056,"64 km SSE of King Salmon, Alaska",reviewed,0,89,earthquake,2.4, Alaska,-156.1289,58.1761,147.0,2022-03-13 05:07:08.056000+00:00,0,red,0
1672250923919,"97 km N of Karluk, Alaska",reviewed,0,22,earthquake,1.2, Alaska,-154.5589,58.4389,8.5,2022-12-28 18:08:43.919000+00:00,1,blue,1
1665546573831,"4 km ESE of Sykesville, Maryland",reviewed,0,323,earthquake,2.0, Maryland,-76.9148,39.3558,2.475,2022-10-12 03:49:33.831000+00:00,2,green,2
1682121247750,"5km NW of The Geysers, CA",reviewed,0,0,earthquake,0.07,California,-122.7933333,38.8076667,1.83,2023-04-21 23:54:07.750000+00:00,1,blue,1
1673517516471,western Xizang,reviewed,0,271,earthquake,4.2,western Xizang,82.9741,31.6045,10.0,2023-01-12 09:58:36.471000+00:00,2,green,2
1644199792909,"109 km SE of Nikolski, Alaska",reviewed,0,62,earthquake,2.0, Alaska,-167.5822,52.3335,40.0,2022-02-07 02:09:52.909000+00:00,0,red,0
1641463464501,"72 km W of Ambon, Indonesia",reviewed,0,271,earthquake,4.2, Indonesia,127.5436,-3.8097,27.16,2022-01-06 10:04:24.501000+00:00,2,green,2
1662728716349,"49 km ENE of Susitna North, Alaska",reviewed,0,19,earthquake,1.1, Alaska,-149.0568,62.4004,61.6,2022-09-09 13:05:16.349000+00:00,1,blue,1
1652486239881,"60 km ESE of Pedro Bay, Alaska",reviewed,0,44,earthquake,1.7, Alaska,-153.0794,59.614,110.5,2022-05-13 23:57:19.881000+00:00,0,red,0
1671609750270,"2km E of The Geysers, CA",automatic,0,14,earthquake,0.95,California,-122.7278366,38.7770004,1.21,2022-12-21 08:02:30.270000+00:00,1,blue,1
1688540270480,"16km N of Morgan Hill, CA",reviewed,0,23,earthquake,1.23,California,-121.6478333,37.275,6.43,2023-07-05 06:57:50.480000+00:00,1,blue,1
1663986326730,"24 km N of P?hala, Hawaii",reviewed,0,24,earthquake,1.24, Hawaii,-155.4975,19.4201666666667,10.53,2022-09-24 02:25:26.730000+00:00,1,blue,1
1664711469707,"18 km S of Susitna North, Alaska",reviewed,0,19,earthquake,1.1, Alaska,-149.9027,62.0011,46.7,2022-10-02 11:51:09.707000+00:00,1,blue,1
1661411403439,"34 km WSW of Gabbs, Nevada",reviewed,0,0,earthquake,0.1, Nevada,-118.2598,38.7023,10.0,2022-08-25 07:10:03.439000+00:00,1,blue,1
1667101820136,"14 km W of Akutan, Alaska",reviewed,0,50,earthquake,1.8, Alaska,-165.9902,54.1181,7.0,2022-10-30 03:50:20.136000+00:00,0,red,0
1643167581450,"5 km S of P?hala, Hawaii",automatic,0,72,earthquake,2.16000009, Hawaii,-155.471328735352,19.1516666412354,33.4799995422363,2022-01-26 03:26:21.450000+00:00,0,red,0
1644154912164,"111 km SE of Katsuren-haebaru, Japan",reviewed,0,271,earthquake,4.2, Japan,128.7218,25.6841,10.0,2022-02-06 13:41:52.164000+00:00,2,green,2
1674486948090,"88 km W of Adak, Alaska",reviewed,0,14,earthquake,0.96, Alaska,-177.912,51.8598333333333,3.41,2023-01-23 15:15:48.090000+00:00,1,blue,1
1642313890014,"129 km ESE of Sarangani, Philippines",reviewed,0,246,earthquake,4.0, Philippines,126.5691,5.0371,83.55,2022-01-16 06:18:10.014000+00:00,2,green,2
1658795150530,"10km SSW of Salton City, CA",reviewed,0,70,earthquake,2.13,California,-116.013,33.2218333,3.19,2022-07-26 00:25:50.530000+00:00,0,red,0
1672000020230,"6km WNW of Cobb, CA",automatic,0,16,earthquake,1.02,California,-122.7886658,38.8354988,1.93,2022-12-25 20:27:00.230000+00:00,1,blue,1
1679961824939,Central Alaska,reviewed,0,4,earthquake,0.5,Central Alaska,-147.6764,63.462,4.8,2023-03-28 00:03:44.939000+00:00,1,blue,1
1642297943347,"12 km SSW of Clam Gulch, Alaska",reviewed,0,26,earthquake,1.3, Alaska,-151.4942,60.1314,62.2,2022-01-16 01:52:23.347000+00:00,0,red,0
1663996342645,"20 km WNW of Stanley, Idaho",reviewed,0,30,earthquake,1.4, Idaho,-115.1835,44.2622,10.0,2022-09-24 05:12:22.645000+00:00,1,blue,1
1683165307064,"143 km ESE of Nikolski, Alaska",reviewed,0,112,earthquake,2.7, Alaska,-167.0657,52.2512,28.287,2023-05-04 01:55:07.064000+00:00,0,red,0
1672906755395,"118 km E of McCarthy, Alaska",reviewed,0,26,earthquake,1.3, Alaska,-140.7172,61.5528,3.5,2023-01-05 08:19:15.395000+00:00,1,blue,1
1656472855468,"1 km ENE of Coleville, California",reviewed,0,15,earthquake,1.0, California,-119.4956,38.5704,6.8,2022-06-29 03:20:55.468000+00:00,1,blue,1
1657779459160,"4km SW of Salton City, CA",reviewed,0,40,earthquake,1.61,California,-115.9815,33.2725,4.65,2022-07-14 06:17:39.160000+00:00,1,blue,1
1661198586728,"58 km WNW of Anchor Point, Alaska",reviewed,0,39,earthquake,1.6, Alaska,-152.7869,59.9813,90.4,2022-08-22 20:03:06.728000+00:00,0,red,0
1663722850556,"44 km W of Salamatof, Alaska",reviewed,0,19,earthquake,1.1, Alaska,-152.1279,60.6483,88.4,2022-09-21 01:14:10.556000+00:00,0,red,0
1660208527448,"46 km SSE of Denali National Park, Alaska",reviewed,0,22,earthquake,1.2, Alaska,-151.388,63.1502,4.0,2022-08-11 09:02:07.448000+00:00,1,blue,1
1670195303674,Central Alaska,reviewed,0,104,earthquake,2.6,Central Alaska,-147.654,62.3164,40.6,2022-12-04 23:08:23.674000+00:00,0,red,0
1671525447887,"50 km SSE of Beaver, Alaska",reviewed,0,15,earthquake,1.0, Alaska,-147.1353,65.9209,1.9,2022-12-20 08:37:27.887000+00:00,1,blue,1
1667302595550,"9km S of Idyllwild, CA",reviewed,0,10,earthquake,0.8,California,-116.7223333,33.6583333,13.41,2022-11-01 11:36:35.550000+00:00,1,blue,1
1646933063289,"49 km SW of Unalaska, Alaska",reviewed,0,30,earthquake,1.4, Alaska,-167.0572,53.5588,17.0,2022-03-10 17:24:23.289000+00:00,1,blue,1
1646194610147,"40 km S of Paracas, Peru",reviewed,0,326,earthquake,4.6, Peru,-76.3167,-14.2299,20.64,2022-03-02 04:16:50.147000+00:00,2,green,2
1652811902195,"57 km NNE of Chase, Alaska",reviewed,0,19,earthquake,1.1, Alaska,-149.657,62.9227,74.3,2022-05-17 18:25:02.195000+00:00,0,red,0
1674763799430,"14 km ESE of P?hala, Hawaii",automatic,0,65,earthquake,2.05999994, Hawaii,-155.367492675781,19.1324996948242,30.1900005340576,2023-01-26 20:09:59.430000+00:00,0,red,0
1649903672340,"7 km N of West Yellowstone, Montana",reviewed,0,22,earthquake,1.19, Montana,-111.0883333,44.7303333,11.28,2022-04-14 02:34:32.340000+00:00,1,blue,1
1679493060890,"7km SW of Ferndale, CA",reviewed,0,57,earthquake,1.92,California,-124.3243333,40.5368333,17.69,2023-03-22 13:51:00.890000+00:00,0,red,0
1658338554564,"281 km WNW of Neiafu, Tonga",reviewed,0,326,earthquake,4.6, Tonga,-176.4321,-17.6574,10.0,2022-07-20 17:35:54.564000+00:00,2,green,2
1666944327090,"11km ESE of Mammoth Lakes, CA",reviewed,0,13,earthquake,0.92,California,-118.8603333,37.6111667,2.68,2022-10-28 08:05:27.090000+00:00,1,blue,1
1668616175960,"105 km E of Antofagasta, Chile",reviewed,0,271,earthquake,4.2, Chile,-69.3639,-23.6138,78.19,2022-11-16 16:29:35.960000+00:00,2,green,2
1660106210850,"15km SSW of Searles Valley, CA",reviewed,0,102,earthquake,2.57,California,-117.496,35.6531667,9.09,2022-08-10 04:36:50.850000+00:00,0,red,0
1647096196223,"197 km WSW of Adak, Alaska",reviewed,0,56,earthquake,1.9, Alaska,-179.2284,51.1516,25.5,2022-03-12 14:43:16.223000+00:00,0,red,0
1686743888748,"19 km SSW of Cantwell, Alaska",reviewed,0,35,earthquake,1.5, Alaska,-149.0558,63.227,4.0,2023-06-14 11:58:08.748000+00:00,1,blue,1
1665366650572,south of Alaska,reviewed,0,326,earthquake,4.6,south of Alaska,-159.7559,54.5114,29.067,2022-10-10 01:50:50.572000+00:00,2,green,2
1650161729355,"26 km WSW of Trapper Creek, Alaska",reviewed,0,10,earthquake,0.8, Alaska,-150.672,62.2038,8.6,2022-04-17 02:15:29.355000+00:00,1,blue,1
1650747157140,"87 km W of Adak, Alaska",reviewed,0,0,earthquake,0.11, Alaska,-177.910666666667,51.8611666666667,5.63,2022-04-23 20:52:37.140000+00:00,1,blue,1
1650562421916,"272 km SSW of Ambon, Indonesia",reviewed,0,284,earthquake,4.3, Indonesia,127.6161,-6.0968,399.2,2022-04-21 17:33:41.916000+00:00,2,pink,3
1674565626861,"11 km SE of Tyonek, Alaska",reviewed,0,158,earthquake,3.2, Alaska,-151.0096,60.9862,20.0,2023-01-24 13:07:06.861000+00:00,0,red,0
1682532399159,"68 km NNE of Chignik Lagoon, Alaska",reviewed,0,44,earthquake,1.7, Alaska,-158.2609,56.9056,6.8,2023-04-26 18:06:39.159000+00:00,0,red,0
1663196040144,"4 km SSE of Big Lake, Alaska",reviewed,0,50,earthquake,1.8, Alaska,-149.9395,61.4861,45.3,2022-09-14 22:54:00.144000+00:00,0,red,0
1658117673503,"145 km ESE of McCarthy, Alaska",reviewed,0,44,earthquake,1.7, Alaska,-140.4995,60.8463,18.9,2022-07-18 04:14:33.503000+00:00,0,red,0
1684520066366,"32 km S of Segundo, Colorado",reviewed,0,30,earthquake,1.4, Colorado,-104.8127,36.839,5.0,2023-05-19 18:14:26.366000+00:00,1,blue,1
1676096628081,"19 km NE of Nikiski, Alaska",reviewed,0,44,earthquake,1.7, Alaska,-151.0031,60.7987,15.7,2023-02-11 06:23:48.081000+00:00,0,red,0
1667376755062,"44 km ESE of Beatty, Nevada",reviewed,0,22,earthquake,1.2, Nevada,-116.3306,36.7094,9.2,2022-11-02 08:12:35.062000+00:00,1,blue,1
1660983618640,"3km SE of The Geysers, CA",automatic,0,2,earthquake,0.32,California,-122.7323303,38.757,1.41,2022-08-20 08:20:18.640000+00:00,1,blue,1
1652327621036,western Texas,reviewed,0,129,earthquake,2.9,western Texas,-103.9456909,31.61416492,6.825683594,2022-05-12 03:53:41.036000+00:00,0,red,0
1665064160370,"13km NE of Julian, CA",reviewed,0,3,earthquake,0.43,California,-116.5005,33.1566667,7.64,2022-10-06 13:49:20.370000+00:00,1,blue,1
1686904383290,"23 km ESE of Naalehu, Hawaii",automatic,0,80,earthquake,2.28, Hawaii,-155.373504638672,18.9885005950928,14.8000001907349,2023-06-16 08:33:03.290000+00:00,0,red,0
1676921469930,"3km WNW of The Geysers, CA",automatic,0,8,earthquake,0.73,California,-122.7841644,38.7906685,3.75,2023-02-20 19:31:09.930000+00:00,1,blue,1
1662222386240,"3km WSW of Avenal, CA",reviewed,0,38,earthquake,1.57,California,-120.1623333,35.9951667,12.83,2022-09-03 16:26:26.240000+00:00,1,blue,1
1667841509450,"5 km NNE of Susitna North, Alaska",reviewed,0,10,earthquake,0.8, Alaska,-149.821,62.2099,14.7,2022-11-07 17:18:29.450000+00:00,1,blue,1
1678536559298,"0 km NE of Bâsca Rozilei, Romania",reviewed,0,289,earthquake,4.1, Romania,26.3442,45.458,132.66,2023-03-11 12:09:19.298000+00:00,2,green,2
1659536019450,"2 km SSW of P?hala, Hawaii",automatic,0,84,earthquake,2.33, Hawaii,-155.486663818359,19.1805000305176,32.2400016784668,2022-08-03 14:13:39.450000+00:00,0,red,0
1653124063936,"Rat Islands, Aleutian Islands, Alaska",reviewed,0,121,earthquake,2.8, Aleutian Islands,178.7636,51.1372,25.67,2022-05-21 09:07:43.936000+00:00,0,red,0
1679785771095,"22 km NNE of Valdez, Alaska",reviewed,0,30,earthquake,1.4, Alaska,-146.2083,61.3245,10.8,2023-03-25 23:09:31.095000+00:00,1,blue,1
1658885078707,"60 km W of Anchor Point, Alaska",reviewed,0,56,earthquake,1.9, Alaska,-152.9041,59.777,97.9,2022-07-27 01:24:38.707000+00:00,0,red,0
1654638312210,"88 km W of Adak, Alaska",reviewed,0,0,earthquake,0.04, Alaska,-177.924833333333,51.8598333333333,4.27,2022-06-07 21:45:12.210000+00:00,1,blue,1
1670087511920,"3km NNW of Palomar Observatory, CA",reviewed,0,24,earthquake,1.24,California,-116.877,33.3831667,5.49,2022-12-03 17:11:51.920000+00:00,1,blue,1
1650080512571,"17 km WNW of Karluk, Alaska",reviewed,0,30,earthquake,1.4, Alaska,-154.7051,57.6495,62.5,2022-04-16 03:41:52.571000+00:00,0,red,0
1649336865960,"1km SW of Round Valley, CA",reviewed,0,17,earthquake,1.06,California,-118.6016667,37.4106667,9.89,2022-04-07 13:07:45.960000+00:00,1,blue,1
1650863746444,"49 km W of Denali National Park, Alaska",reviewed,0,8,earthquake,0.7, Alaska,-152.7,63.4715,17.8,2022-04-25 05:15:46.444000+00:00,1,blue,1
1666913144480,"5 km WSW of P?hala, Hawaii",automatic,0,44,earthquake,1.70000005, Hawaii,-155.522659301758,19.1830005645752,35.4000015258789,2022-10-27 23:25:44.480000+00:00,0,red,0
1651285007501,"139 km WNW of Tiksi, Russia",reviewed,0,259,earthquake,4.1, Russia,125.2962,72.2861,10.0,2022-04-30 02:16:47.501000+00:00,2,green,2
1687703505255,"15 km NNW of Sutcliffe, Nevada",reviewed,0,2,earthquake,0.4, Nevada,-119.6664,40.0849,14.8,2023-06-25 14:31:45.255000+00:00,1,blue,1
1675989386710,Alaska Peninsula,reviewed,0,0,earthquake,0.15,Alaska Peninsula,-155.4735,58.0788333333333,8.3,2023-02-10 00:36:26.710000+00:00,1,blue,1
1661258667300,"6 km E of Hebgen Lake Estates, Montana",reviewed,0,0,earthquake,0.06, Montana,-111.1121667,44.7655,11.82,2022-08-23 12:44:27.300000+00:00,1,blue,1
1675417851152,"73 km SE of Arica, Chile",reviewed,0,326,earthquake,4.6, Chile,-69.7288,-18.862,101.183,2023-02-03 09:50:51.152000+00:00,2,green,2
1657492405770,"71 km N of Culebra, Puerto Rico",reviewed,0,170,earthquake,3.32, Puerto Rico,-65.2856666666667,18.9475,30.09,2022-07-10 22:33:25.770000+00:00,0,red,0
1661608494820,"23 km SSW of Mammoth, Wyoming",reviewed,0,15,earthquake,0.99, Wyoming,-110.8098333,44.7803333,4.75,2022-08-27 13:54:54.820000+00:00,1,blue,1
1677110401815,southeast Indian Ridge,reviewed,0,340,earthquake,4.7,southeast Indian Ridge,108.5598,-48.7678,10.0,2023-02-23 00:00:01.815000+00:00,2,green,2
1688407982190,"6km NW of The Geysers, CA",automatic,0,19,earthquake,1.1,California,-122.8013306,38.8216667,2.39,2023-07-03 18:13:02.190000+00:00,1,blue,1
1668117020739,south of the Fiji Islands,reviewed,0,298,earthquake,4.4,south of the Fiji Islands,-179.2569,-23.4312,452.551,2022-11-10 21:50:20.739000+00:00,2,pink,3
1642050207354,"22 km WNW of Akhiok, Alaska",reviewed,0,81,earthquake,2.3, Alaska,-154.5153,57.0165,11.0,2022-01-13 05:03:27.354000+00:00,0,red,0
1683747020060,"6 km SW of Guánica, Puerto Rico",reviewed,0,92,earthquake,2.45, Puerto Rico,-66.9495,17.929,10.16,2023-05-10 19:30:20.060000+00:00,0,red,0
1686758571290,"9 km WSW of Benton City, Washington",reviewed,0,6,earthquake,0.62, Washington,-119.59416666666668,46.214333333333336,7.37,2023-06-14 16:02:51.290000+00:00,1,blue,1
1677498735220,"20km NNW of Tehachapi, CA",reviewed,0,4,earthquake,0.5,California,-118.5381667,35.2951667,7.24,2023-02-27 11:52:15.220000+00:00,1,blue,1
1658007447440,"7 km NW of Medford, Oklahoma",reviewed,0,20,earthquake,1.13, Oklahoma,-97.785,36.861,7.09,2022-07-16 21:37:27.440000+00:00,1,blue,1
1669228613761,"164 km ENE of Tobelo, Indonesia",reviewed,0,271,earthquake,4.2, Indonesia,129.3833,2.2708,10.651,2022-11-23 18:36:53.761000+00:00,2,green,2
1682929676420,"1 km SW of Adams Center, New York",reviewed,0,50,earthquake,1.8, New York,-76.0167,43.8513,7.44,2023-05-01 08:27:56.420000+00:00,0,red,0
1671842848140,"6km S of Muir Beach, CA",reviewed,0,32,earthquake,1.45,California,-122.592,37.8121667,5.76,2022-12-24 00:47:28.140000+00:00,1,blue,1
1679021238570,"100 km W of Adak, Alaska",reviewed,0,10,earthquake,0.8, Alaska,-178.086666666667,51.8553333333333,3.23,2023-03-17 02:47:18.570000+00:00,1,blue,1
1677019400960,"7km NW of The Geysers, CA",reviewed,0,1,earthquake,0.21,California,-122.8066667,38.8233333,1.65,2023-02-21 22:43:20.960000+00:00,1,blue,1
1657088856460,"5 km N of Stroud, Oklahoma",reviewed,0,6,earthquake,0.62, Oklahoma,-96.65416667,35.79616667,7.77,2022-07-06 06:27:36.460000+00:00,1,blue,1
1641147592720,"57 km NE of Kobuk, Alaska",reviewed,0,15,earthquake,1.0, Alaska,-156.148,67.339,5.6,2022-01-02 18:19:52.720000+00:00,1,blue,1
1657932700747,"21 km NE of Goldfield, Nevada",reviewed,0,39,earthquake,1.6, Nevada,-117.0953,37.8683,0.0,2022-07-16 00:51:40.747000+00:00,1,blue,1
1656681061323,"78 km SSE of Unalaska, Alaska",reviewed,0,44,earthquake,1.7, Alaska,-166.072,53.2269,17.5,2022-07-01 13:11:01.323000+00:00,0,red,0
1664262452449,"54 km ESE of Port Heiden, Alaska",reviewed,0,39,earthquake,1.6, Alaska,-157.7961,56.7695,2.6,2022-09-27 07:07:32.449000+00:00,1,blue,1
1682818028585,"58 km SE of Pedro Bay, Alaska",reviewed,0,26,earthquake,1.3, Alaska,-153.4223,59.3948,116.7,2023-04-30 01:27:08.585000+00:00,0,red,0
1671564050834,"56 km WNW of Tatitlek, Alaska",reviewed,0,26,earthquake,1.3, Alaska,-147.6898,60.9847,3.8,2022-12-20 19:20:50.834000+00:00,1,blue,1
1672928753019,"44 km S of Jurm, Afghanistan",reviewed,0,564,earthquake,6.0, Afghanistan,70.7455,36.4738,203.0,2023-01-05 14:25:53.019000+00:00,2,green,2
1682869156840,"10km N of Big Bear Lake, CA",reviewed,0,12,earthquake,0.9,California,-116.9133333,34.3315,6.79,2023-04-30 15:39:16.840000+00:00,1,blue,1
1661596393748,"8 km WSW of Fairview, Wyoming",reviewed,0,12,earthquake,0.9, Wyoming,-111.0677,42.6524,3.309,2022-08-27 10:33:13.748000+00:00,1,blue,1
1667910360670,"11 km SSE of Volcano, Hawaii",reviewed,0,16,earthquake,1.01, Hawaii,-155.211166666667,19.338,0.37,2022-11-08 12:26:00.670000+00:00,1,blue,1
1643295560922,Haiti region,reviewed,0,312,earthquake,4.5,Haiti region,-73.371,18.4938,10.0,2022-01-27 14:59:20.922000+00:00,2,green,2
1653125497647,"17 km N of Nikiski, Alaska",reviewed,0,19,earthquake,1.1, Alaska,-151.2313,60.8484,65.2,2022-05-21 09:31:37.647000+00:00,1,blue,1
1672214814980,"267 km SW of Tofino, Canada",reviewed,0,222,earthquake,3.8, Canada,-128.9084,47.8047,9.158,2022-12-28 08:06:54.980000+00:00,2,green,2
1676630547170,"4km NNW of The Geysers, CA",reviewed,0,29,earthquake,1.38,California,-122.7781667,38.8065,0.05,2023-02-17 10:42:27.170000+00:00,1,blue,1
1665567131670,"4 km ESE of Maricao, Puerto Rico",reviewed,0,92,earthquake,2.45, Puerto Rico,-66.9356666666667,18.1663333333333,21.44,2022-10-12 09:32:11.670000+00:00,0,red,0
1652921659460,"9 km E of Atka, Alaska",reviewed,0,0,earthquake,0.17, Alaska,-174.068333333333,52.1911666666667,7.08,2022-05-19 00:54:19.460000+00:00,1,blue,1
1677631630880,"8km W of Cobb, CA",automatic,0,9,earthquake,0.77,California,-122.8126678,38.8348351,1.76,2023-03-01 00:47:10.880000+00:00,1,blue,1
1651642328674,"78 km SW of Nanwalek, Alaska",reviewed,0,35,earthquake,1.5, Alaska,-153.0124,58.9252,68.7,2022-05-04 05:32:08.674000+00:00,0,red,0
1668970210799,"19 km SE of Elmendorf Air Force Base, Alaska",reviewed,0,56,earthquake,1.9, Alaska,-149.4254,61.1122,27.2,2022-11-20 18:50:10.799000+00:00,0,red,0
1642282888910,"8km NW of The Geysers, CA",automatic,0,11,earthquake,0.85,California,-122.8190002,38.8325005,1.43,2022-01-15 21:41:28.910000+00:00,1,blue,1
1664851941695,"23 km WNW of Hope, Alaska",reviewed,0,35,earthquake,1.5, Alaska,-150.0475,60.9854,16.3,2022-10-04 02:52:21.695000+00:00,1,blue,1
1659943385220,"2 km SW of Indios, Puerto Rico",reviewed,0,198,earthquake,3.58, Puerto Rico,-66.8348,17.9818,15.0,2022-08-08 07:23:05.220000+00:00,2,green,2
1675821913040,"8 km NE of P?hala, Hawaii",automatic,0,45,earthquake,1.71000004, Hawaii,-155.409164428711,19.2483329772949,31.7999992370605,2023-02-08 02:05:13.040000+00:00,0,red,0
1651057305290,"14 km NE of West Yellowstone, Montana",reviewed,0,12,earthquake,0.89, Montana,-110.9796667,44.7556667,10.38,2022-04-27 11:01:45.290000+00:00,1,blue,1
1667387543450,"15km E of Seven Trees, CA",reviewed,0,144,earthquake,2.77,California,-121.6745,37.3105,7.76,2022-11-02 11:12:23.450000+00:00,0,red,0
1671611619257,"49 km W of Anchor Point, Alaska",reviewed,0,35,earthquake,1.5, Alaska,-152.7081,59.759,79.3,2022-12-21 08:33:39.257000+00:00,0,red,0
1659673972387,"59 km NNW of Yakutat, Alaska",reviewed,0,26,earthquake,1.3, Alaska,-140.0196,60.061,12.5,2022-08-05 04:32:52.387000+00:00,1,blue,1
1652825188309,"69 km SE of Denali National Park, Alaska",reviewed,0,26,earthquake,1.3, Alaska,-150.7061,63.1217,113.7,2022-05-17 22:06:28.309000+00:00,0,red,0
1677556613700,"5km WNW of The Geysers, CA",automatic,0,10,earthquake,0.81,California,-122.8118362,38.7948341,2.84,2023-02-28 03:56:53.700000+00:00,1,blue,1
1662118976640,"11km NNE of Ojai, CA",reviewed,0,26,earthquake,1.29,California,-119.2,34.5406667,0.79,2022-09-02 11:42:56.640000+00:00,1,blue,1
1687679154394,Bering Sea,reviewed,0,138,earthquake,3.0,Bering Sea,-173.1489,56.7122,7.595,2023-06-25 07:45:54.394000+00:00,0,red,0
1649304001400,"8km NW of The Geysers, CA",automatic,0,11,earthquake,0.85,California,-122.8151703,38.8291664,1.58,2022-04-07 04:00:01.400000+00:00,1,blue,1
1653818854790,"24km WNW of Searles Valley, CA",reviewed,0,13,earthquake,0.92,California,-117.6538333,35.8371667,7.87,2022-05-29 10:07:34.790000+00:00,1,blue,1
1675949237759,"8 km NNE of Cooper Landing, Alaska",reviewed,0,26,earthquake,1.3, Alaska,-149.7886,60.56,29.2,2023-02-09 13:27:17.759000+00:00,1,blue,1
1642593474250,"4 km S of Guánica, Puerto Rico",reviewed,0,66,earthquake,2.07, Puerto Rico,-66.9138,17.9286,13.0,2022-01-19 11:57:54.250000+00:00,0,red,0
1652973861630,"8km WNW of Bayview-Montalvin, CA",reviewed,0,23,earthquake,1.21,California,-122.4021667,38.041,0.26,2022-05-19 15:24:21.630000+00:00,1,blue,1
1659335188974,"93 km SE of Nikolski, Alaska",reviewed,0,168,earthquake,3.3, Alaska,-168.0553,52.2582,37.792,2022-08-01 06:26:28.974000+00:00,0,red,0
1666376624486,Molucca Sea,reviewed,0,326,earthquake,4.6,Molucca Sea,127.8156,2.5112,86.534,2022-10-21 18:23:44.486000+00:00,2,green,2
1683637398231,"8 km N of Segundo, Colorado",reviewed,0,26,earthquake,1.3, Colorado,-104.7404,37.1996,5.0,2023-05-09 13:03:18.231000+00:00,1,blue,1
1648028618370,southern Idaho,reviewed,0,60,earthquake,1.98,southern Idaho,-115.1921667,44.27,9.83,2022-03-23 09:43:38.370000+00:00,0,red,0
1669642849872,"57 km S of Tari, Papua New Guinea",reviewed,0,326,earthquake,4.6, Papua New Guinea,142.876,-6.3595,10.0,2022-11-28 13:40:49.872000+00:00,2,green,2
1687832243353,"158 km SSE of Alo, Wallis and Futuna",reviewed,0,284,earthquake,4.3, Wallis and Futuna,-177.3932,-15.5597,423.112,2023-06-27 02:17:23.353000+00:00,2,pink,3
1646222977526,Beaufort Sea,reviewed,0,129,earthquake,2.9,Beaufort Sea,-134.3031,71.657,42.1,2022-03-02 12:09:37.526000+00:00,0,red,0
1683696312748,California-Nevada border region,reviewed,0,6,earthquake,0.6,California-Nevada border region,-119.6195,38.805,6.6,2023-05-10 05:25:12.748000+00:00,1,blue,1
1688882023322,"98 km E of McCarthy, Alaska",reviewed,0,22,earthquake,1.2, Alaska,-141.0986,61.3344,12.1,2023-07-09 05:53:43.322000+00:00,1,blue,1
1656272727870,"22km ESE of Little Lake, CA",reviewed,0,11,earthquake,0.85,California,-117.6835,35.8486667,9.9,2022-06-26 19:45:27.870000+00:00,1,blue,1
1650798631390,"4km NW of Cobb, CA",automatic,0,3,earthquake,0.46,California,-122.75383,38.8419991,1.13,2022-04-24 11:10:31.390000+00:00,1,blue,1
1682232997807,"27 km SSE of Mina, Nevada",reviewed,0,50,earthquake,1.8, Nevada,-117.9969,38.1553,12.2,2023-04-23 06:56:37.807000+00:00,0,red,0
1661110925414,"10 km NNE of Petersville, Alaska",reviewed,0,56,earthquake,1.9, Alaska,-150.6618,62.575,71.9,2022-08-21 19:42:05.414000+00:00,0,red,0
1664592006723,"23 km SSW of Yatsuomachi-higashikumisaka, Japan",reviewed,0,246,earthquake,4.0, Japan,137.0386,36.3661,264.173,2022-10-01 02:40:06.723000+00:00,2,green,2
1668819469410,"1km NW of The Geysers, CA",automatic,0,11,earthquake,0.85,California,-122.7669983,38.7869987,3.02,2022-11-19 00:57:49.410000+00:00,1,blue,1
1680953400721,"Pagan region, Northern Mariana Islands",reviewed,0,284,earthquake,4.3, Northern Mariana Islands,145.7034,18.7758,180.212,2023-04-08 11:30:00.721000+00:00,2,green,2
1687858492750,"17 km E of Naalehu, Hawaii",automatic,0,60,earthquake,1.97000003, Hawaii,-155.415161132812,19.0398330688477,32.0699996948242,2023-06-27 09:34:52.750000+00:00,0,red,0
1674772226639,"184 km NW of Tobelo, Indonesia",reviewed,0,271,earthquake,4.2, Indonesia,126.6932,2.7438,47.351,2023-01-26 22:30:26.639000+00:00,2,green,2
1648019657830,"4km NNW of The Geysers, CA",automatic,0,7,earthquake,0.67,California,-122.779335,38.8056679,2.21,2022-03-23 07:14:17.830000+00:00,1,blue,1
1642139786627,Fiji region,reviewed,0,298,earthquake,4.4,Fiji region,-178.2561,-18.0231,563.04,2022-01-14 05:56:26.627000+00:00,2,pink,3
1654399001570,"8km NW of The Geysers, CA",reviewed,0,77,earthquake,2.24,California,-122.8145,38.829,2.28,2022-06-05 03:16:41.570000+00:00,0,red,0
1673298626682,"30 km WNW of Chenega, Alaska",reviewed,0,30,earthquake,1.4, Alaska,-148.5399,60.1226,10.0,2023-01-09 21:10:26.682000+00:00,1,blue,1
1660385573035,"10 km N of Lemmon Valley, Nevada",reviewed,0,0,earthquake,0.1, Nevada,-119.8597,39.7286,10.3,2022-08-13 10:12:53.035000+00:00,1,blue,1
1646226810950,"9km W of Cobb, CA",automatic,0,14,earthquake,0.97,California,-122.8213348,38.8364983,1.42,2022-03-02 13:13:30.950000+00:00,1,blue,1
1668127168852,"52 km N of Petersville, Alaska",reviewed,0,30,earthquake,1.4, Alaska,-150.8436,62.962,109.0,2022-11-11 00:39:28.852000+00:00,0,red,0
1683735219300,"80 km WNW of Hihifo, Tonga",reviewed,0,340,earthquake,4.7, Tonga,-174.4585,-15.6132,165.803,2023-05-10 16:13:39.300000+00:00,2,green,2
1672760979740,"25 km S of Fern Forest, Hawaii",automatic,0,46,earthquake,1.73000002, Hawaii,-155.103500366211,19.24049949646,40.0,2023-01-03 15:49:39.740000+00:00,0,red,0
1657756541573,"47 km NW of Ninilchik, Alaska",reviewed,0,26,earthquake,1.3, Alaska,-152.3492,60.3055,81.9,2022-07-13 23:55:41.573000+00:00,0,red,0
1675235638580,"37 km ESE of Port Heiden, Alaska",reviewed,0,1,earthquake,0.28, Alaska,-158.043,56.8491666666667,12.33,2023-02-01 07:13:58.580000+00:00,1,blue,1
1648895619840,"9 km N of El Reno, Oklahoma",reviewed,0,34,earthquake,1.48, Oklahoma,-97.95033333,35.61966667,6.58,2022-04-02 10:33:39.840000+00:00,1,blue,1
1684289666747,"59 km ESE of Denali National Park, Alaska",reviewed,0,26,earthquake,1.3, Alaska,-150.7265,63.2537,127.4,2023-05-17 02:14:26.747000+00:00,0,red,0
1683847290049,"71 km SW of Skwentna, Alaska",reviewed,0,56,earthquake,1.9, Alaska,-152.2549,61.494,122.3,2023-05-11 23:21:30.049000+00:00,0,red,0
1680906992600,"3km NW of The Geysers, CA",reviewed,0,3,earthquake,0.41,California,-122.7821667,38.7936667,1.66,2023-04-07 22:36:32.600000+00:00,1,blue,1
1689245431083,"57 km NNW of Yakutat, Alaska",reviewed,0,56,earthquake,1.9, Alaska,-140.1309,60.017,0.5,2023-07-13 10:50:31.083000+00:00,0,red,0
1643041197230,"1 km SSE of P?hala, Hawaii",automatic,0,72,earthquake,2.17000008, Hawaii,-155.473663330078,19.1856670379639,32.939998626709,2022-01-24 16:19:57.230000+00:00,0,red,0
1674901310717,"60 km WNW of False Pass, Alaska",reviewed,0,96,earthquake,2.5, Alaska,-164.2939,55.05,205.827,2023-01-28 10:21:50.717000+00:00,0,red,0
1642887072068,"32 km E of Ferry, Alaska",reviewed,0,19,earthquake,1.1, Alaska,-148.4627,64.0524,10.2,2022-01-22 21:31:12.068000+00:00,1,blue,1
1648286875321,"16 km NE of Cantwell, Alaska",reviewed,0,15,earthquake,1.0, Alaska,-148.6784,63.4773,11.8,2022-03-26 09:27:55.321000+00:00,1,blue,1
1664476198050,"19km ESE of Little Lake, CA",reviewed,0,14,earthquake,0.97,California,-117.711,35.8708333,10.85,2022-09-29 18:29:58.050000+00:00,1,blue,1
1659661981707,"108 km NE of Hihifo, Tonga",reviewed,0,312,earthquake,4.5, Tonga,-173.2346,-15.1427,10.0,2022-08-05 01:13:01.707000+00:00,2,green,2
1661230965913,"15 km NNE of Ta`?, American Samoa",reviewed,0,199,earthquake,3.6, American Samoa,-169.4572,-14.1003,10.06,2022-08-23 05:02:45.913000+00:00,2,green,2
1666580783490,"15km S of Searles Valley, CA",reviewed,0,23,earthquake,1.22,California,-117.434,35.6388333,7.88,2022-10-24 03:06:23.490000+00:00,1,blue,1
1674552790026,"35 km N of Chase, Alaska",reviewed,0,19,earthquake,1.1, Alaska,-150.0417,62.7698,68.2,2023-01-24 09:33:10.026000+00:00,1,blue,1
1655404918221,Vanuatu,reviewed,0,284,earthquake,4.3,Vanuatu,167.2532,-13.1769,201.38,2022-06-16 18:41:58.221000+00:00,2,green,2
1646610136240,"7km NW of The Geysers, CA",automatic,0,2,earthquake,0.33,California,-122.8073349,38.8221664,2.57,2022-03-06 23:42:16.240000+00:00,1,blue,1
1645406236590,"7 km WSW of Ferry, Alaska",reviewed,0,30,earthquake,1.4, Alaska,-149.2641,64.0031,2.7,2022-02-21 01:17:16.590000+00:00,1,blue,1
1673008039992,"13 km N of False Pass, Alaska",reviewed,0,129,earthquake,2.9, Alaska,-163.4323,54.9725,165.146,2023-01-06 12:27:19.992000+00:00,0,red,0
1644397740451,"24 km W of Denali Park, Alaska",reviewed,0,96,earthquake,2.5, Alaska,-149.3956,63.7,14.1,2022-02-09 09:09:00.451000+00:00,0,red,0
1670681454653,"18 km SSW of Harding-Birch Lakes, Alaska",reviewed,0,10,earthquake,0.8, Alaska,-146.7381,64.2192,16.3,2022-12-10 14:10:54.653000+00:00,1,blue,1
1683292669957,"89 km NW of Karluk, Alaska",reviewed,0,56,earthquake,1.9, Alaska,-155.3897,58.1958,3.1,2023-05-05 13:17:49.957000+00:00,0,red,0
1689911659453,"86 km NW of Karluk, Alaska",reviewed,0,19,earthquake,1.1, Alaska,-155.3321,58.1842,1.1,2023-07-21 03:54:19.453000+00:00,1,blue,1
1684854295574,"204 km NW of Tobelo, Indonesia",reviewed,0,400,earthquake,5.1, Indonesia,126.7467,3.0781,48.463,2023-05-23 15:04:55.574000+00:00,2,green,2
1655622730490,"5km SSW of Warner Springs, CA",reviewed,0,5,earthquake,0.59,California,-116.6458333,33.2381667,12.12,2022-06-19 07:12:10.490000+00:00,1,blue,1
1647037007290,"23km ESE of Little Lake, CA",reviewed,0,13,earthquake,0.91,California,-117.6678333,35.8641667,10.11,2022-03-11 22:16:47.290000+00:00,1,blue,1
1676429573990,"2km NNW of The Geysers, CA",automatic,0,16,earthquake,1.03,California,-122.7636642,38.7953339,1.6,2023-02-15 02:52:53.990000+00:00,1,blue,1
1650405802489,"230 km SSE of Sarangani, Philippines",reviewed,0,298,earthquake,4.4, Philippines,126.4752,3.5872,32.48,2022-04-19 22:03:22.489000+00:00,2,green,2
1652106357605,"35 km SSW of Pelican, Alaska",reviewed,0,22,earthquake,1.2, Alaska,-136.3472,57.6495,10.0,2022-05-09 14:25:57.605000+00:00,1,blue,1
1663550837796,"20 km NW of Stanley, Idaho",reviewed,0,19,earthquake,1.1, Idaho,-115.1355,44.3412,10.0,2022-09-19 01:27:17.796000+00:00,1,blue,1
1650832798610,"1km NE of The Geysers, CA",automatic,0,7,earthquake,0.69,California,-122.7471695,38.7878342,2.02,2022-04-24 20:39:58.610000+00:00,1,blue,1
1657345676680,"3km SE of The Geysers, CA",reviewed,0,0,earthquake,0.11,California,-122.729,38.76,2.05,2022-07-09 05:47:56.680000+00:00,1,blue,1
1657309005401,"204 km SE of Port Blair, India",reviewed,0,271,earthquake,4.2, India,94.0642,10.3507,10.0,2022-07-08 19:36:45.401000+00:00,2,green,2
1671271047199,"6 km SW of Glencoe, Oklahoma",reviewed,0,7,earthquake,0.68, Oklahoma,-96.97533333,36.18716667,7.0,2022-12-17 09:57:27.199000+00:00,1,blue,1
1658134766744,"45 km W of Nanwalek, Alaska",reviewed,0,56,earthquake,1.9, Alaska,-152.7059,59.2927,68.8,2022-07-18 08:59:26.744000+00:00,0,red,0
1654858292330,"83 km NNW of Karluk, Alaska",reviewed,0,5,earthquake,0.59, Alaska,-154.9235,58.2801666666667,4.33,2022-06-10 10:51:32.330000+00:00,1,blue,1
1682055458751,"62 km N of Chickaloon, Alaska",reviewed,0,8,earthquake,0.7, Alaska,-148.301,62.3481,36.0,2023-04-21 05:37:38.751000+00:00,1,blue,1
1670662299694,western Texas,reviewed,0,68,earthquake,2.1,western Texas,-104.233004,31.65641834,7.314135742,2022-12-10 08:51:39.694000+00:00,0,red,0
1667771552966,"Andreanof Islands, Aleutian Islands, Alaska",reviewed,0,104,earthquake,2.6, Aleutian Islands,-176.4356,51.5828,50.957,2022-11-06 21:52:32.966000+00:00,0,red,0
1690588943580,"0 km S of Yauco, Puerto Rico",reviewed,0,63,earthquake,2.03, Puerto Rico,-66.8503333333333,18.0301666666667,16.27,2023-07-29 00:02:23.580000+00:00,0,red,0
1649710082100,Western Montana,reviewed,0,11,earthquake,0.83,Western Montana,-112.4995,46.8565,15.4,2022-04-11 20:48:02.100000+00:00,1,blue,1
1646119099050,"37 km NNE of Amboy, Washington",reviewed,0,6,earthquake,0.61, Washington,-122.19516666666668,46.198166666666665,4.59,2022-03-01 07:18:19.050000+00:00,1,blue,1
1679907859590,"4km SSW of Anderson Springs, CA",automatic,0,18,earthquake,1.08,California,-122.7123337,38.7468338,0.62,2023-03-27 09:04:19.590000+00:00,1,blue,1
1661709751254,"271 km W of Adak, Alaska",reviewed,0,50,earthquake,1.8, Alaska,179.485,51.5024,66.7,2022-08-28 18:02:31.254000+00:00,0,red,0
1684438410880,"12km N of Coalinga, CA",reviewed,0,20,earthquake,1.14,California,-120.3833333,36.248,8.15,2023-05-18 19:33:30.880000+00:00,1,blue,1
1661821173496,"92 km SE of Sand Point, Alaska",reviewed,0,62,earthquake,2.0, Alaska,-159.6597,54.6581,25.8,2022-08-30 00:59:33.496000+00:00,0,red,0
1671977415161,"72 km ESE of Denali Park, Alaska",reviewed,0,30,earthquake,1.4, Alaska,-147.5086,63.559,0.0,2022-12-25 14:10:15.161000+00:00,1,blue,1
1651194132320,"1 km NE of Indios, Puerto Rico",reviewed,0,48,earthquake,1.77, Puerto Rico,-66.8083333333333,18.0025,18.34,2022-04-29 01:02:12.320000+00:00,0,red,0
1674471720750,"3km N of Pacifica, CA",reviewed,0,19,earthquake,1.1,California,-122.4903333,37.6393333,8.76,2023-01-23 11:02:00.750000+00:00,1,blue,1
1677045679403,"65 km NW of Tyre, Lebanon",reviewed,0,311,earthquake,4.4, Lebanon,34.6394,33.6342,10.0,2023-02-22 06:01:19.403000+00:00,2,green,2
1679354728920,"111 km NNW of Nikolski, Alaska",reviewed,1,370,earthquake,4.9, Alaska,-169.7512,53.7903,215.062,2023-03-20 23:25:28.920000+00:00,2,green,2
1645396570120,"66 km WNW of Happy Valley, Alaska",reviewed,0,22,earthquake,1.2, Alaska,-152.8597,60.1564,110.5,2022-02-20 22:36:10.120000+00:00,0,red,0
1670454332943,"43 km ENE of Tonopah, Nevada",reviewed,0,30,earthquake,1.4, Nevada,-116.7464,38.172,9.3,2022-12-07 23:05:32.943000+00:00,1,blue,1
1668692806480,"8km ESE of Redway, CA",reviewed,0,47,earthquake,1.75,California,-123.7388333,40.1016667,22.6,2022-11-17 13:46:46.480000+00:00,0,red,0
1668941240160,"31 km NE of Amboy, Washington",reviewed,0,2,earthquake,0.4, Washington,-122.15366666666668,46.107,4.69,2022-11-20 10:47:20.160000+00:00,1,blue,1
1685746741255,"6 km S of Cold Springs, Nevada",reviewed,0,22,earthquake,1.2, Nevada,-119.9737,39.6177,6.2,2023-06-02 22:59:01.255000+00:00,1,blue,1
1660740594563,"7 km S of Central, Alaska",reviewed,0,62,earthquake,2.0, Alaska,-144.8089,65.5016,18.6,2022-08-17 12:49:54.563000+00:00,0,red,0
1644750958486,"55 km S of Whites City, New Mexico",reviewed,0,121,earthquake,2.8, New Mexico,-104.37286,31.67790378,6.157275391,2022-02-13 11:15:58.486000+00:00,0,red,0
1641644559004,"20 km E of Healy, Alaska",reviewed,0,22,earthquake,1.2, Alaska,-148.556,63.8372,99.6,2022-01-08 12:22:39.004000+00:00,0,red,0
1682922158292,"45 km WSW of Denali Park, Alaska",reviewed,0,39,earthquake,1.6, Alaska,-149.7954,63.6023,129.4,2023-05-01 06:22:38.292000+00:00,0,red,0
1673678685249,"7 km E of Dedham, Maine",reviewed,0,65,earthquake,2.0, Maine,-68.5665,44.6844,5.0,2023-01-14 06:44:45.249000+00:00,0,red,0
1665001003752,"5 km WNW of Beluga, Alaska",reviewed,0,35,earthquake,1.5, Alaska,-151.1781,61.1569,60.3,2022-10-05 20:16:43.752000+00:00,0,red,0
1652904851243,"48 km N of Valdez, Alaska",reviewed,0,44,earthquake,1.7, Alaska,-146.2424,61.5675,24.3,2022-05-18 20:14:11.243000+00:00,0,red,0
1646038611900,"248 km W of Adak, Alaska",reviewed,0,1,earthquake,0.22, Alaska,179.760833333333,51.9343333333333,5.52,2022-02-28 08:56:51.900000+00:00,1,blue,1
1655059485846,"72 km NE of La Rivera, Mexico",reviewed,0,271,earthquake,4.2, Mexico,-109.0111,23.9797,10.0,2022-06-12 18:44:45.846000+00:00,2,green,2
1683072315980,"6km NNE of Westmorland, CA",reviewed,0,41,earthquake,1.61,California,-115.598,33.0881667,9.94,2023-05-03 00:05:15.980000+00:00,1,blue,1
1656782977330,"5 km SSE of Cane Beds, Arizona",reviewed,0,34,earthquake,1.49, Arizona,-112.8661667,36.8988333,23.69,2022-07-02 17:29:37.330000+00:00,1,blue,1
1666901647150,"11 km ENE of P?hala, Hawaii",automatic,0,59,earthquake,1.95000005, Hawaii,-155.3681640625,19.2290000915527,32.0800018310547,2022-10-27 20:14:07.150000+00:00,0,red,0
1689517412036,"24 km NNE of Nongstoin, India",reviewed,0,288,earthquake,4.3, India,91.3553,25.721,10.0,2023-07-16 14:23:32.036000+00:00,2,green,2
1673906877576,"14 km NNW of Susitna, Alaska",reviewed,0,19,earthquake,1.1, Alaska,-150.5964,61.6629,46.2,2023-01-16 22:07:57.576000+00:00,1,blue,1
1641843598330,"7km SSW of Tres Pinos, CA",reviewed,0,27,earthquake,1.33,California,-121.3373333,36.7305,8.51,2022-01-10 19:39:58.330000+00:00,1,blue,1
1673825110018,"54 km WSW of Ferry, Alaska",reviewed,0,8,earthquake,0.7, Alaska,-150.2062,63.9205,10.8,2023-01-15 23:25:10.018000+00:00,1,blue,1
1656186788760,"41 km NE of Adak, Alaska",reviewed,0,2,earthquake,0.33, Alaska,-176.185,52.1295,4.61,2022-06-25 19:53:08.760000+00:00,1,blue,1
1652882713980,"4km NW of Muscoy, CA",reviewed,0,13,earthquake,0.93,California,-117.3748333,34.1806667,10.78,2022-05-18 14:05:13.980000+00:00,1,blue,1
1660814938300,"8km NE of Borrego Springs, CA",reviewed,0,14,earthquake,0.96,California,-116.3248333,33.3143333,12.28,2022-08-18 09:28:58.300000+00:00,1,blue,1
1652805964042,"29 km NW of Beluga, Alaska",reviewed,0,26,earthquake,1.3, Alaska,-151.4951,61.3138,71.1,2022-05-17 16:46:04.042000+00:00,0,red,0
1667009973678,Fiji region,reviewed,0,259,earthquake,4.1,Fiji region,-178.3978,-17.7092,617.992,2022-10-29 02:19:33.678000+00:00,2,pink,3
1671152319800,"13km ENE of Cloverdale, CA",automatic,0,6,earthquake,0.62,California,-122.8785019,38.8421669,2.64,2022-12-16 00:58:39.800000+00:00,1,blue,1
1654500057988,"3 km WSW of Coleville, California",reviewed,0,1,earthquake,0.2, California,-119.5395,38.5558,5.2,2022-06-06 07:20:57.988000+00:00,1,blue,1
1664659454658,"123 km ENE of Tual, Indonesia",reviewed,0,298,earthquake,4.4, Indonesia,133.8298,-5.3271,10.0,2022-10-01 21:24:14.658000+00:00,2,green,2
1660714029872,Kermadec Islands region,reviewed,0,369,earthquake,4.9,Kermadec Islands region,-176.7112,-28.6425,10.0,2022-08-17 05:27:09.872000+00:00,2,green,2
1680314887050,"5km NW of Palomar Observatory, CA",reviewed,0,8,earthquake,0.74,California,-116.9011667,33.3853333,15.09,2023-04-01 02:08:07.050000+00:00,1,blue,1
1665589267112,"21 km E of Susitna North, Alaska",reviewed,0,50,earthquake,1.8, Alaska,-149.4459,62.1659,10.0,2022-10-12 15:41:07.112000+00:00,0,red,0
1673735483660,"14 km W of Akutan, Alaska",reviewed,0,7,earthquake,0.69, Alaska,-165.997666666667,54.1276666666667,12.51,2023-01-14 22:31:23.660000+00:00,1,blue,1
1655327333189,"11 km E of Crowder, Oklahoma",reviewed,0,34,earthquake,1.48, Oklahoma,-95.5405,35.10933333,6.97,2022-06-15 21:08:53.189000+00:00,1,blue,1
1687931353580,"4km SW of Palomar Observatory, CA",reviewed,0,3,earthquake,0.43,California,-116.8993333,33.3298333,16.8,2023-06-28 05:49:13.580000+00:00,1,blue,1
1681088141726,California-Nevada border region,reviewed,0,30,earthquake,1.4,California-Nevada border region,-117.98,37.5091,0.0,2023-04-10 00:55:41.726000+00:00,1,blue,1
1671591874099,"57 km ENE of Whittier, Alaska",reviewed,0,26,earthquake,1.3, Alaska,-147.7184,60.9882,0.0,2022-12-21 03:04:34.099000+00:00,1,blue,1
1680914320829,Southern Alaska,reviewed,0,35,earthquake,1.5,Southern Alaska,-146.7102,61.5665,13.3,2023-04-08 00:38:40.829000+00:00,1,blue,1
1660840523650,"76 km NE of Nikolski, Alaska",reviewed,0,1,earthquake,0.28, Alaska,-168.081166666667,53.4401666666667,2.89,2022-08-18 16:35:23.650000+00:00,1,blue,1
1673443091038,"16 km E of Healy, Alaska",reviewed,0,26,earthquake,1.3, Alaska,-148.6339,63.8554,6.3,2023-01-11 13:18:11.038000+00:00,1,blue,1
1655373876580,"1km ESE of Los Angeles, CA",reviewed,0,17,earthquake,1.05,California,-118.2321667,34.0503333,11.51,2022-06-16 10:04:36.580000+00:00,1,blue,1
1649900946495,"61 km SE of Denali National Park, Alaska",reviewed,0,26,earthquake,1.3, Alaska,-150.7166,63.2282,128.5,2022-04-14 01:49:06.495000+00:00,0,red,0
1643782602964,"53 km NNE of Kobuk, Alaska",reviewed,0,74,earthquake,2.2, Alaska,-156.2114,67.3089,7.8,2022-02-02 06:16:42.964000+00:00,0,red,0
1653189851946,"46 km SE of Iwaki, Japan",reviewed,0,491,earthquake,5.4, Japan,141.3127,36.8145,10.33,2022-05-22 03:24:11.946000+00:00,2,green,2
1646189555760,"6km NW of The Geysers, CA",automatic,0,7,earthquake,0.69,California,-122.8126678,38.8133316,2.6,2022-03-02 02:52:35.760000+00:00,1,blue,1
1683439449920,Wyoming,reviewed,0,2,earthquake,0.32,Wyoming,-110.3478333,44.6291667,4.86,2023-05-07 06:04:09.920000+00:00,1,blue,1
1677917344360,Puerto Rico region,reviewed,0,194,earthquake,3.55,Puerto Rico region,-66.5618,19.2018,56.0,2023-03-04 08:09:04.360000+00:00,2,green,2
1685342535726,"18 km S of Anchorage, Alaska",reviewed,0,39,earthquake,1.6, Alaska,-149.8829,61.0507,37.1,2023-05-29 06:42:15.726000+00:00,0,red,0
1679081767490,"5 km SW of Volcano, Hawaii",reviewed,0,11,earthquake,0.83, Hawaii,-155.267833333333,19.4008333333333,0.38,2023-03-17 19:36:07.490000+00:00,1,blue,1
1655664705648,"5 km SSW of Fritz Creek, Alaska",reviewed,0,68,earthquake,2.1, Alaska,-151.3262,59.6918,47.1,2022-06-19 18:51:45.648000+00:00,0,red,0
1649214672850,"18km ESE of Anza, CA",reviewed,0,25,earthquake,1.28,California,-116.515,33.4666667,13.03,2022-04-06 03:11:12.850000+00:00,1,blue,1
1688520027150,"85 km NW of Karluk, Alaska",reviewed,0,9,earthquake,0.75, Alaska,-155.304166666667,58.1851666666667,2.48,2023-07-05 01:20:27.150000+00:00,1,blue,1
1649983523430,"30 km ENE of Helena Valley Northeast, Montana",reviewed,0,54,earthquake,1.88, Montana,-111.569,46.7753333,0.34,2022-04-15 00:45:23.430000+00:00,0,red,0
1641482176941,"32 km SSW of Mina, Nevada",automatic,0,10,earthquake,0.8, Nevada,-118.2142,38.1096,0.5,2022-01-06 15:16:16.941000+00:00,1,blue,1
1651249249630,"18km ESE of Little Lake, CA",reviewed,0,3,earthquake,0.44,California,-117.7075,35.8973333,9.42,2022-04-29 16:20:49.630000+00:00,1,blue,1
1681758634615,South Sandwich Islands region,reviewed,0,312,earthquake,4.5,South Sandwich Islands region,-24.0738,-56.9184,10.0,2023-04-17 19:10:34.615000+00:00,2,green,2
1649145911180,"5km W of Muscoy, CA",reviewed,0,10,earthquake,0.81,California,-117.3988333,34.163,2.98,2022-04-05 08:05:11.180000+00:00,1,blue,1
1675583580213,"67 km SW of Nanwalek, Alaska",reviewed,0,39,earthquake,1.6, Alaska,-152.6875,58.8906,69.7,2023-02-05 07:53:00.213000+00:00,0,red,0
1683614048881,"33 km WSW of Petersville, Alaska",reviewed,0,26,earthquake,1.3, Alaska,-151.2994,62.3331,79.3,2023-05-09 06:34:08.881000+00:00,0,red,0
1686221043559,"61 km SE of Cantwell, Alaska",reviewed,0,22,earthquake,1.2, Alaska,-148.261,62.9375,71.6,2023-06-08 10:44:03.559000+00:00,0,red,0
1661800082900,"16km NNE of Borrego Springs, CA",reviewed,0,3,earthquake,0.46,California,-116.2881667,33.3761667,10.54,2022-08-29 19:08:02.900000+00:00,1,blue,1
1680162178870,"5km WNW of Borrego Springs, CA",reviewed,0,14,earthquake,0.97,California,-116.4278333,33.265,5.24,2023-03-30 07:42:58.870000+00:00,1,blue,1
1651914627467,"65 km S of Burica, Panama",reviewed,0,271,earthquake,4.2, Panama,-82.783,7.4476,10.0,2022-05-07 09:10:27.467000+00:00,2,green,2
1690087701801,"11 km E of Glacier View, Alaska",automatic,0,19,earthquake,1.1, Alaska,-147.4305,61.8274,41.8,2023-07-23 04:48:21.801000+00:00,1,blue,1
1666865591100,"6 km SSE of Catron, Missouri",reviewed,0,126,earthquake,2.81, Missouri,-89.6845,36.551,9.19,2022-10-27 10:13:11.100000+00:00,0,red,0
1662374203671,"45 km WNW of Nanwalek, Alaska",reviewed,0,19,earthquake,1.1, Alaska,-152.682,59.4827,78.8,2022-09-05 10:36:43.671000+00:00,0,red,0
1666467693840,"6 km SE of Wakita, Oklahoma",reviewed,0,132,earthquake,2.93, Oklahoma,-97.87183333,36.83533333,7.18,2022-10-22 19:41:33.840000+00:00,0,red,0
1654059268350,"13km W of Toms Place, CA",reviewed,0,4,earthquake,0.5,California,-118.8263333,37.5406667,2.72,2022-06-01 04:54:28.350000+00:00,1,blue,1
1653622178131,"32 km SSW of Karluk, Alaska",reviewed,0,50,earthquake,1.8, Alaska,-154.6375,57.2961,18.8,2022-05-27 03:29:38.131000+00:00,0,red,0
1650443630894,"67 km N of Larsen Bay, Alaska",reviewed,0,12,earthquake,0.9, Alaska,-154.0565,58.1445,15.0,2022-04-20 08:33:50.894000+00:00,1,blue,1
1663407139660,"29km NNE of Redway, CA",reviewed,0,36,earthquake,1.53,California,-123.67,40.3518333,21.4,2022-09-17 09:32:19.660000+00:00,1,blue,1
1662945897467,"43 km WNW of Skwentna, Alaska",reviewed,0,30,earthquake,1.4, Alaska,-152.1696,62.1354,104.7,2022-09-12 01:24:57.467000+00:00,0,red,0
1685138648588,Southern Alaska,reviewed,0,62,earthquake,2.0,Southern Alaska,-153.2383,59.8173,118.4,2023-05-26 22:04:08.588000+00:00,0,red,0
1669534582501,"111 km S of False Pass, Alaska",reviewed,0,74,earthquake,2.2, Alaska,-163.6125,53.858,25.5,2022-11-27 07:36:22.501000+00:00,0,red,0
1672962290613,"20 km N of Stanton, Texas",reviewed,0,62,earthquake,2.0, Texas,-101.8277201,32.31170654,5.844685872,2023-01-05 23:44:50.613000+00:00,0,red,0
1657636214765,"253 km WSW of Adak, Alaska",reviewed,0,129,earthquake,2.9, Alaska,179.7594,51.453,60.208,2022-07-12 14:30:14.765000+00:00,0,red,0
1687011846640,"9km SSE of Mammoth Lakes, CA",reviewed,0,33,earthquake,1.47,California,-118.9271667,37.5665,8.39,2023-06-17 14:24:06.640000+00:00,1,blue,1
1656217719350,"9 km ENE of P?hala, Hawaii",reviewed,0,44,earthquake,1.69, Hawaii,-155.3925,19.2298333333333,32.47,2022-06-26 04:28:39.350000+00:00,0,red,0
1667304596179,"9 km SW of Waynoka, Oklahoma",reviewed,0,9,earthquake,0.77, Oklahoma,-98.9715,36.53283333,8.04,2022-11-01 12:09:56.179000+00:00,1,blue,1
1649320330469,"51 km E of Pedro Bay, Alaska",reviewed,0,35,earthquake,1.5, Alaska,-153.1868,59.7581,100.9,2022-04-07 08:32:10.469000+00:00,0,red,0
1648626758932,"34 km NW of Silver Peak, Nevada",reviewed,0,15,earthquake,1.0, Nevada,-117.8959,37.9912,3.3,2022-03-30 07:52:38.932000+00:00,1,blue,1
1649852648470,"5 km WSW of Unalaska, Alaska",reviewed,0,0,earthquake,0.08, Alaska,-166.615833333333,53.861,8.18,2022-04-13 12:24:08.470000+00:00,1,blue,1
1679548128940,"76 km SE of King Salmon, Alaska",reviewed,0,1,earthquake,0.28, Alaska,-155.689166666667,58.2285,7.98,2023-03-23 05:08:48.940000+00:00,1,blue,1
1673194417975,Southern Alaska,reviewed,0,89,earthquake,2.4,Southern Alaska,-153.5793,60.0043,143.4,2023-01-08 16:13:37.975000+00:00,0,red,0
1689062763730,"11 km NE of Ashford, Washington",reviewed,0,2,earthquake,0.37, Washington,-121.945,46.84283333333333,12.48,2023-07-11 08:06:03.730000+00:00,1,blue,1
1685828997200,"2 km S of Volcano, Hawaii",automatic,0,50,earthquake,1.79, Hawaii,-155.228668212891,19.4166660308838,2.78999996185303,2023-06-03 21:49:57.200000+00:00,0,red,0
1645575086449,"57 km NNE of Port-Vila, Vanuatu",reviewed,0,298,earthquake,4.4, Vanuatu,168.4507,-17.2331,220.98,2022-02-23 00:11:26.449000+00:00,2,green,2
1651868839299,"50 km W of Mentone, Texas",reviewed,0,68,earthquake,2.1, Texas,-104.1329245,31.70492876,7.288427734,2022-05-06 20:27:19.299000+00:00,0,red,0
1652446464370,"9km WNW of Cobb, CA",automatic,0,11,earthquake,0.86,California,-122.8258362,38.8424988,1.77,2022-05-13 12:54:24.370000+00:00,1,blue,1
1686303018264,"7 km S of Cold Springs, Nevada",reviewed,0,26,earthquake,1.3, Nevada,-119.9783,39.6164,6.4,2023-06-09 09:30:18.264000+00:00,1,blue,1
1686440103073,"40 km WNW of Valdez, Alaska",reviewed,0,26,earthquake,1.3, Alaska,-147.0915,61.2073,13.0,2023-06-10 23:35:03.073000+00:00,1,blue,1
1653262326731,"64 km WNW of Ninilchik, Alaska",reviewed,0,26,earthquake,1.3, Alaska,-152.7836,60.2165,107.5,2022-05-22 23:32:06.731000+00:00,0,red,0
1654553189370,"27 km NNE of Castle Valley, Utah",reviewed,0,34,earthquake,1.49, Utah,-109.3145,38.876,6.02,2022-06-06 22:06:29.370000+00:00,1,blue,1
1668245017031,"12 km ENE of Willow, Alaska",reviewed,0,39,earthquake,1.6, Alaska,-149.8203,61.7906,43.8,2022-11-12 09:23:37.031000+00:00,0,red,0
1682768661947,"3 km ESE of Canyondam, California",reviewed,0,12,earthquake,0.9, California,-121.0357,40.1586,4.2,2023-04-29 11:44:21.947000+00:00,1,blue,1
1674122036480,"28km SSW of Ocotillo Wells, CA",reviewed,0,27,earthquake,1.33,California,-116.2436667,32.9105,7.1,2023-01-19 09:53:56.480000+00:00,1,blue,1
1654454512708,"Rat Islands, Aleutian Islands, Alaska",reviewed,0,35,earthquake,1.5, Aleutian Islands,178.8129,51.5494,58.1,2022-06-05 18:41:52.708000+00:00,0,red,0
1686671076350,"36 km NNE of Amboy, Washington",reviewed,0,0,earthquake,0.15, Washington,-122.19233333333334,46.18816666666667,6.13,2023-06-13 15:44:36.350000+00:00,1,blue,1
1650593129812,"2 km ESE of Johnstonville, California",reviewed,0,26,earthquake,1.3, California,-120.5633,40.3724,12.3,2022-04-22 02:05:29.812000+00:00,1,blue,1
1682428477660,"27km SE of Ocotillo Wells, CA",reviewed,0,22,earthquake,1.19,California,-115.9133333,32.9833333,11.54,2023-04-25 13:14:37.660000+00:00,1,blue,1
1645234119340,"22 km ENE of Honaunau-Napoopoo, Hawaii",reviewed,0,20,earthquake,1.15, Hawaii,-155.6595,19.5053333333333,3.68,2022-02-19 01:28:39.340000+00:00,1,blue,1
1671192897530,"10 km ENE of P?hala, Hawaii",automatic,0,82,earthquake,2.31, Hawaii,-155.384674072266,19.2310009002686,30.25,2022-12-16 12:14:57.530000+00:00,0,red,0
1650898767486,"25 km ESE of Balmorhea, Texas",reviewed,0,74,earthquake,2.2, Texas,-103.4948266,30.90741187,3.997802734,2022-04-25 14:59:27.486000+00:00,0,red,0
1655790510030,"16km ENE of Little Lake, CA",reviewed,0,23,earthquake,1.22,California,-117.7448333,35.99,5.73,2022-06-21 05:48:30.030000+00:00,1,blue,1
1673837559250,"3 km N of Mount Pleasant, Utah",reviewed,0,112,earthquake,2.7, Utah,-111.4526667,39.578,9.0,2023-01-16 02:52:39.250000+00:00,0,red,0
1678521543430,"25km NE of Johannesburg, CA",reviewed,0,34,earthquake,1.48,California,-117.4208333,35.5156667,9.95,2023-03-11 07:59:03.430000+00:00,1,blue,1
1683679631967,"96 km SSE of False Pass, Alaska",reviewed,0,138,earthquake,3.0, Alaska,-163.0839,54.01,10.0,2023-05-10 00:47:11.967000+00:00,0,red,0
1656142954920,"7km WNW of Cobb, CA",automatic,0,11,earthquake,0.83,California,-122.8068314,38.8354988,2.38,2022-06-25 07:42:34.920000+00:00,1,blue,1
1675901124160,"7km NW of The Geysers, CA",automatic,0,6,earthquake,0.63,California,-122.80233,38.8269997,1.84,2023-02-09 00:05:24.160000+00:00,1,blue,1
1653946844066,"107 km SSE of Sand Point, Alaska",reviewed,0,68,earthquake,2.1, Alaska,-159.8043,54.4562,14.1,2022-05-30 21:40:44.066000+00:00,0,red,0
1662478887553,"Mindanao, Philippines",reviewed,0,298,earthquake,4.4, Philippines,126.4978,5.94,9.69,2022-09-06 15:41:27.553000+00:00,2,green,2
1643889941130,"11 km SW of Hatch, Utah",reviewed,0,57,earthquake,1.92, Utah,-112.522,37.57,2.36,2022-02-03 12:05:41.130000+00:00,0,red,0
1671505276030,"28 km ESE of Port Heiden, Alaska",reviewed,0,4,earthquake,0.49, Alaska,-158.182,56.8761666666667,3.68,2022-12-20 03:01:16.030000+00:00,1,blue,1
1690566540852,"37 km W of Mentone, Texas",reviewed,0,39,earthquake,1.6, Texas,-103.9853557,31.64138609,5.823071289,2023-07-28 17:49:00.852000+00:00,1,blue,1
1654427057360,"22km ESE of Little Lake, CA",reviewed,0,4,earthquake,0.52,California,-117.6768333,35.8608333,8.48,2022-06-05 11:04:17.360000+00:00,1,blue,1
1649037054471,"35 km SE of Mina, Nevada",reviewed,0,2,earthquake,0.4, Nevada,-117.8191,38.1702,6.2,2022-04-04 01:50:54.471000+00:00,1,blue,1
1675267241343,"35 km NNW of Skwentna, Alaska",reviewed,0,26,earthquake,1.3, Alaska,-151.7183,62.271,95.7,2023-02-01 16:00:41.343000+00:00,0,red,0
1680919842589,"18 km ESE of Susitna North, Alaska",reviewed,0,19,earthquake,1.1, Alaska,-149.5247,62.0866,7.5,2023-04-08 02:10:42.589000+00:00,1,blue,1
1649472545043,"51 km NNW of Koyukuk, Alaska",reviewed,0,68,earthquake,2.1, Alaska,-158.2526,65.2763,10.1,2022-04-09 02:49:05.043000+00:00,0,red,0
1660019267470,"4km SSW of Redlands, CA",reviewed,0,5,earthquake,0.58,California,-117.1928333,34.0183333,12.71,2022-08-09 04:27:47.470000+00:00,1,blue,1
1689981929240,"6 km E of Aromas, CA",reviewed,0,26,earthquake,1.29,California,-121.5746667,36.8928333,5.42,2023-07-21 23:25:29.240000+00:00,1,blue,1
1668320002335,"25 km W of Salamatof, Alaska",reviewed,0,44,earthquake,1.7, Alaska,-151.7785,60.5919,69.2,2022-11-13 06:13:22.335000+00:00,0,red,0
1666936049390,"5km SSW of Larkfield-Wikiup, CA",reviewed,0,20,earthquake,1.15,California,-122.766,38.4705,5.74,2022-10-28 05:47:29.390000+00:00,1,blue,1
1686546253570,"6km NW of The Geysers, CA",reviewed,0,29,earthquake,1.37,California,-122.799,38.8253333,2.97,2023-06-12 05:04:13.570000+00:00,1,blue,1
1660692576500,Utah,reviewed,0,10,earthquake,0.79,Utah,-113.247,37.2423333,17.87,2022-08-16 23:29:36.500000+00:00,1,blue,1
1665451364497,"14 km SW of Stanley, Idaho",reviewed,0,19,earthquake,1.1, Idaho,-115.0815,44.1311,10.0,2022-10-11 01:22:44.497000+00:00,1,blue,1
1641284501390,"38 km E of Valdez, Alaska",reviewed,0,44,earthquake,1.7, Alaska,-145.6294,61.1265,21.4,2022-01-04 08:21:41.390000+00:00,0,red,0
1679973989160,"8 km SSW of Volcano, Hawaii",reviewed,0,85,earthquake,2.35, Hawaii,-155.271166666667,19.3733333333333,27.69,2023-03-28 03:26:29.160000+00:00,0,red,0
1654878852110,"7km SSE of Idyllwild, CA",reviewed,0,14,earthquake,0.94,California,-116.6843333,33.684,16.89,2022-06-10 16:34:12.110000+00:00,1,blue,1
1678957175277,"24 km NNE of Ute Park, New Mexico",reviewed,0,30,earthquake,1.4, New Mexico,-104.9827,36.7528,5.0,2023-03-16 08:59:35.277000+00:00,1,blue,1
1656649776950,"17 km S of Lincoln, Montana",reviewed,0,0,earthquake,0.11, Montana,-112.6805,46.7991667,1.08,2022-07-01 04:29:36.950000+00:00,1,blue,1
1648253666923,"54 km S of Whites City, New Mexico",reviewed,0,74,earthquake,2.2, New Mexico,-104.4289565,31.68948784,6.157275391,2022-03-26 00:14:26.923000+00:00,0,red,0
1663584770768,"2 km ESE of Sattley, California",reviewed,0,1,earthquake,0.2, California,-120.3986,39.6053,0.0,2022-09-19 10:52:50.768000+00:00,1,blue,1
1644360757994,north of Svalbard,reviewed,0,284,earthquake,4.3,north of Svalbard,-6.2455,82.9053,10.0,2022-02-08 22:52:37.994000+00:00,2,green,2
1643262192250,"7 km WSW of Dacoma, Oklahoma",reviewed,0,9,earthquake,0.76, Oklahoma,-98.64666667,36.642,7.3,2022-01-27 05:43:12.250000+00:00,1,blue,1
1652228794860,"9km SSW of Valle Vista, CA",reviewed,0,8,earthquake,0.7,California,-116.9215,33.6713333,16.49,2022-05-11 00:26:34.860000+00:00,1,blue,1
1652071288118,"56 km NW of Eureka Roadhouse, Alaska",reviewed,0,10,earthquake,0.8, Alaska,-147.8459,62.3335,13.1,2022-05-09 04:41:28.118000+00:00,1,blue,1
1654735716659,California-Nevada border region,reviewed,0,22,earthquake,1.2,California-Nevada border region,-118.3783,38.4026,5.0,2022-06-09 00:48:36.659000+00:00,1,blue,1
1645459907786,"115 km NNW of Yakutat, Alaska",reviewed,0,15,earthquake,1.0, Alaska,-140.533,60.5038,8.9,2022-02-21 16:11:47.786000+00:00,1,blue,1
1689172348401,"94 km ESE of Akutan, Alaska",reviewed,0,39,earthquake,1.6, Alaska,-164.3573,53.977,18.7,2023-07-12 14:32:28.401000+00:00,0,red,0
1689443547950,"14 km NNE of Redwood Valley, CA",reviewed,0,44,earthquake,1.7,California,-123.1295,39.3798333,7.87,2023-07-15 17:52:27.950000+00:00,0,red,0
1666621028662,"35 km SE of Mina, Nevada",reviewed,0,26,earthquake,1.3, Nevada,-117.8134,38.1748,5.7,2022-10-24 14:17:08.662000+00:00,1,blue,1
1650556763480,"22 km WNW of Stanley, Idaho",reviewed,0,50,earthquake,1.81, Idaho,-115.1883333,44.3158333,3.89,2022-04-21 15:59:23.480000+00:00,0,red,0
1650655919840,"54 km SW of Adak, Alaska",reviewed,0,44,earthquake,1.7, Alaska,-177.0946,51.4729,39.0,2022-04-22 19:31:59.840000+00:00,0,red,0
1680000740809,"23 km SSW of Trapper Creek, Alaska",reviewed,0,30,earthquake,1.4, Alaska,-150.4094,62.1217,59.9,2023-03-28 10:52:20.809000+00:00,0,red,0
1670298642464,"72 km NW of Ninilchik, Alaska",reviewed,0,30,earthquake,1.4, Alaska,-152.7337,60.427,10.2,2022-12-06 03:50:42.464000+00:00,1,blue,1
1676485905900,"68 km NE of Nikolski, Alaska",reviewed,0,5,earthquake,0.56, Alaska,-168.163833333333,53.3835,3.46,2023-02-15 18:31:45.900000+00:00,1,blue,1
1680116974140,"8km WNW of Cobb, CA",automatic,0,6,earthquake,0.63,California,-122.8111649,38.8380013,1.76,2023-03-29 19:09:34.140000+00:00,1,blue,1
1684584915680,"10km WNW of The Geysers, CA",automatic,0,12,earthquake,0.87,California,-122.8521652,38.8230019,1.95,2023-05-20 12:15:15.680000+00:00,1,blue,1
1676987065930,"9km N of Cabazon, CA",reviewed,0,17,earthquake,1.04,California,-116.7891667,33.9975,17.31,2023-02-21 13:44:25.930000+00:00,1,blue,1
1643857918145,"122 km NE of Iquique, Chile",reviewed,0,271,earthquake,4.2, Chile,-69.4165,-19.3576,112.24,2022-02-03 03:11:58.145000+00:00,2,green,2
1644753104234,"122 km W of Haines Junction, Canada",reviewed,0,15,earthquake,1.0, Canada,-139.766,60.7782,9.7,2022-02-13 11:51:44.234000+00:00,1,blue,1
1652851350200,"7km W of Cobb, CA",automatic,0,21,earthquake,1.17,California,-122.8043365,38.8323326,1.78,2022-05-18 05:22:30.200000+00:00,1,blue,1
1689947138240,"7 km E of Nescatunga, Oklahoma",reviewed,0,38,earthquake,1.57, Oklahoma,-98.06433333,36.75233333,5.91,2023-07-21 13:45:38.240000+00:00,1,blue,1
1643100512005,"3 km NNW of Carter Springs, Nevada",reviewed,0,8,earthquake,0.7, Nevada,-119.6541,38.8917,0.7,2022-01-25 08:48:32.005000+00:00,1,blue,1
1659089293460,"11km NNE of Borrego Springs, CA",reviewed,0,18,earthquake,1.09,California,-116.3298333,33.3431667,11.54,2022-07-29 10:08:13.460000+00:00,1,blue,1
1649760799312,"38 km WNW of Cantwell, Alaska",reviewed,0,19,earthquake,1.1, Alaska,-149.6111,63.5713,114.9,2022-04-12 10:53:19.312000+00:00,0,red,0
1655904605100,Wyoming,reviewed,0,8,earthquake,0.74,Wyoming,-110.8013333,44.7958333,7.52,2022-06-22 13:30:05.100000+00:00,1,blue,1
1688575790554,"15 km ENE of Shizunai-furukawachō, Japan",reviewed,0,326,earthquake,4.6, Japan,142.552,42.3652,39.452,2023-07-05 16:49:50.554000+00:00,2,green,2
1670889841607,"69 km NNE of Turpan, China",reviewed,0,369,earthquake,4.9, China,89.3721,43.5564,10.0,2022-12-13 00:04:01.607000+00:00,2,green,2
1642373318245,"30 km S of Mina, Nevada",reviewed,0,56,earthquake,1.9, Nevada,-118.157,38.1219,12.1,2022-01-16 22:48:38.245000+00:00,0,red,0
1656143580979,"85 km WNW of Karluk, Alaska",reviewed,0,10,earthquake,0.8, Alaska,-155.8303,57.771,9.9,2022-06-25 07:53:00.979000+00:00,1,blue,1
1673074295200,"6 km ESE of La Parguera, Puerto Rico",reviewed,0,149,earthquake,3.11, Puerto Rico,-66.9945,17.9533333333333,6.92,2023-01-07 06:51:35.200000+00:00,0,red,0
1652713955634,"18 km N of Skwentna, Alaska",reviewed,0,12,earthquake,0.9, Alaska,-151.3783,62.1567,74.4,2022-05-16 15:12:35.634000+00:00,1,blue,1
1658815860782,"25 km WSW of Pazarc?k, Turkey",reviewed,0,248,earthquake,4.0, Turkey,37.0592,37.363,10.0,2022-07-26 06:11:00.782000+00:00,2,green,2
1661014319625,northern Alaska,reviewed,0,50,earthquake,1.8,northern Alaska,-148.5282,65.9951,13.8,2022-08-20 16:51:59.625000+00:00,0,red,0
1647909202908,"10 km N of Milton, Kansas",reviewed,0,122,earthquake,2.8, Kansas,-97.7643,37.5301,5.71,2022-03-22 00:33:22.908000+00:00,0,red,0
1685751208580,"8km W of Cobb, CA",automatic,0,8,earthquake,0.71,California,-122.8160019,38.8358345,1.05,2023-06-03 00:13:28.580000+00:00,1,blue,1
1679876490620,"8km SW of Petrolia, CA",reviewed,0,79,earthquake,2.26,California,-124.3375,40.2665,19.91,2023-03-27 00:21:30.620000+00:00,0,red,0
1649742793470,"7 km SSE of Guánica, Puerto Rico",reviewed,0,93,earthquake,2.46, Puerto Rico,-66.8775,17.9148333333333,7.82,2022-04-12 05:53:13.470000+00:00,0,red,0
1642449179340,"1 km SSW of P?hala, Hawaii",automatic,0,89,earthquake,2.41000009, Hawaii,-155.484664916992,19.1889991760254,36.3400001525879,2022-01-17 19:52:59.340000+00:00,0,red,0
1688018765880,"Island of Hawaii, Hawaii",reviewed,0,32,earthquake,1.44, Hawaii,-155.29,19.3951666666667,1.16,2023-06-29 06:06:05.880000+00:00,1,blue,1
1678413230766,"99 km SSE of Sand Point, Alaska",reviewed,0,121,earthquake,2.8, Alaska,-159.7841,54.5444,10.0,2023-03-10 01:53:50.766000+00:00,0,red,0
1651422990484,"51 km SSE of Denali National Park, Alaska",reviewed,0,22,earthquake,1.2, Alaska,-151.3993,63.103,4.4,2022-05-01 16:36:30.484000+00:00,1,blue,1
1650044327860,"8 km E of P?hala, Hawaii",reviewed,0,110,earthquake,2.64, Hawaii,-155.4015,19.2045,33.2,2022-04-15 17:38:47.860000+00:00,0,red,0
1650823723173,"38 km WNW of Valdez, Alaska",reviewed,0,26,earthquake,1.3, Alaska,-146.9806,61.288,18.4,2022-04-24 18:08:43.173000+00:00,1,blue,1
1667637120371,"31 km WSW of Malango, Solomon Islands",reviewed,0,386,earthquake,5.0, Solomon Islands,159.451,-9.8014,10.0,2022-11-05 08:32:00.371000+00:00,2,green,2
1681053556859,"60 km NNE of Chickaloon, Alaska",reviewed,0,74,earthquake,2.2, Alaska,-148.154,62.3208,19.5,2023-04-09 15:19:16.859000+00:00,0,red,0
1661166574876,"88 km ENE of Luwuk, Indonesia",reviewed,0,312,earthquake,4.5, Indonesia,123.4515,-0.5079,10.143,2022-08-22 11:09:34.876000+00:00,2,green,2
1641474920560,"13km E of Mammoth Lakes, CA",reviewed,0,0,earthquake,0.03,California,-118.827,37.6285,3.91,2022-01-06 13:15:20.560000+00:00,1,blue,1
1643053075670,"55 km S of Whites City, New Mexico",reviewed,0,138,earthquake,3.0, New Mexico,-104.4259078,31.68008664,7.262719727000001,2022-01-24 19:37:55.670000+00:00,0,red,0
1649622161807,"13 km SW of South Van Horn, Alaska",reviewed,0,8,earthquake,0.7, Alaska,-147.9447,64.7107,10.8,2022-04-10 20:22:41.807000+00:00,1,blue,1
1649814693830,"5 km E of P?hala, Hawaii",automatic,0,48,earthquake,1.75999999, Hawaii,-155.424667358398,19.2075004577637,31.6000003814697,2022-04-13 01:51:33.830000+00:00,0,red,0
1648896358046,southeast of the Loyalty Islands,reviewed,0,465,earthquake,5.5,southeast of the Loyalty Islands,170.5385,-22.6591,15.36,2022-04-02 10:45:58.046000+00:00,2,green,2
1679413497090,"93 km W of Adak, Alaska",reviewed,0,44,earthquake,1.69, Alaska,-177.995166666667,51.8791666666667,6.61,2023-03-21 15:44:57.090000+00:00,0,red,0
1644852121130,"14km ENE of Ridgecrest, CA",reviewed,0,45,earthquake,1.71,California,-117.5306667,35.6625,10.26,2022-02-14 15:22:01.130000+00:00,0,red,0
1660555450775,"51 km NNE of Larsen Bay, Alaska",reviewed,0,12,earthquake,0.9, Alaska,-153.7975,57.9896,59.3,2022-08-15 09:24:10.775000+00:00,1,blue,1
1652324603820,"8km WNW of Cobb, CA",automatic,0,11,earthquake,0.85,California,-122.8079987,38.8376656,1.94,2022-05-12 03:03:23.820000+00:00,1,blue,1
1660478090740,"3km E of Round Valley, CA",reviewed,0,24,earthquake,1.25,California,-118.5688333,37.4171667,4.32,2022-08-14 11:54:50.740000+00:00,1,blue,1
1675955677159,"88 km W of Salamatof, Alaska",reviewed,0,22,earthquake,1.2, Alaska,-152.931,60.6149,2.6,2023-02-09 15:14:37.159000+00:00,1,blue,1
1661337400847,"43 km WNW of Karluk, Alaska",reviewed,0,39,earthquake,1.6, Alaska,-155.0872,57.7692,81.9,2022-08-24 10:36:40.847000+00:00,0,red,0
1647962737024,"12 km ESE of Herlong, California",reviewed,0,4,earthquake,0.5, California,-119.9924,40.1185,6.0,2022-03-22 15:25:37.024000+00:00,1,blue,1
1681169619882,"5 km WSW of Dutch Harbor, Alaska",reviewed,0,19,earthquake,1.1, Alaska,-166.6166,53.8765,6.7,2023-04-10 23:33:39.882000+00:00,1,blue,1
1647480492147,"1 km ESE of Big Lake, Alaska",reviewed,0,30,earthquake,1.4, Alaska,-149.9215,61.5136,40.3,2022-03-17 01:28:12.147000+00:00,0,red,0
1654826370276,"96 km SSE of Sand Point, Alaska",reviewed,0,35,earthquake,1.5, Alaska,-159.7554,54.5838,18.0,2022-06-10 01:59:30.276000+00:00,1,blue,1
1687047345740,"9 km ENE of Pāhala, Hawaii",automatic,0,61,earthquake,1.99, Hawaii,-155.397338867188,19.2399997711182,31.0799999237061,2023-06-18 00:15:45.740000+00:00,0,red,0
1642041258487,"50 km NNW of Paxson, Alaska",reviewed,0,62,earthquake,2.0, Alaska,-146.1032,63.4834,5.4,2022-01-13 02:34:18.487000+00:00,0,red,0
1684940095430,"19km NNW of Grapevine, CA",reviewed,0,68,earthquake,2.11,California,-119.0273333,35.0976667,6.57,2023-05-24 14:54:55.430000+00:00,0,red,0
1664730269050,Utah,reviewed,0,0,earthquake,0.17,Utah,-112.6156667,38.452,8.17,2022-10-02 17:04:29.050000+00:00,1,blue,1
1683513526180,"2km NE of The Geysers, CA",reviewed,0,3,earthquake,0.45,California,-122.7391667,38.7953333,2.21,2023-05-08 02:38:46.180000+00:00,1,blue,1
1688313122860,"3km ESE of The Geysers, CA",automatic,0,17,earthquake,1.06,California,-122.725502,38.762001,1.91,2023-07-02 15:52:02.860000+00:00,1,blue,1
1643908643427,"65 km SE of Denali National Park, Alaska",reviewed,0,22,earthquake,1.2, Alaska,-150.6342,63.2088,7.9,2022-02-03 17:17:23.427000+00:00,1,blue,1
1675262292629,"35 km NW of Valdez, Alaska",reviewed,0,19,earthquake,1.1, Alaska,-146.8582,61.3363,10.1,2023-02-01 14:38:12.629000+00:00,1,blue,1
1687544366981,"35 km WSW of Mentone, Texas",reviewed,0,62,earthquake,2.0, Texas,-103.9529176,31.60564066,7.005639647999999,2023-06-23 18:19:26.981000+00:00,0,red,0
1666359081191,"4 km E of Funny River, Alaska",reviewed,0,35,earthquake,1.5, Alaska,-150.683,60.4977,47.3,2022-10-21 13:31:21.191000+00:00,0,red,0
1671818765280,"8km NW of The Geysers, CA",automatic,0,21,earthquake,1.17,California,-122.8174973,38.831665,1.65,2022-12-23 18:06:05.280000+00:00,1,blue,1
1668649610219,"9 km NNE of Eagle River, Alaska",reviewed,0,30,earthquake,1.4, Alaska,-149.5244,61.4013,31.5,2022-11-17 01:46:50.219000+00:00,1,blue,1
1683421425782,"20 km NW of Galena, Alaska",reviewed,0,35,earthquake,1.5, Alaska,-157.2704,64.8458,16.2,2023-05-07 01:03:45.782000+00:00,1,blue,1
1656968918050,"1 km SW of Tellico Village, Tennessee",reviewed,0,70,earthquake,2.13, Tennessee,-84.2648333,35.6731667,5.0,2022-07-04 21:08:38.050000+00:00,0,red,0
1689207536904,south of the Kermadec Islands,reviewed,0,298,earthquake,4.4,south of the Kermadec Islands,-178.6359,-34.4627,10.0,2023-07-13 00:18:56.904000+00:00,2,green,2
1641938555722,"68 km N of Maumere, Indonesia",reviewed,0,326,earthquake,4.6, Indonesia,122.3146,-8.0082,10.0,2022-01-11 22:02:35.722000+00:00,2,green,2
1667490758570,"234 km SSW of Banjar, Indonesia",reviewed,0,284,earthquake,4.3, Indonesia,106.7782,-9.2168,10.0,2022-11-03 15:52:38.570000+00:00,2,green,2
1669106126089,"9 km SE of Talkeetna, Alaska",reviewed,0,15,earthquake,1.0, Alaska,-150.0082,62.2559,29.0,2022-11-22 08:35:26.089000+00:00,1,blue,1
1662217283610,"6km W of Cobb, CA",automatic,0,11,earthquake,0.84,California,-122.7870026,38.8240013,1.83,2022-09-03 15:01:23.610000+00:00,1,blue,1
1662520879599,"30 km S of Mina, Nevada",reviewed,0,112,earthquake,2.7, Nevada,-118.0538,38.1221,7.8,2022-09-07 03:21:19.599000+00:00,0,red,0
1681675740810,"12km WSW of Ferndale, CA",reviewed,0,92,earthquake,2.45,California,-124.39,40.5286667,17.89,2023-04-16 20:09:00.810000+00:00,0,red,0
1686097891060,"7 km NNE of Government Camp, Oregon",reviewed,0,3,earthquake,0.41, Oregon,-121.71533333333332,45.363166666666665,2.67,2023-06-07 00:31:31.060000+00:00,1,blue,1
1684317075106,"68 km ENE of Ugashik, Alaska",reviewed,0,19,earthquake,1.1, Alaska,-156.2901,57.6846,9.0,2023-05-17 09:51:15.106000+00:00,1,blue,1
1670467096710,"24km ENE of Thermal, CA",reviewed,0,22,earthquake,1.2,California,-115.917,33.7491667,5.87,2022-12-08 02:38:16.710000+00:00,1,blue,1
1685155478700,"8 km SSE of Maria Antonia, Puerto Rico",reviewed,0,111,earthquake,2.69, Puerto Rico,-66.8615,17.9018333333333,13.01,2023-05-27 02:44:38.700000+00:00,0,red,0
1686620176320,"9 km SW of Waynoka, Oklahoma",reviewed,0,13,earthquake,0.92, Oklahoma,-98.96266667,36.53533333,7.13,2023-06-13 01:36:16.320000+00:00,1,blue,1
1673330890720,"10km S of Idyllwild, CA",reviewed,0,13,earthquake,0.93,California,-116.7301667,33.6486667,14.55,2023-01-10 06:08:10.720000+00:00,1,blue,1
1665109334900,"Fox Islands, Aleutian Islands, Alaska",reviewed,0,2,earthquake,0.33, Aleutian Islands,-168.200833333333,53.3866666666667,2.97,2022-10-07 02:22:14.900000+00:00,1,blue,1
1664708377878,"39 km SSW of Denali National Park, Alaska",reviewed,0,19,earthquake,1.1, Alaska,-152.0805,63.2265,7.3,2022-10-02 10:59:37.878000+00:00,1,blue,1
1667552700469,"Andreanof Islands, Aleutian Islands, Alaska",reviewed,0,104,earthquake,2.6, Aleutian Islands,-176.2775,50.501,12.324,2022-11-04 09:05:00.469000+00:00,0,red,0
1682660658480,"24km WSW of Big Bend, CA",reviewed,0,40,earthquake,1.61,California,-122.182,40.9565,14.56,2023-04-28 05:44:18.480000+00:00,1,blue,1
1674952851436,"15 km WSW of Trapper Creek, Alaska",reviewed,0,15,earthquake,1.0, Alaska,-150.5261,62.2782,61.8,2023-01-29 00:40:51.436000+00:00,1,blue,1
1658672859450,"10km SSW of Salton City, CA",reviewed,0,24,earthquake,1.25,California,-116.0053333,33.222,3.67,2022-07-24 14:27:39.450000+00:00,1,blue,1
1666532560073,"53 km W of Happy Valley, Alaska",reviewed,0,44,earthquake,1.7, Alaska,-152.6877,60.003,101.0,2022-10-23 13:42:40.073000+00:00,0,red,0
1675054722736,"116 km WSW of Adak, Alaska",reviewed,0,74,earthquake,2.2, Alaska,-178.1643,51.4349,47.1,2023-01-30 04:58:42.736000+00:00,0,red,0
1680354841717,"12 km ENE of Willow, Alaska",reviewed,0,19,earthquake,1.1, Alaska,-149.8173,61.7903,29.4,2023-04-01 13:14:01.717000+00:00,1,blue,1
1646176988450,"9km NE of Pala, CA",reviewed,0,14,earthquake,0.97,California,-116.9986667,33.4181667,13.68,2022-03-01 23:23:08.450000+00:00,1,blue,1
1665790485654,"32 km WSW of Nanwalek, Alaska",reviewed,0,39,earthquake,1.6, Alaska,-152.4864,59.2964,65.9,2022-10-14 23:34:45.654000+00:00,0,red,0
1684687712120,"7km SSW of Redlands, CA",reviewed,0,13,earthquake,0.93,California,-117.2086667,33.9955,17.33,2023-05-21 16:48:32.120000+00:00,1,blue,1
1685489701985,"24 km WNW of Sitka, Alaska",reviewed,0,74,earthquake,2.2, Alaska,-135.7191,57.1147,4.9,2023-05-30 23:35:01.985000+00:00,0,red,0
1644528007480,"159 km SSW of Merizo Village, Guam",reviewed,0,298,earthquake,4.4, Guam,144.3755,11.8558,10.0,2022-02-10 21:20:07.480000+00:00,2,green,2
1647509922353,"17 km NE of Lluta, Peru",reviewed,0,326,earthquake,4.6, Peru,-71.9128,-15.8854,10.0,2022-03-17 09:38:42.353000+00:00,2,green,2
1671621578652,"34 km SE of Mina, Nevada",reviewed,0,130,earthquake,2.9, Nevada,-117.8429,38.159,9.6,2022-12-21 11:19:38.652000+00:00,0,red,0
1682491604693,Southern Alaska,reviewed,0,56,earthquake,1.9,Southern Alaska,-147.0586,61.6389,19.6,2023-04-26 06:46:44.693000+00:00,0,red,0
1648157117477,"56 km SE of Pope-Vannoy Landing, Alaska",reviewed,0,89,earthquake,2.4, Alaska,-153.7437,59.2185,117.5,2022-03-24 21:25:17.477000+00:00,0,red,0
1661794655369,Central Alaska,reviewed,0,12,earthquake,0.9,Central Alaska,-147.4511,63.5302,8.2,2022-08-29 17:37:35.369000+00:00,1,blue,1
1662235584923,"52 km SE of Pope-Vannoy Landing, Alaska",reviewed,0,56,earthquake,1.9, Alaska,-153.8043,59.2408,125.4,2022-09-03 20:06:24.923000+00:00,0,red,0
1652992390150,"40 km ENE of Pedro Bay, Alaska",reviewed,0,22,earthquake,1.2, Alaska,-153.4057,59.8672,120.2,2022-05-19 20:33:10.150000+00:00,0,red,0
1643419598920,"7km SSE of Idyllwild, CA",reviewed,0,26,earthquake,1.31,California,-116.6928333,33.6845,16.22,2022-01-29 01:26:38.920000+00:00,1,blue,1
1668320240360,"4km SSW of Banning, CA",reviewed,0,8,earthquake,0.73,California,-116.8885,33.8926667,14.04,2022-11-13 06:17:20.360000+00:00,1,blue,1
1681610748936,"50 km W of Ninilchik, Alaska",reviewed,0,39,earthquake,1.6, Alaska,-152.553,60.1374,88.7,2023-04-16 02:05:48.936000+00:00,0,red,0
1678300800580,"124 km E of McCarthy, Alaska",reviewed,0,12,earthquake,0.9, Alaska,-140.616,61.3116,7.3,2023-03-08 18:40:00.580000+00:00,1,blue,1
1688940693083,"10 km NW of Hualien City, Taiwan",reviewed,0,327,earthquake,4.6, Taiwan,121.5336,24.0436,22.641,2023-07-09 22:11:33.083000+00:00,2,green,2
1678019733484,"48 km ENE of Beatty, Nevada",reviewed,0,1,earthquake,0.3, Nevada,-116.3013,37.1481,7.2,2023-03-05 12:35:33.484000+00:00,1,blue,1
1678474151589,"100 km W of Adak, Alaska",reviewed,0,112,earthquake,2.7, Alaska,-178.0907,51.947,5.0,2023-03-10 18:49:11.589000+00:00,0,red,0
1653517019110,"6km ENE of Progreso, B.C., MX",reviewed,0,42,earthquake,1.66, B.C.,-115.5231667,32.5983333,3.66,2022-05-25 22:16:59.110000+00:00,1,blue,1
1653243503990,"7km NW of The Geysers, CA",automatic,0,21,earthquake,1.17,California,-122.8184967,38.8163338,2.44,2022-05-22 18:18:23.990000+00:00,1,blue,1
1672207719675,"19 km ESE of Kasilof, Alaska",reviewed,0,30,earthquake,1.4, Alaska,-150.9544,60.2672,49.8,2022-12-28 06:08:39.675000+00:00,0,red,0
1652267256710,"8km NW of The Geysers, CA",automatic,0,2,earthquake,0.36,California,-122.8156662,38.8311653,1.68,2022-05-11 11:07:36.710000+00:00,1,blue,1
1669707651463,"96 km S of False Pass, Alaska",reviewed,0,68,earthquake,2.1, Alaska,-163.5192,53.9886,25.4,2022-11-29 07:40:51.463000+00:00,0,red,0
1647149859334,"67 km WSW of Salamatof, Alaska",reviewed,0,30,earthquake,1.4, Alaska,-152.5263,60.4877,127.5,2022-03-13 05:37:39.334000+00:00,0,red,0
1681008372810,"Fox Islands, Aleutian Islands, Alaska",reviewed,0,10,earthquake,0.82, Aleutian Islands,-166.582833333333,53.9291666666667,7.06,2023-04-09 02:46:12.810000+00:00,1,blue,1
1654939398491,"38 km ENE of Susitna North, Alaska",reviewed,0,19,earthquake,1.1, Alaska,-149.1307,62.2326,45.5,2022-06-11 09:23:18.491000+00:00,1,blue,1
1686902595928,"221 km WSW of Adak, Alaska",reviewed,0,39,earthquake,1.6, Alaska,-179.7114,51.341,13.2,2023-06-16 08:03:15.928000+00:00,1,blue,1
1649151110552,off the coast of Ecuador,reviewed,0,298,earthquake,4.4,off the coast of Ecuador,-85.2499,1.4465,10.0,2022-04-05 09:31:50.552000+00:00,2,green,2
1679884177600,"2 km W of Unalaska, Alaska",reviewed,0,0,earthquake,0.14, Alaska,-166.567166666667,53.872,5.05,2023-03-27 02:29:37.600000+00:00,1,blue,1
1663796041576,"1 km NNE of Point Possession, Alaska",reviewed,0,22,earthquake,1.2, Alaska,-150.682,60.9349,14.3,2022-09-21 21:34:01.576000+00:00,1,blue,1
1643334052085,"27 km SW of Mina, Nevada",reviewed,0,19,earthquake,1.1, Nevada,-118.3649,38.2488,8.7,2022-01-28 01:40:52.085000+00:00,1,blue,1
1648570112550,"4km W of Cobb, CA",automatic,0,7,earthquake,0.67,California,-122.7678299,38.8251648,2.42,2022-03-29 16:08:32.550000+00:00,1,blue,1
1684929895413,"30 km S of Segundo, Colorado",reviewed,0,19,earthquake,1.1, Colorado,-104.819,36.857,5.0,2023-05-24 12:04:55.413000+00:00,1,blue,1
1653669014350,"2 km NNW of Palomas, Puerto Rico",reviewed,0,77,earthquake,2.24, Puerto Rico,-66.8825,18.0328333333333,19.66,2022-05-27 16:30:14.350000+00:00,0,red,0
1664691797580,southeastern Missouri,reviewed,0,17,earthquake,1.05,southeastern Missouri,-89.4731667,36.1976667,7.05,2022-10-02 06:23:17.580000+00:00,1,blue,1
1679681445070,"11 km ENE of P?hala, Hawaii",reviewed,0,86,earthquake,2.36, Hawaii,-155.377,19.2435,7.53,2023-03-24 18:10:45.070000+00:00,0,red,0
1675242302320,"14km ENE of Thousand Palms, CA",reviewed,0,168,earthquake,3.11,California,-116.2578333,33.886,3.19,2023-02-01 09:05:02.320000+00:00,0,red,0
1656609373100,"19km S of Maricopa, CA",reviewed,0,34,earthquake,1.48,California,-119.3733333,34.8875,10.54,2022-06-30 17:16:13.100000+00:00,1,blue,1
1682127412786,"42 km NW of Ninilchik, Alaska",reviewed,0,22,earthquake,1.2, Alaska,-152.154,60.3486,91.1,2023-04-22 01:36:52.786000+00:00,0,red,0
1655574028231,"22 km E of Denali National Park, Alaska",reviewed,0,50,earthquake,1.8, Alaska,-151.2753,63.5044,11.5,2022-06-18 17:40:28.231000+00:00,0,red,0
1666953739700,"12km NNE of Hollister, CA",reviewed,0,15,earthquake,1.0,California,-121.3283333,36.9398333,6.64,2022-10-28 10:42:19.700000+00:00,1,blue,1
1685159240930,"5km NW of Palomar Observatory, CA",reviewed,0,28,earthquake,1.36,California,-116.9066667,33.3856667,11.53,2023-05-27 03:47:20.930000+00:00,1,blue,1
1665253883550,"73 km N of San Antonio, Puerto Rico",reviewed,0,216,earthquake,3.75, Puerto Rico,-67.2253,19.1408,22.0,2022-10-08 18:31:23.550000+00:00,2,green,2
1685413376420,"25 km W of Happy Valley, Alaska",reviewed,0,26,earthquake,1.3, Alaska,-152.181,59.9848,85.5,2023-05-30 02:22:56.420000+00:00,0,red,0
1667484936203,"18 km SSE of Ackerly, Texas",reviewed,0,81,earthquake,2.3, Texas,-101.6540825,32.37213135,5.25777181,2022-11-03 14:15:36.203000+00:00,0,red,0
1686179922600,"25 km W of Dutch Harbor, Alaska",reviewed,0,2,earthquake,0.37, Alaska,-166.927833333333,53.8526666666667,3.49,2023-06-07 23:18:42.600000+00:00,1,blue,1
1646952251130,"10km S of Idyllwild, CA",reviewed,0,9,earthquake,0.78,California,-116.7086667,33.6478333,13.26,2022-03-10 22:44:11.130000+00:00,1,blue,1
1670415987080,"6 km SW of Volcano, Hawaii",automatic,0,46,earthquake,1.72, Hawaii,-155.284332275391,19.4085006713867,2.52999997138977,2022-12-07 12:26:27.080000+00:00,0,red,0
1675531374840,Puerto Rico region,reviewed,0,180,earthquake,3.42,Puerto Rico region,-66.1751666666667,18.1656666666667,73.35,2023-02-04 17:22:54.840000+00:00,2,green,2
1668886613000,"91 km W of Adak, Alaska",reviewed,0,30,earthquake,1.39, Alaska,-177.968833333333,51.8506666666667,3.72,2022-11-19 19:36:53+00:00,1,blue,1
1669510426280,"36 km WSW of Mentone, Texas",reviewed,0,39,earthquake,1.6, Texas,-103.9771976,31.62210981,6.74855957,2022-11-27 00:53:46.280000+00:00,1,blue,1
1662704210858,"2 km WSW of Kasilof, Alaska",reviewed,0,35,earthquake,1.5, Alaska,-151.312,60.3282,58.1,2022-09-09 06:16:50.858000+00:00,0,red,0
1670414093032,"115 km SE of Perryville, Alaska",reviewed,0,121,earthquake,2.8, Alaska,-157.6414,55.3114,34.2,2022-12-07 11:54:53.032000+00:00,0,red,0
1684218519345,"44 km NW of Guanaja, Honduras",reviewed,0,272,earthquake,4.2, Honduras,-86.194,16.7269,10.0,2023-05-16 06:28:39.345000+00:00,2,green,2
1675466585250,"4km WSW of Colma, CA",reviewed,0,89,earthquake,2.24,California,-122.5068333,37.6666667,5.54,2023-02-03 23:23:05.250000+00:00,0,red,0
1675953609430,"37 km SSE of Mammoth, Wyoming",reviewed,0,13,earthquake,0.91, Wyoming,-110.4496667,44.6856667,6.05,2023-02-09 14:40:09.430000+00:00,1,blue,1
1664404230933,Reykjanes Ridge,reviewed,0,312,earthquake,4.5,Reykjanes Ridge,-35.2256,53.8699,10.0,2022-09-28 22:30:30.933000+00:00,2,green,2
1676794194170,Washington,reviewed,0,2,earthquake,0.39,Washington,-121.9505,46.970333333333336,3.9,2023-02-19 08:09:54.170000+00:00,1,blue,1
1661519196080,"84 km NNW of Karluk, Alaska",reviewed,0,2,earthquake,0.39, Alaska,-155.099333333333,58.243,18.64,2022-08-26 13:06:36.080000+00:00,1,blue,1
1679515559070,Nevada,reviewed,0,35,earthquake,1.5,Nevada,-119.6607,39.0149,11.4,2023-03-22 20:05:59.070000+00:00,1,blue,1
1681507280490,"21km SSE of Kettleman City, CA",reviewed,0,36,earthquake,1.54,California,-119.833,35.8473333,8.93,2023-04-14 21:21:20.490000+00:00,1,blue,1
1678320506540,"101 km W of Adak, Alaska",reviewed,0,25,earthquake,1.28, Alaska,-178.113833333333,51.8681666666667,5.55,2023-03-09 00:08:26.540000+00:00,1,blue,1
1645399051730,"14km WSW of Delta, B.C., MX",reviewed,0,101,earthquake,2.56, B.C.,-115.3176667,32.2935,25.5,2022-02-20 23:17:31.730000+00:00,0,red,0
1681148790466,"86 km NW of Karluk, Alaska",reviewed,0,26,earthquake,1.3, Alaska,-155.3349,58.1845,1.3,2023-04-10 17:46:30.466000+00:00,1,blue,1
1662107361400,"10 km SE of Matthews, Missouri",reviewed,0,48,earthquake,1.77, Missouri,-89.4976667,36.6966667,20.69,2022-09-02 08:29:21.400000+00:00,0,red,0
1677359588522,Fiji region,reviewed,0,354,earthquake,4.8,Fiji region,-176.9365,-16.8834,10.0,2023-02-25 21:13:08.522000+00:00,2,green,2
1664007024146,"352 km W of Adak, Alaska",reviewed,0,148,earthquake,3.1, Alaska,178.2309,51.9491,2.429,2022-09-24 08:10:24.146000+00:00,0,red,0
1643196806641,"21 km W of Dutch Harbor, Alaska",reviewed,0,30,earthquake,1.4, Alaska,-166.8747,53.8763,6.7,2022-01-26 11:33:26.641000+00:00,1,blue,1
1662061588558,"4 km SE of Centerville, Maine",reviewed,0,112,earthquake,2.6, Maine,-67.6344,44.6768,5.0,2022-09-01 19:46:28.558000+00:00,0,red,0
1683553808360,"27 km SSE of Fern Forest, Hawaii",reviewed,0,61,earthquake,1.99, Hawaii,-155.037166666667,19.2398333333333,40.09,2023-05-08 13:50:08.360000+00:00,0,red,0
1647248337490,"13km SW of Ocotillo Wells, CA",reviewed,0,28,earthquake,1.36,California,-116.2126667,33.0518333,8.1,2022-03-14 08:58:57.490000+00:00,1,blue,1
1674023425692,"41 km SSE of Cantwell, Alaska",reviewed,0,56,earthquake,1.9, Alaska,-148.6528,63.0425,73.6,2023-01-18 06:30:25.692000+00:00,0,red,0
1659576062410,"4 km ENE of La Parguera, Puerto Rico",reviewed,0,58,earthquake,1.95, Puerto Rico,-67.0038333333333,17.9841666666667,10.47,2022-08-04 01:21:02.410000+00:00,0,red,0
1647233789760,"8km NNW of Pinnacles, CA",reviewed,0,24,earthquake,1.26,California,-121.1881667,36.5901667,5.5,2022-03-14 04:56:29.760000+00:00,1,blue,1
1657327110169,"Pagan region, Northern Mariana Islands",reviewed,0,326,earthquake,4.6, Northern Mariana Islands,146.905,18.8551,10.0,2022-07-09 00:38:30.169000+00:00,2,green,2
1654684307630,"18km E of Little Lake, CA",reviewed,0,3,earthquake,0.44,California,-117.707,35.9185,4.68,2022-06-08 10:31:47.630000+00:00,1,blue,1
1677314942830,"83 km NNW of Karluk, Alaska",reviewed,0,0,earthquake,0.16, Alaska,-155.049,58.2501666666667,3.99,2023-02-25 08:49:02.830000+00:00,1,blue,1
1648418272220,"5km W of Cobb, CA",automatic,0,21,earthquake,1.17,California,-122.7850037,38.8224983,0.72,2022-03-27 21:57:52.220000+00:00,1,blue,1
1657917613400,"3km ESE of Pacifica, CA",reviewed,0,20,earthquake,1.15,California,-122.46,37.6025,7.79,2022-07-15 20:40:13.400000+00:00,1,blue,1
1661575670281,"67 km SSE of Demre, Turkey",reviewed,0,246,earthquake,4.0, Turkey,30.2271,35.6642,31.73,2022-08-27 04:47:50.281000+00:00,2,green,2
1645806943541,"40 km ENE of Pedro Bay, Alaska",reviewed,0,74,earthquake,2.2, Alaska,-153.3985,59.8707,138.3,2022-02-25 16:35:43.541000+00:00,0,red,0
1651441602088,"225 km SSE of King Cove, Alaska",reviewed,0,121,earthquake,2.8, Alaska,-161.5165,53.0925,10.0,2022-05-01 21:46:42.088000+00:00,0,red,0
1642387026290,"15km ENE of Coachella, CA",reviewed,0,20,earthquake,1.13,California,-116.0363333,33.7533333,6.23,2022-01-17 02:37:06.290000+00:00,1,blue,1
1652705036660,"136 km E of McCarthy, Alaska",reviewed,0,35,earthquake,1.5, Alaska,-140.3777,61.3238,8.5,2022-05-16 12:43:56.660000+00:00,1,blue,1
1651602916489,"97 km SE of Nikolski, Alaska",reviewed,0,81,earthquake,2.3, Alaska,-167.9782,52.2459,6.2,2022-05-03 18:35:16.489000+00:00,0,red,0
1669908731720,"12km NNW of Ocotillo, CA",reviewed,0,53,earthquake,1.85,California,-116.0381667,32.8353333,8.86,2022-12-01 15:32:11.720000+00:00,0,red,0
1643443941502,"91 km NW of Aleneva, Alaska",reviewed,0,68,earthquake,2.1, Alaska,-154.1196,58.5858,82.7,2022-01-29 08:12:21.502000+00:00,0,red,0
1643448049490,"6km WNW of Cobb, CA",automatic,0,20,earthquake,1.14,California,-122.7893295,38.8348351,1.87,2022-01-29 09:20:49.490000+00:00,1,blue,1
1689453688155,"15 km NNW of Sutcliffe, Nevada",reviewed,0,1,earthquake,0.2, Nevada,-119.6725,40.0825,15.1,2023-07-15 20:41:28.155000+00:00,1,blue,1
1651836507090,"8km SW of Idyllwild, CA",reviewed,0,11,earthquake,0.84,California,-116.7801667,33.6851667,16.66,2022-05-06 11:28:27.090000+00:00,1,blue,1
1642411314910,"9km NNW of Redwood Valley, CA",reviewed,0,25,earthquake,1.27,California,-123.247,39.3398333,7.12,2022-01-17 09:21:54.910000+00:00,1,blue,1
1646066777972,"24 km SSW of False Pass, Alaska",reviewed,0,19,earthquake,1.1, Alaska,-163.5531,54.6515,11.2,2022-02-28 16:46:17.972000+00:00,1,blue,1
1666014616350,"9 km NE of P?hala, Hawaii",automatic,0,63,earthquake,2.02999997, Hawaii,-155.406173706055,19.2588329315186,29.9200000762939,2022-10-17 13:50:16.350000+00:00,0,red,0
1684321389450,"2km NNE of Prattville, CA",reviewed,0,63,earthquake,2.03,California,-121.1405,40.2268333,5.44,2023-05-17 11:03:09.450000+00:00,0,red,0
1680041048130,"8km W of Cobb, CA",reviewed,0,3,earthquake,0.47,California,-122.8138333,38.8355,1.44,2023-03-28 22:04:08.130000+00:00,1,blue,1
1682383914620,"46 km ESE of West Yellowstone, Montana",reviewed,0,43,earthquake,1.68, Montana,-110.6,44.4466667,4.33,2023-04-25 00:51:54.620000+00:00,1,blue,1
1677987383236,Southern Alaska,reviewed,0,19,earthquake,1.1,Southern Alaska,-150.9978,61.914,28.4,2023-03-05 03:36:23.236000+00:00,1,blue,1
1650926401840,"4 km WSW of Burley, Washington",reviewed,0,17,earthquake,1.06, Washington,-122.686,47.40916666666666,22.59,2022-04-25 22:40:01.840000+00:00,1,blue,1
1654052473771,"277 km WSW of Adak, Alaska",reviewed,0,178,earthquake,3.4, Alaska,179.5777,51.0816,24.67,2022-06-01 03:01:13.771000+00:00,0,red,0
1676669346237,"7 km WNW of Point Possession, Alaska",reviewed,0,68,earthquake,2.1, Alaska,-150.807,60.9521,49.8,2023-02-17 21:29:06.237000+00:00,0,red,0
1663862652650,"22 km SSW of Mammoth, Wyoming",reviewed,0,4,earthquake,0.51, Wyoming,-110.7965,44.7851667,3.48,2022-09-22 16:04:12.650000+00:00,1,blue,1
1679596140314,Gulf of Alaska,reviewed,0,62,earthquake,2.0,Gulf of Alaska,-142.4657,58.9329,3.1,2023-03-23 18:29:00.314000+00:00,0,red,0
1662388433950,"1km NNW of The Geysers, CA",automatic,0,3,earthquake,0.46,California,-122.7645035,38.7873344,1.65,2022-09-05 14:33:53.950000+00:00,1,blue,1
1663111944007,"109 km SE of Perryville, Alaska",reviewed,0,89,earthquake,2.4, Alaska,-157.8416,55.2592,14.9,2022-09-13 23:32:24.007000+00:00,0,red,0
1668208010904,"92 km N of Karluk, Alaska",reviewed,0,22,earthquake,1.2, Alaska,-154.5326,58.3956,4.4,2022-11-11 23:06:50.904000+00:00,1,blue,1
1672278660700,"2km NNW of The Geysers, CA",automatic,0,17,earthquake,1.06,California,-122.7663345,38.7936668,1.54,2022-12-29 01:51:00.700000+00:00,1,blue,1
1656222658979,"116 km E of Shikotan, Russia",reviewed,0,312,earthquake,4.5, Russia,148.1689,43.8705,35.0,2022-06-26 05:50:58.979000+00:00,2,green,2
1678319306046,"102 km W of Adak, Alaska",reviewed,0,62,earthquake,2.0, Alaska,-178.1206,51.8779,4.9,2023-03-08 23:48:26.046000+00:00,0,red,0
1682788599934,"37 km NNW of Toyah, Texas",reviewed,0,56,earthquake,1.9, Texas,-103.9885844,31.61207637,7.481237793,2023-04-29 17:16:39.934000+00:00,0,red,0
1658597812330,"13km SE of Bodfish, CA",reviewed,0,26,earthquake,1.29,California,-118.3938333,35.5033333,6.35,2022-07-23 17:36:52.330000+00:00,1,blue,1
1659596437280,"22km N of Yucca Valley, CA",reviewed,0,22,earthquake,1.2,California,-116.4555,34.3093333,9.11,2022-08-04 07:00:37.280000+00:00,1,blue,1
1681012646045,"79 km WNW of Aleneva, Alaska",reviewed,0,50,earthquake,1.8, Alaska,-154.1895,58.2773,79.8,2023-04-09 03:57:26.045000+00:00,0,red,0
1682959917860,"21km SE of Pinnacles, CA",reviewed,0,55,earthquake,1.89,California,-120.9761667,36.4026667,9.43,2023-05-01 16:51:57.860000+00:00,0,red,0
1677708442250,"4km NNW of West Bishop, CA",reviewed,0,33,earthquake,1.47,California,-118.4641667,37.3955,11.01,2023-03-01 22:07:22.250000+00:00,1,blue,1
1669845830492,"10 km NW of Petersville, Alaska",reviewed,0,15,earthquake,1.0, Alaska,-150.9156,62.5603,106.4,2022-11-30 22:03:50.492000+00:00,0,red,0
1661042371010,"7km N of Yucaipa, CA",reviewed,0,3,earthquake,0.43,California,-117.037,34.0976667,3.9,2022-08-21 00:39:31.010000+00:00,1,blue,1
1679358013895,Greece,reviewed,0,312,earthquake,4.5,Greece,21.1394,38.9742,10.0,2023-03-21 00:20:13.895000+00:00,2,green,2
1659950795670,"1 km W of Indios, Puerto Rico",reviewed,0,74,earthquake,2.2, Puerto Rico,-66.8336666666667,17.9965,13.87,2022-08-08 09:26:35.670000+00:00,0,red,0
1668941303157,"20 km WSW of Anchor Point, Alaska",reviewed,0,50,earthquake,1.8, Alaska,-152.1305,59.6772,57.6,2022-11-20 10:48:23.157000+00:00,0,red,0
1662105713179,"4 km ESE of Minco, Oklahoma",reviewed,0,15,earthquake,0.98, Oklahoma,-97.8925,35.30233333,6.15,2022-09-02 08:01:53.179000+00:00,1,blue,1
1670239839241,"54 km N of Chase, Alaska",reviewed,0,26,earthquake,1.3, Alaska,-150.0191,62.9356,77.7,2022-12-05 11:30:39.241000+00:00,0,red,0
1642125912930,"3km N of Marina del Rey, CA",reviewed,0,17,earthquake,1.06,California,-118.4465,34.011,11.59,2022-01-14 02:05:12.930000+00:00,1,blue,1
1650300356160,"5km WNW of Rialto, CA",reviewed,0,12,earthquake,0.88,California,-117.4173333,34.1316667,5.68,2022-04-18 16:45:56.160000+00:00,1,blue,1
1652911068493,"28 km SSW of Petersville, Alaska",reviewed,0,19,earthquake,1.1, Alaska,-151.0211,62.2747,72.9,2022-05-18 21:57:48.493000+00:00,0,red,0
1663231475790,"24 km W of Dutch Harbor, Alaska",reviewed,0,2,earthquake,0.32, Alaska,-166.913166666667,53.8798333333333,3.64,2022-09-15 08:44:35.790000+00:00,1,blue,1
1652538033470,"4km SE of Highlands-Baywood Park, CA",reviewed,0,23,earthquake,1.21,California,-122.3168333,37.4915,12.34,2022-05-14 14:20:33.470000+00:00,1,blue,1
1671710529268,"13 km NE of Ridgeway, Alaska",reviewed,0,44,earthquake,1.7, Alaska,-150.9436,60.6309,49.4,2022-12-22 12:02:09.268000+00:00,0,red,0
1665544796289,"7 km NNE of Moose Pass, Alaska",reviewed,0,26,earthquake,1.3, Alaska,-149.3437,60.5531,19.9,2022-10-12 03:19:56.289000+00:00,1,blue,1
1667928522819,"11 km S of Central, Alaska",reviewed,0,15,earthquake,1.0, Alaska,-144.8177,65.4721,2.6,2022-11-08 17:28:42.819000+00:00,1,blue,1
1663104112560,"16km W of Searles Valley, CA",reviewed,0,8,earthquake,0.72,California,-117.5863333,35.7698333,8.22,2022-09-13 21:21:52.560000+00:00,1,blue,1
1646495531320,"2 km SSE of P?hala, Hawaii",automatic,0,81,earthquake,2.3, Hawaii,-155.470169067383,19.179666519165,30.2299995422363,2022-03-05 15:52:11.320000+00:00,0,red,0
1673610531790,"18 km ESE of Castle Dale, Utah",reviewed,0,37,earthquake,1.56, Utah,-110.8431667,39.1218333,9.45,2023-01-13 11:48:51.790000+00:00,1,blue,1
1656529475835,"22 km WNW of Kale, Turkey",reviewed,0,298,earthquake,4.4, Turkey,37.7879,39.1434,8.07,2022-06-29 19:04:35.835000+00:00,2,green,2
1664880528150,"26 km N of Amboy, Washington",reviewed,0,4,earthquake,0.48, Washington,-122.44116666666666,46.147666666666666,16.58,2022-10-04 10:48:48.150000+00:00,1,blue,1
1669886170426,"7 km E of Willow, Alaska",reviewed,0,26,earthquake,1.3, Alaska,-149.8866,61.7512,53.3,2022-12-01 09:16:10.426000+00:00,0,red,0
1682767375740,"48 km ENE of Ugashik, Alaska",reviewed,0,62,earthquake,2.0, Alaska,-156.6144,57.626,115.9,2023-04-29 11:22:55.740000+00:00,0,red,0
1666591430183,western Texas,reviewed,0,56,earthquake,1.903068822,western Texas,-104.1503075,31.55869982,6.157275391,2022-10-24 06:03:50.183000+00:00,0,red,0
1645867088253,"73 km SW of Unalaska, Alaska",reviewed,0,39,earthquake,1.6, Alaska,-167.3006,53.3987,13.0,2022-02-26 09:18:08.253000+00:00,1,blue,1
1657591416246,"42 km NNW of Petersville, Alaska",reviewed,0,19,earthquake,1.1, Alaska,-151.0501,62.8546,100.0,2022-07-12 02:03:36.246000+00:00,0,red,0
1679613693356,"37 km NNE of Chickaloon, Alaska",reviewed,0,12,earthquake,0.9, Alaska,-148.2054,62.1118,35.7,2023-03-23 23:21:33.356000+00:00,1,blue,1
1677518145840,"14 km SSE of Susitna North, Alaska",reviewed,0,35,earthquake,1.5, Alaska,-149.7832,62.0365,45.1,2023-02-27 17:15:45.840000+00:00,0,red,0
1687954170092,"30 km WNW of Clam Gulch, Alaska",reviewed,0,56,earthquake,1.9, Alaska,-151.8723,60.3635,78.2,2023-06-28 12:09:30.092000+00:00,0,red,0
1681165353690,Utah,reviewed,0,1,earthquake,0.26,Utah,-112.8355,38.4923333,0.09,2023-04-10 22:22:33.690000+00:00,1,blue,1
1660395775660,"14km WNW of Anza, CA",reviewed,0,1,earthquake,0.27,California,-116.806,33.6048333,7.04,2022-08-13 13:02:55.660000+00:00,1,blue,1
1678726397180,"14 km NNE of Susitna North, Alaska",reviewed,0,22,earthquake,1.2, Alaska,-149.7329,62.2777,57.6,2023-03-13 16:53:17.180000+00:00,1,blue,1
1679099204840,"6km WSW of Anza, CA",reviewed,0,6,earthquake,0.6,California,-116.729,33.5258333,4.0,2023-03-18 00:26:44.840000+00:00,1,blue,1
1676999248131,"55 km WNW of Ninilchik, Alaska",reviewed,0,39,earthquake,1.6, Alaska,-152.6069,60.2197,99.4,2023-02-21 17:07:28.131000+00:00,0,red,0
1681691444128,"57 km S of Whites City, New Mexico",reviewed,0,112,earthquake,2.7, New Mexico,-104.3662173,31.65680412,9.447900391,2023-04-17 00:30:44.128000+00:00,0,red,0
1642428769010,"10km NW of The Geysers, CA",automatic,0,22,earthquake,1.19,California,-122.8411636,38.8404999,1.92,2022-01-17 14:12:49.010000+00:00,1,blue,1
1678959701652,"24 km E of Viqueque, Timor Leste",reviewed,0,298,earthquake,4.4, Timor Leste,126.5882,-8.842,21.4,2023-03-16 09:41:41.652000+00:00,2,green,2
1653053816034,"256 km W of Adak, Alaska",reviewed,0,50,earthquake,1.8, Alaska,179.6993,51.5137,65.0,2022-05-20 13:36:56.034000+00:00,0,red,0
1677833713270,"91 km W of Adak, Alaska",reviewed,0,38,earthquake,1.58, Alaska,-177.959,51.8628333333333,6.3,2023-03-03 08:55:13.270000+00:00,1,blue,1
1670264064516,"53 km WNW of Tatitlek, Alaska",reviewed,0,22,earthquake,1.2, Alaska,-147.6391,60.9901,20.9,2022-12-05 18:14:24.516000+00:00,1,blue,1
1678687574070,"99 km W of Adak, Alaska",reviewed,0,11,earthquake,0.84, Alaska,-178.069666666667,51.8228333333333,7.94,2023-03-13 06:06:14.070000+00:00,1,blue,1
1689272003220,"6 km W of Cobb, CA",reviewed,0,113,earthquake,2.69,California,-122.7881667,38.8318333,1.88,2023-07-13 18:13:23.220000+00:00,0,red,0
1676873484684,"28 km WNW of Atka, Alaska",reviewed,0,234,earthquake,3.9, Alaska,-174.5514,52.3329,214.896,2023-02-20 06:11:24.684000+00:00,2,green,2
1659848377510,"2km SE of Mentone, CA",reviewed,0,14,earthquake,0.97,California,-117.1203333,34.0601667,10.12,2022-08-07 04:59:37.510000+00:00,1,blue,1
1686101454480,"83 km NW of Karluk, Alaska",reviewed,0,0,earthquake,0.12, Alaska,-155.255833333333,58.1831666666667,1.71,2023-06-07 01:30:54.480000+00:00,1,blue,1
1665217074730,"6 km NE of Ninilchik, Alaska",reviewed,0,19,earthquake,1.1, Alaska,-151.5866,60.0866,66.5,2022-10-08 08:17:54.730000+00:00,1,blue,1
1668925796837,"107 km WNW of Yakutat, Alaska",reviewed,0,56,earthquake,1.9, Alaska,-141.4813,59.9262,13.2,2022-11-20 06:29:56.837000+00:00,0,red,0
1653365017112,Fiji region,reviewed,0,284,earthquake,4.3,Fiji region,-177.6353,-18.9028,520.75,2022-05-24 04:03:37.112000+00:00,2,pink,3
1647906440491,"28 km WNW of Anchor Point, Alaska",reviewed,0,26,earthquake,1.3, Alaska,-152.2953,59.8915,70.6,2022-03-21 23:47:20.491000+00:00,0,red,0
1687177514150,"86 km NW of Karluk, Alaska",reviewed,0,0,earthquake,0.05, Alaska,-155.3065,58.194,2.64,2023-06-19 12:25:14.150000+00:00,1,blue,1
1686034974411,"68 km WSW of Ferry, Alaska",reviewed,0,10,earthquake,0.8, Alaska,-150.4708,63.8566,8.4,2023-06-06 07:02:54.411000+00:00,1,blue,1
1678382374210,"97 km W of Adak, Alaska",reviewed,0,15,earthquake,1.0, Alaska,-178.055833333333,51.8551666666667,5.91,2023-03-09 17:19:34.210000+00:00,1,blue,1
1685598403460,"10km NNE of Borrego Springs, CA",reviewed,0,7,earthquake,0.66,California,-116.3478333,33.339,14.34,2023-06-01 05:46:43.460000+00:00,1,blue,1
1682707991360,"17 km ENE of Hebgen Lake Estates, Montana",reviewed,0,78,earthquake,2.25, Montana,-110.9711667,44.8066667,8.95,2023-04-28 18:53:11.360000+00:00,0,red,0
1645960268641,"99 km SE of Nemuro, Japan",reviewed,0,340,earthquake,4.7, Japan,146.5208,42.7583,36.97,2022-02-27 11:11:08.641000+00:00,2,green,2
1648208367500,"4km SW of Anza, CA",reviewed,0,5,earthquake,0.58,California,-116.7055,33.5353333,13.08,2022-03-25 11:39:27.500000+00:00,1,blue,1
1649732247900,"8 km SW of Guánica, Puerto Rico",reviewed,0,62,earthquake,2.01, Puerto Rico,-66.9566666666667,17.9051666666667,10.21,2022-04-12 02:57:27.900000+00:00,0,red,0
1667901628303,"39 km NNE of Nixon, Nevada",reviewed,0,30,earthquake,1.4, Nevada,-119.1607,40.154,3.6,2022-11-08 10:00:28.303000+00:00,1,blue,1
1658564304813,"48 km SSE of Nelchina, Alaska",reviewed,0,26,earthquake,1.3, Alaska,-146.3084,61.6169,34.1,2022-07-23 08:18:24.813000+00:00,1,blue,1
1647308098800,"7km WNW of Cobb, CA",reviewed,0,4,earthquake,0.48,California,-122.7965,38.837,2.34,2022-03-15 01:34:58.800000+00:00,1,blue,1
1673057174280,"15km WSW of Searles Valley, CA",reviewed,0,11,earthquake,0.84,California,-117.5523333,35.7141667,9.78,2023-01-07 02:06:14.280000+00:00,1,blue,1
1680119478580,"58 km SSE of Mammoth, Wyoming",reviewed,0,9,earthquake,0.75, Wyoming,-110.3695,44.5085,5.0,2023-03-29 19:51:18.580000+00:00,1,blue,1
1646838502178,"5 km W of Point MacKenzie, Alaska",reviewed,0,35,earthquake,1.5, Alaska,-150.072,61.3628,44.4,2022-03-09 15:08:22.178000+00:00,0,red,0
1675379232421,"13 km ESE of Healy, Alaska",reviewed,0,22,earthquake,1.2, Alaska,-148.6973,63.8273,102.3,2023-02-02 23:07:12.421000+00:00,0,red,0
1641459010815,"38 km SSE of Dyer, Nevada",reviewed,0,26,earthquake,1.3, Nevada,-117.8828,37.3529,3.8,2022-01-06 08:50:10.815000+00:00,1,blue,1
1674777992460,"13km NNE of Clearlake Oaks, CA",reviewed,0,31,earthquake,1.43,California,-122.6338333,39.141,3.4,2023-01-27 00:06:32.460000+00:00,1,blue,1
1647523736330,"8 km WSW of New Market, Tennessee",reviewed,0,103,earthquake,2.5, Tennessee,-83.6346667,36.0641667,19.57,2022-03-17 13:28:56.330000+00:00,0,red,0
1679034770790,"19km N of Deep Springs, CA",reviewed,0,42,earthquake,1.65,California,-117.9861667,37.5431667,3.18,2023-03-17 06:32:50.790000+00:00,1,blue,1
1663752391250,"10km WSW of Niland, CA",reviewed,0,67,earthquake,2.08,California,-115.6115,33.1955,2.54,2022-09-21 09:26:31.250000+00:00,0,red,0
1672797376828,"75 km NW of Malango, Solomon Islands",reviewed,0,312,earthquake,4.5, Solomon Islands,159.2781,-9.173,10.0,2023-01-04 01:56:16.828000+00:00,2,green,2
1674310843624,"47 km WNW of Anchor Point, Alaska",reviewed,0,56,earthquake,1.9, Alaska,-152.6256,59.9372,84.4,2023-01-21 14:20:43.624000+00:00,0,red,0
1660696420150,"67 km WNW of Beluga, Alaska",reviewed,0,2,earthquake,0.34, Alaska,-152.283166666667,61.3086666666667,0.09,2022-08-17 00:33:40.150000+00:00,1,blue,1
1679139317893,"30 km NW of Novobod, Tajikistan",reviewed,0,259,earthquake,4.1, Tajikistan,69.9088,39.2065,10.0,2023-03-18 11:35:17.893000+00:00,2,green,2
1657396595190,"7km WNW of Cobb, CA",reviewed,0,34,earthquake,1.49,California,-122.8005,38.8366667,2.2,2022-07-09 19:56:35.190000+00:00,1,blue,1
1664347301300,"8km ESE of Valle Vista, CA",reviewed,0,6,earthquake,0.65,California,-116.8203333,33.7083333,14.38,2022-09-28 06:41:41.300000+00:00,1,blue,1
1646198945450,"66 km SE of West Yellowstone, Montana",reviewed,0,8,earthquake,0.7, Montana,-110.462,44.286,4.03,2022-03-02 05:29:05.450000+00:00,1,blue,1
1682722515273,"218 km S of Adak, Alaska",reviewed,0,112,earthquake,2.7, Alaska,-176.2625,49.9262,10.0,2023-04-28 22:55:15.273000+00:00,0,red,0
1668226532424,"20 km WNW of Central, Alaska",reviewed,0,12,earthquake,0.9, Alaska,-145.2319,65.6318,11.2,2022-11-12 04:15:32.424000+00:00,1,blue,1
1661872142587,"28 km SSE of Mina, Nevada",reviewed,0,6,earthquake,0.6, Nevada,-117.9987,38.1502,4.5,2022-08-30 15:09:02.587000+00:00,1,blue,1
1666393502463,"187 km SSW of Adak, Alaska",reviewed,0,148,earthquake,3.1, Alaska,-177.7162,50.3317,10.0,2022-10-21 23:05:02.463000+00:00,0,red,0
1689120113352,"Kodiak Island region, Alaska",reviewed,0,44,earthquake,1.7, Alaska,-154.5931,57.425,5.0,2023-07-12 00:01:53.352000+00:00,1,red,0
1674141899776,"47 km E of Tonopah, Nevada",reviewed,0,39,earthquake,1.6, Nevada,-116.7013,38.1391,0.0,2023-01-19 15:24:59.776000+00:00,1,blue,1
1675957027346,"75 km NNW of Rachel, Nevada",reviewed,0,56,earthquake,1.9, Nevada,-116.0351,38.2853,0.0,2023-02-09 15:37:07.346000+00:00,0,red,0
1682023664177,"62 km WNW of Anchor Point, Alaska",reviewed,0,22,earthquake,1.2, Alaska,-152.8774,59.963,97.3,2023-04-20 20:47:44.177000+00:00,0,red,0
1649342285169,"83 km S of Unalaska, Alaska",reviewed,0,30,earthquake,1.4, Alaska,-166.7387,53.1332,25.6,2022-04-07 14:38:05.169000+00:00,1,blue,1
1648795118998,"28 km NNE of Sutcliffe, Nevada",reviewed,0,10,earthquake,0.8, Nevada,-119.4419,40.175,11.1,2022-04-01 06:38:38.998000+00:00,1,blue,1
1657635810070,"9 km WSW of Volcano, Hawaii",reviewed,0,9,earthquake,0.77, Hawaii,-155.326333333333,19.4213333333333,5.76,2022-07-12 14:23:30.070000+00:00,1,blue,1
1684311365209,"44 km NW of Ninilchik, Alaska",reviewed,0,26,earthquake,1.3, Alaska,-152.2596,60.321,77.0,2023-05-17 08:16:05.209000+00:00,0,red,0
1681033603490,"8km W of Cobb, CA",reviewed,0,1,earthquake,0.26,California,-122.8165,38.836,1.23,2023-04-09 09:46:43.490000+00:00,1,blue,1
1670942626650,"3km W of Orinda, CA",reviewed,0,8,earthquake,0.74,California,-122.2121667,37.875,6.83,2022-12-13 14:43:46.650000+00:00,1,blue,1
1674929685855,"14 km SSW of Khowy, Iran",reviewed,0,675,earthquake,5.9, Iran,44.9097,38.4199,16.0,2023-01-28 18:14:45.855000+00:00,2,green,2
1654584919880,"9 km NE of P?hala, Hawaii",automatic,0,77,earthquake,2.23, Hawaii,-155.421997070312,19.265832901001,32.9300003051758,2022-06-07 06:55:19.880000+00:00,0,red,0
1644128813027,"216 km ENE of Kuril’sk, Russia",reviewed,0,259,earthquake,4.1, Russia,150.4451,45.9626,111.03,2022-02-06 06:26:53.027000+00:00,2,green,2
1668105587015,"38 km WSW of Alamo, Nevada",reviewed,0,26,earthquake,1.3, Nevada,-115.5729,37.2419,0.0,2022-11-10 18:39:47.015000+00:00,1,blue,1
1676168879766,Southern Alaska,reviewed,0,26,earthquake,1.3,Southern Alaska,-142.9931,60.5176,8.9,2023-02-12 02:27:59.766000+00:00,1,blue,1
1648989501190,"12 km ESE of P?hala, Hawaii",automatic,0,74,earthquake,2.20000005, Hawaii,-155.369003295898,19.15016746521,28.3600006103516,2022-04-03 12:38:21.190000+00:00,0,red,0
1659492082127,"64 km WNW of Nikiski, Alaska",reviewed,0,22,earthquake,1.2, Alaska,-152.3875,60.9167,0.9,2022-08-03 02:01:22.127000+00:00,1,blue,1
1671945016610,"74 km NE of Nikolski, Alaska",reviewed,0,8,earthquake,0.73, Alaska,-168.159,53.4601666666667,3.77,2022-12-25 05:10:16.610000+00:00,1,blue,1
1657557588623,"79 km W of Tomohon, Indonesia",reviewed,0,271,earthquake,4.2, Indonesia,124.0941,1.4277,253.41,2022-07-11 16:39:48.623000+00:00,2,green,2
1672781558021,"85 km NNW of Karluk, Alaska",reviewed,0,19,earthquake,1.1, Alaska,-155.1908,58.2317,4.3,2023-01-03 21:32:38.021000+00:00,1,blue,1
1682065171030,"21km WSW of Round Valley, CA",reviewed,0,13,earthquake,0.91,California,-118.8216667,37.3465,11.16,2023-04-21 08:19:31.030000+00:00,1,blue,1
1680853643547,"42 km E of Tonopah, Nevada",reviewed,0,19,earthquake,1.1, Nevada,-116.7525,38.0351,0.0,2023-04-07 07:47:23.547000+00:00,1,blue,1
1685589989668,Southern Alaska,reviewed,0,22,earthquake,1.2,Southern Alaska,-151.2975,61.6447,9.8,2023-06-01 03:26:29.668000+00:00,1,blue,1
1645827526920,"6km NW of The Geysers, CA",automatic,0,8,earthquake,0.74,California,-122.8068314,38.8161659,1.48,2022-02-25 22:18:46.920000+00:00,1,blue,1
1656754271940,"3 km WSW of Palmarejo, Puerto Rico",reviewed,0,95,earthquake,2.49, Puerto Rico,-67.1096666666667,18.0245,13.43,2022-07-02 09:31:11.940000+00:00,0,red,0
1674933318194,"36 km NE of Tobelo, Indonesia",reviewed,0,432,earthquake,5.3, Indonesia,128.255,1.9439,143.944,2023-01-28 19:15:18.194000+00:00,2,green,2
1650163380172,"62 km NNW of Huslia, Alaska",reviewed,0,15,earthquake,1.0, Alaska,-156.8818,66.2265,8.7,2022-04-17 02:43:00.172000+00:00,1,blue,1
1688338478714,"89 km ENE of Ugashik, Alaska",reviewed,0,39,earthquake,1.6, Alaska,-155.9861,57.7941,5.4,2023-07-02 22:54:38.714000+00:00,1,blue,1
1687465046250,Alaska Peninsula,reviewed,0,5,earthquake,0.55,Alaska Peninsula,-155.107,58.2711666666667,4.91,2023-06-22 20:17:26.250000+00:00,1,blue,1
1670378786390,"3km ENE of The Geysers, CA",automatic,0,19,earthquake,1.12,California,-122.7256699,38.7901649,1.64,2022-12-07 02:06:26.390000+00:00,1,blue,1
1665648433588,"10 km NE of Austin, Nevada",reviewed,0,19,earthquake,1.1, Nevada,-116.9799,39.5617,0.0,2022-10-13 08:07:13.588000+00:00,1,blue,1
1646688416770,"7km NW of The Geysers, CA",reviewed,0,3,earthquake,0.43,California,-122.8038333,38.824,2.49,2022-03-07 21:26:56.770000+00:00,1,blue,1
1669342083836,"76 km NNW of Alatna, Alaska",reviewed,0,44,earthquake,1.7, Alaska,-153.5014,67.1646,7.7,2022-11-25 02:08:03.836000+00:00,0,red,0
1680630255630,"18 km SSE of Waynoka, Oklahoma",reviewed,0,29,earthquake,1.37, Oklahoma,-98.78583333,36.43816667,8.09,2023-04-04 17:44:15.630000+00:00,1,blue,1
1679189797866,"272 km ENE of Dawson City, Canada",reviewed,0,148,earthquake,3.1, Canada,-134.7824,65.4877,10.0,2023-03-19 01:36:37.866000+00:00,0,red,0
1660263309040,"8km SW of Niland, CA",reviewed,0,52,earthquake,1.83,California,-115.583,33.192,3.72,2022-08-12 00:15:09.040000+00:00,0,red,0
1663646808298,California-Nevada border region,reviewed,0,19,earthquake,1.1,California-Nevada border region,-119.4845,38.5364,7.1,2022-09-20 04:06:48.298000+00:00,1,blue,1
1646608406275,"30 km WSW of Petersville, Alaska",reviewed,0,15,earthquake,1.0, Alaska,-151.3384,62.4179,83.4,2022-03-06 23:13:26.275000+00:00,0,red,0
1683272253411,"23 km NW of Ninilchik, Alaska",reviewed,0,44,earthquake,1.7, Alaska,-152.0065,60.1717,74.0,2023-05-05 07:37:33.411000+00:00,0,red,0
1666553324135,"48 km SW of Skwentna, Alaska",reviewed,0,121,earthquake,2.8, Alaska,-151.9597,61.6434,113.3,2022-10-23 19:28:44.135000+00:00,0,red,0
1647244276310,"12km SW of Ocotillo Wells, CA",reviewed,0,11,earthquake,0.84,California,-116.2138333,33.0546667,9.0,2022-03-14 07:51:16.310000+00:00,1,blue,1
1649562927040,"50 km SSE of Nelchina, Alaska",reviewed,0,19,earthquake,1.1, Alaska,-146.3023,61.5951,36.3,2022-04-10 03:55:27.040000+00:00,1,blue,1
1646248429544,"70 km WSW of Clear, Alaska, Alaska",reviewed,0,15,earthquake,1.0, Alaska,-150.6023,64.1241,15.1,2022-03-02 19:13:49.544000+00:00,1,blue,1
1646902323119,"34 km WSW of Covenant Life, Alaska",reviewed,0,26,earthquake,1.3, Alaska,-136.5728,59.2941,24.5,2022-03-10 08:52:03.119000+00:00,1,blue,1
1643931124090,"5 km ESE of La Parguera, Puerto Rico",reviewed,0,68,earthquake,2.1, Puerto Rico,-67.0028333333333,17.957,6.22,2022-02-03 23:32:04.090000+00:00,0,red,0
1651442556610,"8km NW of The Geysers, CA",automatic,0,2,earthquake,0.36,California,-122.8193359,38.8318329,1.82,2022-05-01 22:02:36.610000+00:00,1,blue,1
1673703626899,"7 km SSW of Cooper Landing, Alaska",reviewed,0,22,earthquake,1.2, Alaska,-149.8789,60.4286,31.0,2023-01-14 13:40:26.899000+00:00,1,blue,1
1641881052960,"4 km SW of Volcano, Hawaii",reviewed,0,53,earthquake,1.85, Hawaii,-155.261,19.4106666666667,13.23,2022-01-11 06:04:12.960000+00:00,0,red,0
1650219850320,"8km NW of The Geysers, CA",automatic,0,2,earthquake,0.36,California,-122.8160019,38.831665,1.34,2022-04-17 18:24:10.320000+00:00,1,blue,1
1679220416000,"14 km SSW of Leilani Estates, Hawaii",reviewed,0,86,earthquake,2.37, Hawaii,-154.994666666667,19.3585,1.9,2023-03-19 10:06:56+00:00,0,red,0
1664399739831,Reykjanes Ridge,reviewed,0,326,earthquake,4.6,Reykjanes Ridge,-35.1044,53.6286,10.0,2022-09-28 21:15:39.831000+00:00,2,green,2
1681743880680,Kermadec Islands region,reviewed,0,271,earthquake,4.2,Kermadec Islands region,-179.7503,-31.2275,295.722,2023-04-17 15:04:40.680000+00:00,2,pink,3
1647304642270,"3 km SW of P?hala, Hawaii",reviewed,0,143,earthquake,3.05, Hawaii,-155.497666666667,19.182,33.37,2022-03-15 00:37:22.270000+00:00,0,red,0
1664094670907,"64 km ENE of Pedro Bay, Alaska",reviewed,0,1,earthquake,0.3, Alaska,-153.034,59.9926,4.2,2022-09-25 08:31:10.907000+00:00,1,blue,1
1681170794450,"20km ESE of Julian, CA",reviewed,0,11,earthquake,0.86,California,-116.3978333,33.04,6.25,2023-04-10 23:53:14.450000+00:00,1,blue,1
1666771973000,"11km S of Idyllwild, CA",reviewed,0,2,earthquake,0.4,California,-116.7231667,33.6431667,13.19,2022-10-26 08:12:53+00:00,1,blue,1
1689585237600,"6km NE of Borrego Springs, CA",reviewed,0,56,earthquake,1.91,California,-116.3291667,33.3001667,12.27,2023-07-17 09:13:57.600000+00:00,0,red,0
1679625531609,Banda Sea,reviewed,0,298,earthquake,4.4,Banda Sea,125.692,-6.9806,503.726,2023-03-24 02:38:51.609000+00:00,2,pink,3
1675027169620,"6km NW of The Geysers, CA",reviewed,0,0,earthquake,0.12,California,-122.8095,38.8056667,1.56,2023-01-29 21:19:29.620000+00:00,1,blue,1
1670067350890,"2km SE of Angwin, CA",reviewed,0,24,earthquake,1.25,California,-122.4383333,38.5625,7.1,2022-12-03 11:35:50.890000+00:00,1,blue,1
1675001345351,"152 km NW of Tobelo, Indonesia",reviewed,0,298,earthquake,4.4, Indonesia,127.0706,2.7289,34.347,2023-01-29 14:09:05.351000+00:00,2,green,2
1681395936806,"7 km SW of Weedon Centre, Canada",reviewed,0,75,earthquake,2.2, Canada,-71.5225,45.6527,14.81,2023-04-13 14:25:36.806000+00:00,0,red,0
1651324934570,"10km NNE of Ocotillo Wells, CA",reviewed,0,74,earthquake,2.19,California,-116.0918333,33.224,10.41,2022-04-30 13:22:14.570000+00:00,0,red,0
1677287540001,Central Turkey,reviewed,0,271,earthquake,4.2,Central Turkey,35.9528,36.0592,10.0,2023-02-25 01:12:20.001000+00:00,2,green,2
1676883345700,"86 km NW of Karluk, Alaska",reviewed,0,0,earthquake,0.06, Alaska,-155.3705,58.179,2.48,2023-02-20 08:55:45.700000+00:00,1,blue,1
1689829432160,"10 km NW of The Geysers, CA",automatic,0,13,earthquake,0.93,California,-122.8346634,38.8373337,1.75,2023-07-20 05:03:52.160000+00:00,1,blue,1
1664550080280,"7km W of Cobb, CA",automatic,0,2,earthquake,0.33,California,-122.8024979,38.8284988,1.87,2022-09-30 15:01:20.280000+00:00,1,blue,1
1663608579030,"66 km SE of Madang, Papua New Guinea",reviewed,0,312,earthquake,4.5, Papua New Guinea,146.2039,-5.653,93.188,2022-09-19 17:29:39.030000+00:00,2,green,2
1660881108340,"10 km ENE of P?hala, Hawaii",automatic,0,62,earthquake,2.01, Hawaii,-155.381164550781,19.2303333282471,32.8300018310547,2022-08-19 03:51:48.340000+00:00,0,red,0
1662992597930,"5 km S of P?hala, Hawaii",automatic,0,81,earthquake,2.29999995, Hawaii,-155.478668212891,19.156665802002,31.4300003051758,2022-09-12 14:23:17.930000+00:00,0,red,0
1659012710990,"5km WNW of The Geysers, CA",automatic,0,11,earthquake,0.84,California,-122.8058319,38.7931671,3.09,2022-07-28 12:51:50.990000+00:00,1,blue,1
1679401781325,"166 km NE of Sola, Vanuatu",reviewed,0,259,earthquake,4.1, Vanuatu,168.7747,-12.96,614.563,2023-03-21 12:29:41.325000+00:00,2,pink,3
1689404581300,"2 km WNW of Kettleman City, CA",reviewed,0,39,earthquake,1.59,California,-119.9786667,36.0153333,15.37,2023-07-15 07:03:01.300000+00:00,1,blue,1
1647796075110,"35 km SE of Funny River, Alaska",reviewed,0,50,earthquake,1.8, Alaska,-150.3151,60.2723,48.0,2022-03-20 17:07:55.110000+00:00,0,red,0
1681005705470,"5km SW of Idyllwild, CA",reviewed,0,5,earthquake,0.58,California,-116.7545,33.711,16.12,2023-04-09 02:01:45.470000+00:00,1,blue,1
1688828871770,"22 km SE of Adak, Alaska",reviewed,0,74,earthquake,2.2, Alaska,-176.3713,51.7592,94.4,2023-07-08 15:07:51.770000+00:00,0,red,0
1651031417309,"60 km NNW of Petersville, Alaska",reviewed,0,15,earthquake,1.0, Alaska,-151.0491,63.0199,109.6,2022-04-27 03:50:17.309000+00:00,0,red,0
1669371187652,"78 km SW of Kaktovik, Alaska",reviewed,0,68,earthquake,2.1, Alaska,-144.895,69.5806,8.4,2022-11-25 10:13:07.652000+00:00,0,red,0
1660614604318,"25 km SW of Coyanosa, Texas",reviewed,0,68,earthquake,2.1, Texas,-103.2689237,31.09553289,3.175146484,2022-08-16 01:50:04.318000+00:00,0,red,0
1651493801980,"53 km NE of Kenny Lake, Alaska",reviewed,0,0,earthquake,0.16, Alaska,-144.121333333333,61.9926666666667,13.97,2022-05-02 12:16:41.980000+00:00,1,blue,1
1643010428670,"5km WSW of Daly City, CA",reviewed,0,21,earthquake,1.17,California,-122.52,37.6796667,5.78,2022-01-24 07:47:08.670000+00:00,1,blue,1
1684362863849,Kuril Islands,reviewed,0,284,earthquake,4.3,Kuril Islands,150.9051,47.1764,202.294,2023-05-17 22:34:23.849000+00:00,2,green,2
1674551238889,"155 km S of False Pass, Alaska",reviewed,0,104,earthquake,2.6, Alaska,-163.5272,53.4564,16.93,2023-01-24 09:07:18.889000+00:00,0,red,0
1678495524600,"4 km SE of Quilcene, Washington",reviewed,0,43,earthquake,1.67, Washington,-122.83533333333334,47.78816666666667,22.44,2023-03-11 00:45:24.600000+00:00,0,red,0
1660910110275,"92 km S of Eureka, Nevada",reviewed,0,35,earthquake,1.5, Nevada,-116.1136,38.6837,5.4,2022-08-19 11:55:10.275000+00:00,1,blue,1
1664840101500,"6km NNW of The Geysers, CA",automatic,0,12,earthquake,0.89,California,-122.7939987,38.8235016,2.69,2022-10-03 23:35:01.500000+00:00,1,blue,1
1685277902496,"57 km NNE of Juneau, Alaska",reviewed,0,74,earthquake,2.2, Alaska,-133.8972,58.7438,3.9,2023-05-28 12:45:02.496000+00:00,0,red,0
1663260116980,"22km WSW of Round Valley, CA",reviewed,0,31,earthquake,1.41,California,-118.8386667,37.3681667,17.78,2022-09-15 16:41:56.980000+00:00,1,blue,1
1689498799691,"105 km SSW of Sand Point, Alaska",reviewed,0,178,earthquake,3.4, Alaska,-161.0145,54.4341,11.514,2023-07-16 09:13:19.691000+00:00,0,red,0
1650204246244,South Sandwich Islands region,reviewed,0,312,earthquake,4.5,South Sandwich Islands region,-25.8515,-59.66,41.7,2022-04-17 14:04:06.244000+00:00,2,green,2
1667133734390,"82 km NNW of Karluk, Alaska",reviewed,0,2,earthquake,0.38, Alaska,-154.918166666667,58.265,6.96,2022-10-30 12:42:14.390000+00:00,1,blue,1
1681281654200,"7km W of Cobb, CA",reviewed,0,2,earthquake,0.33,California,-122.7976667,38.8325,0.8,2023-04-12 06:40:54.200000+00:00,1,blue,1
1650127151990,"22km ESE of Little Lake, CA",reviewed,0,14,earthquake,0.96,California,-117.6716667,35.87,4.78,2022-04-16 16:39:11.990000+00:00,1,blue,1
1675735955034,Fiji region,reviewed,0,284,earthquake,4.3,Fiji region,-178.2173,-18.1205,601.967,2023-02-07 02:12:35.034000+00:00,2,pink,3
1686127385910,"4 km WSW of La Parguera, Puerto Rico",reviewed,0,76,earthquake,2.22, Puerto Rico,-67.0808333333333,17.9546666666667,11.22,2023-06-07 08:43:05.910000+00:00,0,red,0
1662604483897,"74 km S of Unalaska, Alaska",reviewed,0,62,earthquake,2.0, Alaska,-166.7266,53.2128,20.7,2022-09-08 02:34:43.897000+00:00,0,red,0
1642898577088,"32 km WNW of Happy Valley, Alaska",reviewed,0,30,earthquake,1.4, Alaska,-152.2527,60.0773,71.9,2022-01-23 00:42:57.088000+00:00,0,red,0
1642705651800,"20 km WNW of Stanley, Idaho",reviewed,0,50,earthquake,1.8, Idaho,-115.1646667,44.3033333,4.77,2022-01-20 19:07:31.800000+00:00,0,red,0
1671871994990,"5 km WSW of Minco, Oklahoma",reviewed,0,13,earthquake,0.93, Oklahoma,-98.00233333,35.28916667,7.84,2022-12-24 08:53:14.990000+00:00,1,blue,1
1647465401547,"5 km SW of Santiago, Mexico",reviewed,0,179,earthquake,3.4, Mexico,-100.1989,25.3946,14.23,2022-03-16 21:16:41.547000+00:00,0,red,0
1676370280670,"8km NW of The Geysers, CA",reviewed,0,2,earthquake,0.34,California,-122.8143333,38.8308333,2.65,2023-02-14 10:24:40.670000+00:00,1,blue,1
1676213902413,"75 km SSW of Adak, Alaska",reviewed,0,112,earthquake,2.7, Alaska,-177.1023,51.2567,32.39,2023-02-12 14:58:22.413000+00:00,0,red,0
1681598769317,Central Alaska,reviewed,0,30,earthquake,1.4,Central Alaska,-149.6839,63.6299,119.2,2023-04-15 22:46:09.317000+00:00,0,red,0
1670025507232,"244 km NNE of Hadibu, Yemen",reviewed,0,284,earthquake,4.3, Yemen,54.8516,14.7053,10.0,2022-12-02 23:58:27.232000+00:00,2,green,2
1653862621020,"8km NE of Pinnacles, CA",reviewed,0,66,earthquake,2.07,California,-121.0833333,36.5823333,11.39,2022-05-29 22:17:01.020000+00:00,0,red,0
1657393547020,"22 km E of Honaunau-Napoopoo, Hawaii",reviewed,0,26,earthquake,1.3, Hawaii,-155.655666666667,19.4735,5.6,2022-07-09 19:05:47.020000+00:00,1,blue,1
1664316855454,"21 km ENE of Skwentna, Alaska",reviewed,0,19,earthquake,1.1, Alaska,-151.0479,62.0954,68.3,2022-09-27 22:14:15.454000+00:00,1,blue,1
1680857722311,"25 km ESE of Beaver, Alaska",reviewed,0,30,earthquake,1.4, Alaska,-146.8626,66.2689,12.0,2023-04-07 08:55:22.311000+00:00,1,blue,1
1661399500694,"82 km NNW of Karluk, Alaska",reviewed,0,15,earthquake,1.0, Alaska,-155.0983,58.228,22.7,2022-08-25 03:51:40.694000+00:00,1,blue,1
1651378456034,"18 km WNW of Beluga, Alaska",reviewed,0,30,earthquake,1.4, Alaska,-151.4227,61.1828,77.2,2022-05-01 04:14:16.034000+00:00,0,red,0
1672444354913,"46 km S of Moíres, Greece",reviewed,0,246,earthquake,4.0, Greece,24.8996,34.6296,10.0,2022-12-30 23:52:34.913000+00:00,2,green,2
1666115626239,Southern Alaska,reviewed,0,30,earthquake,1.4,Southern Alaska,-147.6613,61.5369,19.2,2022-10-18 17:53:46.239000+00:00,1,blue,1
1672654667990,"2 km SSW of Guánica, Puerto Rico",reviewed,0,61,earthquake,1.99, Puerto Rico,-66.9216666666667,17.948,13.59,2023-01-02 10:17:47.990000+00:00,0,red,0
1667870520140,"Olympic Peninsula, Washington",reviewed,0,38,earthquake,1.57, Washington,-123.94133333333332,47.61183333333334,0.65,2022-11-08 01:22:00.140000+00:00,1,blue,1
1663637741250,"21 km SSW of Mammoth, Wyoming",reviewed,0,1,earthquake,0.29, Wyoming,-110.8048333,44.7931667,5.31,2022-09-20 01:35:41.250000+00:00,1,blue,1
1676495248130,"17km S of Mineral, CA",reviewed,0,54,earthquake,1.87,California,-121.5513333,40.2021667,9.39,2023-02-15 21:07:28.130000+00:00,0,red,0
1665208279677,"3 km WSW of Eureka Roadhouse, Alaska",reviewed,0,15,earthquake,1.0, Alaska,-147.2229,61.9237,39.6,2022-10-08 05:51:19.677000+00:00,1,blue,1
1654441416750,"10km E of Mammoth Lakes, CA",reviewed,0,0,earthquake,0.05,California,-118.8658333,37.624,1.54,2022-06-05 15:03:36.750000+00:00,1,blue,1
1649333478380,South Sandwich Islands region,reviewed,0,271,earthquake,4.2,South Sandwich Islands region,-24.1612,-56.7382,10.0,2022-04-07 12:11:18.380000+00:00,2,green,2
1686752864124,"71 km N of Khandūd, Afghanistan",reviewed,0,259,earthquake,4.1, Afghanistan,72.3681,37.5969,192.286,2023-06-14 14:27:44.124000+00:00,2,green,2
1671300477633,"19 km SW of Miyazaki, Japan",reviewed,0,354,earthquake,4.8, Japan,131.2924,31.7711,79.865,2022-12-17 18:07:57.633000+00:00,2,green,2
1662845628207,"52 km N of Chase, Alaska",reviewed,0,81,earthquake,2.3, Alaska,-150.1464,62.9242,93.6,2022-09-10 21:33:48.207000+00:00,0,red,0
1647467490294,"30 km SE of Mina, Nevada",reviewed,0,30,earthquake,1.4, Nevada,-117.8977,38.1685,8.6,2022-03-16 21:51:30.294000+00:00,1,blue,1
1672273461656,"Kodiak Island region, Alaska",reviewed,0,129,earthquake,2.9, Alaska,-152.4644,58.1557,42.0,2022-12-29 00:24:21.656000+00:00,0,red,0
1657509343179,"5 km N of Stroud, Oklahoma",reviewed,0,6,earthquake,0.63, Oklahoma,-96.65883333,35.79716667,7.44,2022-07-11 03:15:43.179000+00:00,1,blue,1
1657163079110,"3km E of The Geysers, CA",automatic,0,4,earthquake,0.53,California,-122.7249985,38.7786674,1.31,2022-07-07 03:04:39.110000+00:00,1,blue,1
1684831742450,Washington,reviewed,0,1,earthquake,0.23,Washington,-121.97933333333332,46.86516666666667,6.79,2023-05-23 08:49:02.450000+00:00,1,blue,1
1668446504385,"84 km NNW of Karluk, Alaska",reviewed,0,4,earthquake,0.5, Alaska,-154.9575,58.2767,2.0,2022-11-14 17:21:44.385000+00:00,1,blue,1
1666970183440,"11km NNW of Anza, CA",reviewed,0,37,earthquake,1.56,California,-116.7393333,33.6376667,13.77,2022-10-28 15:16:23.440000+00:00,1,blue,1
1683264407100,"8km NW of The Geysers, CA",automatic,0,3,earthquake,0.43,California,-122.822998,38.8230019,2.6,2023-05-05 05:26:47.100000+00:00,1,blue,1
1671810479840,"8 km E of P?hala, Hawaii",automatic,0,78,earthquake,2.25, Hawaii,-155.397506713867,19.2024993896484,32.4799995422363,2022-12-23 15:47:59.840000+00:00,0,red,0
1686480959060,"11km NW of The Geysers, CA",automatic,0,13,earthquake,0.92,California,-122.8570023,38.8311653,2.36,2023-06-11 10:55:59.060000+00:00,1,blue,1
1663742556150,"Island of Hawaii, Hawaii",reviewed,0,20,earthquake,1.14, Hawaii,-155.282666666667,19.3975,0.05,2022-09-21 06:42:36.150000+00:00,1,blue,1
1670887837220,"4 km SW of P?hala, Hawaii",automatic,0,53,earthquake,1.85000002, Hawaii,-155.507339477539,19.1746673583984,32.6399993896484,2022-12-12 23:30:37.220000+00:00,0,red,0
1647115188600,"44 km WNW of Nikiski, Alaska",reviewed,1,566,earthquake,4.8, Alaska,-152.0819,60.79,94.7,2022-03-12 19:59:48.600000+00:00,2,green,2
1670060136230,"23km NW of Parkfield, CA",reviewed,0,25,earthquake,1.28,California,-120.6128333,36.0493333,3.29,2022-12-03 09:35:36.230000+00:00,1,blue,1
1654645804520,"8km NNE of Borrego Springs, CA",reviewed,0,13,earthquake,0.91,California,-116.3376667,33.3261667,11.1,2022-06-07 23:50:04.520000+00:00,1,blue,1
1657728280840,"8km NNE of Borrego Springs, CA",reviewed,0,40,earthquake,1.62,California,-116.3291667,33.3148333,10.79,2022-07-13 16:04:40.840000+00:00,1,blue,1
1657942347730,"76 km N of Culebra, Puerto Rico",reviewed,0,211,earthquake,3.7, Puerto Rico,-65.2131,18.9923,23.0,2022-07-16 03:32:27.730000+00:00,2,green,2
1652422435734,"56 km S of Sarupathar, India",reviewed,0,284,earthquake,4.3, India,96.8329,25.6938,10.0,2022-05-13 06:13:55.734000+00:00,2,green,2
1651160603020,"5 km SW of Fuig, Puerto Rico",reviewed,0,50,earthquake,1.8, Puerto Rico,-66.9586666666667,17.9595,11.94,2022-04-28 15:43:23.020000+00:00,0,red,0
1656466513710,"10 km ENE of P?hala, Hawaii",automatic,0,91,earthquake,2.43, Hawaii,-155.384002685547,19.2253341674805,29.8400001525879,2022-06-29 01:35:13.710000+00:00,0,red,0
1647333345700,"2km ESE of Aromas, CA",reviewed,0,13,earthquake,0.93,California,-121.6206667,36.8778333,7.82,2022-03-15 08:35:45.700000+00:00,1,blue,1
1667030246688,"16 km ESE of Kasilof, Alaska",reviewed,0,39,earthquake,1.6, Alaska,-150.989,60.303,66.3,2022-10-29 07:57:26.688000+00:00,0,red,0
1648055557343,"29 km NE of Kobuk, Alaska",reviewed,0,15,earthquake,1.0, Alaska,-156.501,67.1247,29.1,2022-03-23 17:12:37.343000+00:00,1,blue,1
1660263585971,Peru-Ecuador border region,reviewed,0,326,earthquake,4.6,Peru-Ecuador border region,-80.6168,-3.3998,43.108,2022-08-12 00:19:45.971000+00:00,2,green,2
1676971601598,"55 km NE of Susitna North, Alaska",reviewed,0,12,earthquake,0.9, Alaska,-149.0033,62.4727,46.5,2023-02-21 09:26:41.598000+00:00,1,blue,1
1654073977230,"4 km S of P?hala, Hawaii",automatic,0,65,earthquake,2.05999994, Hawaii,-155.469833374023,19.1588325500488,31.1499996185303,2022-06-01 08:59:37.230000+00:00,0,red,0
1676970278960,"3km SSW of Ridgemark, CA",reviewed,0,114,earthquake,2.61,California,-121.3748333,36.7895,3.85,2023-02-21 09:04:38.960000+00:00,0,red,0
1655556695670,"84 km NNW of Karluk, Alaska",reviewed,0,0,earthquake,0.02, Alaska,-154.9895,58.2733333333333,2.5,2022-06-18 12:51:35.670000+00:00,1,blue,1
1653857156250,"5km SSE of Coso Junction, CA",reviewed,0,12,earthquake,0.89,California,-117.92,36.0105,2.63,2022-05-29 20:45:56.250000+00:00,1,blue,1
1689208612820,"12 km SE of Pāhala, Hawaii",automatic,0,86,earthquake,2.36, Hawaii,-155.410659790039,19.1066665649414,30.4400005340576,2023-07-13 00:36:52.820000+00:00,0,red,0
1661222427600,"7km NNE of Banning, CA",reviewed,0,16,earthquake,1.02,California,-116.8378333,33.981,17.65,2022-08-23 02:40:27.600000+00:00,1,blue,1
1653116283380,"16km W of Searles Valley, CA",reviewed,0,9,earthquake,0.75,California,-117.58,35.769,7.9,2022-05-21 06:58:03.380000+00:00,1,blue,1
1674016572170,"9km SW of Calistoga, CA",reviewed,0,39,earthquake,1.6,California,-122.6513333,38.5243333,6.91,2023-01-18 04:36:12.170000+00:00,1,blue,1
1649954919793,"65 km NE of Cordova, Alaska",reviewed,0,22,earthquake,1.2, Alaska,-144.8504,60.9244,10.3,2022-04-14 16:48:39.793000+00:00,1,blue,1
1664659185392,"31 km NNW of Beluga, Alaska",reviewed,0,62,earthquake,2.0, Alaska,-151.3154,61.396,67.0,2022-10-01 21:19:45.392000+00:00,0,red,0
1665166494547,"73 km SW of Fort McPherson, Canada",reviewed,0,68,earthquake,2.1, Canada,-136.2572,67.0544,34.2,2022-10-07 18:14:54.547000+00:00,0,red,0
1659781618650,"22km SSW of La Quinta, CA",reviewed,0,9,earthquake,0.75,California,-116.4366667,33.4923333,13.65,2022-08-06 10:26:58.650000+00:00,1,blue,1
1669380291200,"Island of Hawaii, Hawaii",reviewed,0,55,earthquake,1.89, Hawaii,-155.621,19.4311666666667,0.16,2022-11-25 12:44:51.200000+00:00,0,red,0
1677841666656,"south of Java, Indonesia",reviewed,0,271,earthquake,4.2, Indonesia,113.3758,-10.8483,10.0,2023-03-03 11:07:46.656000+00:00,2,green,2
1676449481850,"13km NW of The Geysers, CA",automatic,0,15,earthquake,0.99,California,-122.8751678,38.8423347,2.22,2023-02-15 08:24:41.850000+00:00,1,blue,1
1653475394731,Southern Alaska,reviewed,0,50,earthquake,1.8,Southern Alaska,-150.448,61.0045,57.2,2022-05-25 10:43:14.731000+00:00,0,red,0
1675004834210,"36 km WNW of Adak, Alaska",reviewed,0,25,earthquake,1.28, Alaska,-177.157333333333,51.9486666666667,2.15,2023-01-29 15:07:14.210000+00:00,1,blue,1
1662141732270,"3km SW of Salton City, CA",reviewed,0,13,earthquake,0.93,California,-115.975,33.2776667,3.63,2022-09-02 18:02:12.270000+00:00,1,blue,1
1648465259496,"27 km SSE of Mina, Nevada",reviewed,0,8,earthquake,0.7, Nevada,-117.977,38.1619,2.2,2022-03-28 11:00:59.496000+00:00,1,blue,1
1667128132824,"169 km W of Gorontalo, Indonesia",reviewed,0,326,earthquake,4.6, Indonesia,121.5564,0.3198,206.271,2022-10-30 11:08:52.824000+00:00,2,green,2
1654304689160,"84 km W of Adak, Alaska",reviewed,0,0,earthquake,0.01, Alaska,-177.861833333333,51.8653333333333,8.39,2022-06-04 01:04:49.160000+00:00,1,blue,1
1662760941090,"11km ENE of Ridgecrest, CA",reviewed,0,17,earthquake,1.06,California,-117.556,35.6426667,11.17,2022-09-09 22:02:21.090000+00:00,1,blue,1
1659924791490,"12km SSW of Searles Valley, CA",reviewed,0,8,earthquake,0.72,California,-117.4533333,35.665,9.55,2022-08-08 02:13:11.490000+00:00,1,blue,1
1672327196963,"38 km WSW of Stevens Village, Alaska",reviewed,0,26,earthquake,1.3, Alaska,-149.843,65.8515,12.8,2022-12-29 15:19:56.963000+00:00,1,blue,1
1671118006552,"17 km ESE of Livengood, Alaska",reviewed,0,50,earthquake,1.8, Alaska,-148.2252,65.4396,11.0,2022-12-15 15:26:46.552000+00:00,0,red,0
1648384999570,"13 km ESE of P?hala, Hawaii",automatic,0,54,earthquake,1.87, Hawaii,-155.356994628906,19.1690006256104,30.8999996185303,2022-03-27 12:43:19.570000+00:00,0,red,0
1664453293060,"17km W of La Jolla, CA",reviewed,0,29,earthquake,1.38,California,-117.4488333,32.8205,15.61,2022-09-29 12:08:13.060000+00:00,1,blue,1
1641028759560,"8km W of Cobb, CA",automatic,0,11,earthquake,0.85,California,-122.8095016,38.8333321,2.32,2022-01-01 09:19:19.560000+00:00,1,blue,1
1655054178810,"49 km N of Valdez, Alaska",reviewed,0,30,earthquake,1.4, Alaska,-146.3409,61.5789,20.0,2022-06-12 17:16:18.810000+00:00,1,blue,1
1656485863510,"2km NW of The Geysers, CA",automatic,0,15,earthquake,1.0,California,-122.7679977,38.7874985,2.09,2022-06-29 06:57:43.510000+00:00,1,blue,1
1666999199619,"36 km SSE of Alianza Cristiana, Peru",reviewed,0,326,earthquake,4.6, Peru,-76.2845,-3.7733,108.034,2022-10-28 23:19:59.619000+00:00,2,green,2
1687391617050,"10km NE of Milpitas, CA",reviewed,0,18,earthquake,1.08,California,-121.8258333,37.4851667,7.47,2023-06-21 23:53:37.050000+00:00,1,blue,1
1668425157824,"59 km WNW of Petersville, Alaska",reviewed,0,19,earthquake,1.1, Alaska,-151.8253,62.7211,9.4,2022-11-14 11:25:57.824000+00:00,1,blue,1
1660627123375,"44 km SW of Nanwalek, Alaska",reviewed,0,22,earthquake,1.2, Alaska,-152.4641,59.0738,72.2,2022-08-16 05:18:43.375000+00:00,0,red,0
1651130849087,"Rat Islands, Aleutian Islands, Alaska",reviewed,0,148,earthquake,3.1, Aleutian Islands,178.544,51.3412,35.0,2022-04-28 07:27:29.087000+00:00,0,red,0
1683025825526,"27 km E of Forsan, Texas",reviewed,0,62,earthquake,2.0, Texas,-101.0710032,32.10662842,8.436889647999998,2023-05-02 11:10:25.526000+00:00,0,red,0
1667868238633,"Andreanof Islands, Aleutian Islands, Alaska",reviewed,0,74,earthquake,2.2, Aleutian Islands,-173.2799,51.9176,55.0,2022-11-08 00:43:58.633000+00:00,0,red,0
1654885609450,"3km NW of The Geysers, CA",reviewed,0,1,earthquake,0.2,California,-122.7808333,38.7971667,3.21,2022-06-10 18:26:49.450000+00:00,1,blue,1
1656717853113,southern Iran,reviewed,0,667,earthquake,5.7,southern Iran,55.2572,26.8843,7.0,2022-07-01 23:24:13.113000+00:00,2,green,2
1649331660055,"23 km NNE of Old Harbor, Alaska",reviewed,0,19,earthquake,1.1, Alaska,-153.1753,57.3997,27.2,2022-04-07 11:41:00.055000+00:00,1,blue,1
1662773233356,"261 km ESE of Biak, Indonesia",reviewed,0,326,earthquake,4.6, Indonesia,138.1849,-2.2376,10.0,2022-09-10 01:27:13.356000+00:00,2,green,2
1665299550540,"5km WNW of The Geysers, CA",automatic,0,11,earthquake,0.84,California,-122.8058319,38.7926674,3.4,2022-10-09 07:12:30.540000+00:00,1,blue,1
1654252870995,"151 km E of Atka, Alaska",reviewed,0,158,earthquake,3.2, Alaska,-172.0251,52.456,116.999,2022-06-03 10:41:10.995000+00:00,0,red,0
1665938447307,"92 km SE of Ugashik, Alaska",reviewed,0,96,earthquake,2.5, Alaska,-156.1487,57.0277,66.2,2022-10-16 16:40:47.307000+00:00,0,red,0
1682720512162,"19 km NNW of Beluga, Alaska",reviewed,0,12,earthquake,0.9, Alaska,-151.2315,61.2995,70.6,2023-04-28 22:21:52.162000+00:00,1,blue,1
1649762729400,"65 km SW of Unalaska, Alaska",reviewed,0,50,earthquake,1.8, Alaska,-167.2739,53.4811,74.7,2022-04-12 11:25:29.400000+00:00,0,red,0
1690013596100,"84 km NW of Karluk, Alaska",reviewed,0,1,earthquake,0.21, Alaska,-155.284666666667,58.1803333333333,1.59,2023-07-22 08:13:16.100000+00:00,1,blue,1
1647246918104,"Rat Islands, Aleutian Islands, Alaska",reviewed,0,129,earthquake,2.9, Aleutian Islands,175.7757,50.919,14.38,2022-03-14 08:35:18.104000+00:00,0,red,0
1642111136190,"5 km WSW of Volcano, Hawaii",reviewed,0,43,earthquake,1.67, Hawaii,-155.2765,19.4161666666667,10.77,2022-01-13 21:58:56.190000+00:00,0,red,0
1674327301430,"13km SE of Bodfish, CA",reviewed,0,21,earthquake,1.17,California,-118.3891667,35.502,8.57,2023-01-21 18:55:01.430000+00:00,1,blue,1
1679731835260,"11 km SSE of Maria Antonia, Puerto Rico",reviewed,0,55,earthquake,1.89, Puerto Rico,-66.8365,17.885,15.15,2023-03-25 08:10:35.260000+00:00,0,red,0
1656643097180,"10km NW of The Geysers, CA",reviewed,0,3,earthquake,0.41,California,-122.8405,38.8436667,1.56,2022-07-01 02:38:17.180000+00:00,1,blue,1
1657705646640,"2km WSW of Lake Henshaw, CA",reviewed,0,11,earthquake,0.85,California,-116.7795,33.2348333,11.53,2022-07-13 09:47:26.640000+00:00,1,blue,1
1685721206692,"10 km NW of Nikiski, Alaska",reviewed,0,26,earthquake,1.3, Alaska,-151.4407,60.7493,67.1,2023-06-02 15:53:26.692000+00:00,0,red,0
1671554021550,"10km WSW of Ferndale, CA",reviewed,0,159,earthquake,3.2,California,-124.3623333,40.5303333,17.7,2022-12-20 16:33:41.550000+00:00,0,red,0
1663265307410,"14 km SE of Ashford, Washington",reviewed,0,2,earthquake,0.39, Washington,-121.92333333333332,46.655166666666666,7.55,2022-09-15 18:08:27.410000+00:00,1,blue,1
1683852793360,"2km NE of Almanor, CA",reviewed,0,94,earthquake,2.43,California,-121.1536667,40.231,5.91,2023-05-12 00:53:13.360000+00:00,0,red,0
1667150401827,"26 km SSE of Chickaloon, Alaska",reviewed,0,10,earthquake,0.8, Alaska,-148.2505,61.5798,16.1,2022-10-30 17:20:01.827000+00:00,1,blue,1
1673233067905,Nevada,reviewed,0,50,earthquake,1.8,Nevada,-117.8749,38.1404,10.7,2023-01-09 02:57:47.905000+00:00,0,red,0
1644589273660,"20km E of Little Lake, CA",reviewed,0,133,earthquake,2.93,California,-117.6876667,35.9163333,2.79,2022-02-11 14:21:13.660000+00:00,0,red,0
1679660787390,"8km W of Cobb, CA",reviewed,0,22,earthquake,1.2,California,-122.8155,38.8346667,1.48,2023-03-24 12:26:27.390000+00:00,1,blue,1
1645796510167,"31 km NNW of Nuku‘alofa, Tonga",reviewed,0,385,earthquake,5.0, Tonga,-175.3593,-20.8913,10.0,2022-02-25 13:41:50.167000+00:00,2,green,2
1664656855670,"6 km ESE of Hebgen Lake Estates, Montana",reviewed,0,8,earthquake,0.73, Montana,-111.11,44.754,13.51,2022-10-01 20:40:55.670000+00:00,1,blue,1
1647707545580,"144 km SW of Tual, Indonesia",reviewed,0,340,earthquake,4.7, Indonesia,131.8574,-6.5762,10.0,2022-03-19 16:32:25.580000+00:00,2,green,2
1683716947970,"Island of Hawaii, Hawaii",automatic,0,55,earthquake,1.89, Hawaii,-155.327835083008,19.4071674346924,2.48000001907349,2023-05-10 11:09:07.970000+00:00,0,red,0
1645820898433,"38 km NE of Paxson, Alaska",reviewed,0,19,earthquake,1.1, Alaska,-145.1094,63.3541,8.7,2022-02-25 20:28:18.433000+00:00,1,blue,1
1661436136105,"41 km SSE of Denali National Park, Alaska",reviewed,0,12,earthquake,0.9, Alaska,-151.3272,63.2137,9.1,2022-08-25 14:02:16.105000+00:00,1,blue,1
1664448491879,"139 km W of Aykol, China",reviewed,0,284,earthquake,4.3, China,78.4899,41.1228,10.0,2022-09-29 10:48:11.879000+00:00,2,green,2
1651226935307,"30 km E of Pedro Bay, Alaska",reviewed,0,35,earthquake,1.5, Alaska,-153.572,59.7544,118.3,2022-04-29 10:08:55.307000+00:00,0,red,0
1659632607900,"34 km SSE of Goldfield, Nevada",reviewed,0,19,earthquake,1.1, Nevada,-117.1264,37.4085,0.0,2022-08-04 17:03:27.900000+00:00,1,blue,1
1656064574680,"9km WNW of Cobb, CA",reviewed,0,1,earthquake,0.24,California,-122.824,38.8413333,2.23,2022-06-24 09:56:14.680000+00:00,1,blue,1
1688253061770,"7km W of Cobb, CA",automatic,0,8,earthquake,0.72,California,-122.8063354,38.8346672,2.26,2023-07-01 23:11:01.770000+00:00,1,blue,1
1681429071820,"6km NNW of The Geysers, CA",automatic,0,17,earthquake,1.04,California,-122.7884979,38.8213348,1.27,2023-04-13 23:37:51.820000+00:00,1,blue,1
1642638810130,"2 km SSW of P?hala, Hawaii",automatic,0,72,earthquake,2.17000008, Hawaii,-155.488159179688,19.1813335418701,34.4000015258789,2022-01-20 00:33:30.130000+00:00,0,red,0
1680515042520,"105 km W of Adak, Alaska",reviewed,0,8,earthquake,0.74, Alaska,-178.17,51.879,11.67,2023-04-03 09:44:02.520000+00:00,1,blue,1
1672857561830,"94 km NNW of Karluk, Alaska",reviewed,0,0,earthquake,0.11, Alaska,-154.886333333333,58.386,1.81,2023-01-04 18:39:21.830000+00:00,1,blue,1
1646719938325,"53 km ENE of Pedro Bay, Alaska",reviewed,0,68,earthquake,2.1, Alaska,-153.2043,59.9521,120.0,2022-03-08 06:12:18.325000+00:00,0,red,0
1660706566785,"17 km SW of Stanley, Idaho",reviewed,0,19,earthquake,1.1, Idaho,-115.0955,44.1059,10.0,2022-08-17 03:22:46.785000+00:00,1,blue,1
1644903214660,"4km ENE of San Leandro, CA",reviewed,0,33,earthquake,1.46,California,-122.1173333,37.743,9.3,2022-02-15 05:33:34.660000+00:00,1,blue,1
1676047341692,"34 km W of Valdez, Alaska",reviewed,0,19,earthquake,1.1, Alaska,-146.9762,61.1801,9.5,2023-02-10 16:42:21.692000+00:00,1,blue,1
1655322264020,"16km ESE of Little Lake, CA",reviewed,0,20,earthquake,1.15,California,-117.736,35.906,8.02,2022-06-15 19:44:24.020000+00:00,1,blue,1
1674558800534,"0 km E of Paxton, California",reviewed,0,39,earthquake,1.6, California,-120.9869,40.0374,15.7,2023-01-24 11:13:20.534000+00:00,1,blue,1
1656307505462,"119 km SSE of Sand Point, Alaska",reviewed,0,56,earthquake,1.9, Alaska,-159.8615,54.3307,19.3,2022-06-27 05:25:05.462000+00:00,0,red,0
1680194559697,"31 km WSW of Manley Hot Springs, Alaska",reviewed,0,12,earthquake,0.9, Alaska,-151.242,64.8908,14.2,2023-03-30 16:42:39.697000+00:00,1,blue,1
1664342464297,"13 km ESE of Fernley, Nevada",reviewed,0,56,earthquake,1.9, Nevada,-119.0961,39.5833,8.4,2022-09-28 05:21:04.297000+00:00,0,red,0
1664361843832,"63 km SSE of Adak, Alaska",reviewed,0,44,earthquake,1.7, Alaska,-176.1389,51.3977,20.4,2022-09-28 10:44:03.832000+00:00,0,red,0
1674685021943,"111 km SSW of False Pass, Alaska",reviewed,0,96,earthquake,2.5, Alaska,-163.8304,53.8806,35.0,2023-01-25 22:17:01.943000+00:00,0,red,0
1644680602002,"135 km NW of Yakutat, Alaska",reviewed,0,39,earthquake,1.6, Alaska,-141.6828,60.2699,9.1,2022-02-12 15:43:22.002000+00:00,1,blue,1
1645160781299,"45 km ESE of Ugashik, Alaska",reviewed,0,81,earthquake,2.3, Alaska,-156.669,57.4014,110.8,2022-02-18 05:06:21.299000+00:00,0,red,0
1655817527172,"47 km E of Big Pine, California",reviewed,0,19,earthquake,1.1, California,-117.7557,37.1275,5.9,2022-06-21 13:18:47.172000+00:00,1,blue,1
1664570999520,"17km ESE of Anza, CA",reviewed,0,3,earthquake,0.43,California,-116.505,33.4891667,11.53,2022-09-30 20:49:59.520000+00:00,1,blue,1
1648775728049,southeast of the Loyalty Islands,reviewed,0,298,earthquake,4.4,southeast of the Loyalty Islands,170.6864,-22.4795,10.0,2022-04-01 01:15:28.049000+00:00,2,green,2
1681385480012,"25 km NNW of Fishhook, Alaska",reviewed,0,15,earthquake,1.0, Alaska,-149.4268,61.9577,39.8,2023-04-13 11:31:20.012000+00:00,1,blue,1
1679973420466,"95 km W of Port-Vila, Vanuatu",reviewed,0,340,earthquake,4.7, Vanuatu,167.4254,-17.8664,10.0,2023-03-28 03:17:00.466000+00:00,2,green,2
1678778996690,"87 km W of Adak, Alaska",reviewed,0,63,earthquake,2.03, Alaska,-177.9065,51.8658333333333,4.59,2023-03-14 07:29:56.690000+00:00,0,red,0
1645608130240,"3km NNW of The Geysers, CA",automatic,0,6,earthquake,0.63,California,-122.7703323,38.8019981,0.39,2022-02-23 09:22:10.240000+00:00,1,blue,1
1661685229580,"11 km ENE of P?hala, Hawaii",automatic,0,85,earthquake,2.3499999, Hawaii,-155.377838134766,19.2498340606689,31.2800006866455,2022-08-28 11:13:49.580000+00:00,0,red,0
1656012964680,"4km NE of Beaumont, CA",reviewed,0,26,earthquake,1.29,California,-116.9403333,33.9558333,15.49,2022-06-23 19:36:04.680000+00:00,1,blue,1
1677973789582,"113 km E of McCarthy, Alaska",reviewed,0,22,earthquake,1.2, Alaska,-140.8048,61.3926,13.9,2023-03-04 23:49:49.582000+00:00,1,blue,1
1688529122848,"12 km S of Gateway, Alaska",reviewed,0,15,earthquake,1.0, Alaska,-149.226,61.4576,28.4,2023-07-05 03:52:02.848000+00:00,1,blue,1
1665989517590,"86 km NNW of Karluk, Alaska",reviewed,0,1,earthquake,0.25, Alaska,-154.9905,58.2923333333333,2.8,2022-10-17 06:51:57.590000+00:00,1,blue,1
1650446111180,"7km WNW of Cobb, CA",automatic,0,11,earthquake,0.83,California,-122.8001633,38.836834,2.14,2022-04-20 09:15:11.180000+00:00,1,blue,1
1676348339700,"8km NW of The Geysers, CA",reviewed,0,22,earthquake,1.19,California,-122.8181667,38.8303333,1.9,2023-02-14 04:18:59.700000+00:00,1,blue,1
1656764916800,"11km ESE of Pinnacles, CA",reviewed,0,41,earthquake,1.64,California,-121.0303333,36.4851667,11.55,2022-07-02 12:28:36.800000+00:00,1,blue,1
1652154007577,South Sandwich Islands region,reviewed,0,400,earthquake,5.1,South Sandwich Islands region,-26.3215,-59.6585,35.0,2022-05-10 03:40:07.577000+00:00,2,green,2
1673140914922,"36 km NNW of Sutton-Alpine, Alaska",reviewed,0,30,earthquake,1.4, Alaska,-149.0711,62.0712,31.6,2023-01-08 01:21:54.922000+00:00,1,blue,1
1669236028484,"63 km NNE of Chickaloon, Alaska",reviewed,0,22,earthquake,1.2, Alaska,-148.1269,62.3459,43.5,2022-11-23 20:40:28.484000+00:00,1,blue,1
1664117324267,"122 km E of Nikolski, Alaska",reviewed,0,50,earthquake,1.8, Alaska,-167.0694,52.7535,3.3,2022-09-25 14:48:44.267000+00:00,0,red,0
1683007226780,"100 km W of Adak, Alaska",reviewed,0,21,earthquake,1.17, Alaska,-178.092666666667,51.8635,3.44,2023-05-02 06:00:26.780000+00:00,1,blue,1
1641557376641,Philippine Islands region,reviewed,0,284,earthquake,4.3,Philippine Islands region,127.2269,5.0283,93.29,2022-01-07 12:09:36.641000+00:00,2,green,2
1644443091613,"104 km E of Nikolski, Alaska",reviewed,0,62,earthquake,2.0, Alaska,-167.3026,52.9245,34.6,2022-02-09 21:44:51.613000+00:00,0,red,0
1671216763890,"13 km SW of Duncan, Canada",reviewed,0,41,earthquake,1.63, Canada,-123.83666666666667,48.6955,40.72,2022-12-16 18:52:43.890000+00:00,0,red,0
1677280323205,"5 km NNE of Johnson Lane, Nevada",reviewed,0,2,earthquake,0.4, Nevada,-119.7089,39.0932,10.7,2023-02-24 23:12:03.205000+00:00,1,blue,1
1675100688860,"17 km N of Chickaloon, Alaska",reviewed,0,10,earthquake,0.8, Alaska,-148.4528,61.952,20.5,2023-01-30 17:44:48.860000+00:00,1,blue,1
1652481988718,"29 km ENE of Beluga, Alaska",reviewed,0,30,earthquake,1.4, Alaska,-150.5971,61.2705,44.4,2022-05-13 22:46:28.718000+00:00,0,red,0
1678569177505,"26 km WNW of Salamatof, Alaska",reviewed,0,30,earthquake,1.4, Alaska,-151.7849,60.6897,76.4,2023-03-11 21:12:57.505000+00:00,0,red,0
1643470891600,"23km SSW of La Quinta, CA",reviewed,0,3,earthquake,0.42,California,-116.4273333,33.4796667,15.0,2022-01-29 15:41:31.600000+00:00,1,blue,1
1643215437330,"1 km E of Ames Lake, Washington",reviewed,0,35,earthquake,1.5, Washington,-121.9525,47.6316666666667,23.04,2022-01-26 16:43:57.330000+00:00,1,blue,1
1645704481951,"2 km W of Walker, California",reviewed,0,15,earthquake,1.0, California,-119.5096,38.5197,5.9,2022-02-24 12:08:01.951000+00:00,1,blue,1
1667623460438,"103 km SSE of Nikolai, Alaska",reviewed,0,12,earthquake,0.9, Alaska,-153.3917,62.2018,7.9,2022-11-05 04:44:20.438000+00:00,1,blue,1
1646236857979,"43 km N of Chase, Alaska",reviewed,0,15,earthquake,1.0, Alaska,-149.948,62.8304,76.7,2022-03-02 16:00:57.979000+00:00,1,blue,1
1650339002120,"3km ESE of Cloverdale, CA",reviewed,0,35,earthquake,1.48,California,-122.9866667,38.7951667,1.07,2022-04-19 03:30:02.120000+00:00,1,blue,1
1647246469646,"80 km SSW of Unalaska, Alaska",reviewed,0,39,earthquake,1.6, Alaska,-166.8245,53.1713,45.3,2022-03-14 08:27:49.646000+00:00,0,red,0
1681085816357,"Kenai Peninsula, Alaska",reviewed,1,734,earthquake,4.8, Alaska,-150.8293,60.9876,55.5,2023-04-10 00:16:56.357000+00:00,2,green,2
1646202147692,"62 km E of Cantwell, Alaska",reviewed,0,10,earthquake,0.8, Alaska,-147.721,63.5052,7.6,2022-03-02 06:22:27.692000+00:00,1,blue,1
1652961518674,"135 km S of Unalaska, Alaska",reviewed,0,50,earthquake,1.8, Alaska,-166.8982,52.6776,8.8,2022-05-19 11:58:38.674000+00:00,0,red,0
1675806139270,"18 km E of Hebgen Lake Estates, Montana",reviewed,0,5,earthquake,0.58, Montana,-110.9605,44.7933333,8.06,2023-02-07 21:42:19.270000+00:00,1,blue,1
1668898745444,"60 km NW of Ninilchik, Alaska",reviewed,0,30,earthquake,1.4, Alaska,-152.5339,60.3768,2.7,2022-11-19 22:59:05.444000+00:00,1,blue,1
1641479211297,"36 km SE of Adak, Alaska",reviewed,0,104,earthquake,2.6, Alaska,-176.2127,51.6716,66.3,2022-01-06 14:26:51.297000+00:00,0,red,0
1663006993139,"37 km NW of Toyah, Texas",reviewed,0,81,earthquake,2.3, Texas,-104.0128536,31.59694184,6.157275391,2022-09-12 18:23:13.139000+00:00,0,red,0
1658849505760,"3km E of The Geysers, CA",automatic,0,6,earthquake,0.61,California,-122.7246704,38.7771683,1.87,2022-07-26 15:31:45.760000+00:00,1,blue,1
1683067924202,"12 km NE of Greenhorn, California",reviewed,0,4,earthquake,0.5, California,-120.6296,39.967,22.2,2023-05-02 22:52:04.202000+00:00,1,blue,1
1652670919000,"25km NNE of Trona, CA",reviewed,0,11,earthquake,0.85,California,-117.3176667,35.981,2.6,2022-05-16 03:15:19+00:00,1,blue,1
1668771671044,"81 km ESE of Denali Park, Alaska",reviewed,0,35,earthquake,1.5, Alaska,-147.3239,63.5342,3.5,2022-11-18 11:41:11.044000+00:00,1,blue,1
1675534684664,"17 km SE of Denali National Park, Alaska",reviewed,0,39,earthquake,1.6, Alaska,-151.4307,63.4475,7.7,2023-02-04 18:18:04.664000+00:00,1,blue,1
1684933728220,"18 km NW of Challis, Idaho",reviewed,0,41,earthquake,1.64, Idaho,-114.368333333333,44.6426666666667,3.96,2023-05-24 13:08:48.220000+00:00,1,blue,1
1646834862050,"Unimak Island region, Alaska",reviewed,0,56,earthquake,1.9, Alaska,-163.333,54.6538,13.1,2022-03-09 14:07:42.050000+00:00,0,red,0
1677738573836,"41 km SE of Denali National Park, Alaska",reviewed,0,62,earthquake,2.0, Alaska,-151.1326,63.2731,5.3,2023-03-02 06:29:33.836000+00:00,0,red,0
1643435702400,"11km WNW of Toms Place, CA",reviewed,0,8,earthquake,0.7,California,-118.7813333,37.615,6.51,2022-01-29 05:55:02.400000+00:00,1,blue,1
1677003574050,"6 km SSW of Indios, Puerto Rico",reviewed,0,63,earthquake,2.03, Puerto Rico,-66.8395,17.9403333333333,11.69,2023-02-21 18:19:34.050000+00:00,0,red,0
1671116774660,"5km NE of San Luis Obispo, CA",reviewed,0,22,earthquake,1.2,California,-120.6186667,35.308,10.61,2022-12-15 15:06:14.660000+00:00,1,blue,1
1646870347730,"6km SE of Redlands, CA",reviewed,0,4,earthquake,0.49,California,-117.1455,34.0148333,4.11,2022-03-09 23:59:07.730000+00:00,1,blue,1
1648876225955,"114 km SSE of Sand Point, Alaska",reviewed,0,104,earthquake,2.6, Alaska,-159.7286,54.4088,20.71,2022-04-02 05:10:25.955000+00:00,0,red,0
1661294284980,"2km NNE of The Geysers, CA",automatic,0,1,earthquake,0.21,California,-122.7506638,38.7975006,1.57,2022-08-23 22:38:04.980000+00:00,1,blue,1
1663783953240,"10km SSW of Idyllwild, CA",reviewed,0,4,earthquake,0.51,California,-116.7458333,33.6543333,13.74,2022-09-21 18:12:33.240000+00:00,1,blue,1
1662599884707,"133 km SSE of Sand Point, Alaska",reviewed,0,62,earthquake,2.0, Alaska,-159.8602,54.1942,25.6,2022-09-08 01:18:04.707000+00:00,0,red,0
1687461319050,"8km NW of The Geysers, CA",reviewed,0,3,earthquake,0.44,California,-122.8141667,38.8313333,2.23,2023-06-22 19:15:19.050000+00:00,1,blue,1
1667635980010,"9 km NNW of Portage, Utah",reviewed,0,20,earthquake,1.14, Utah,-112.2848333,42.058,0.31,2022-11-05 08:13:00.010000+00:00,1,blue,1
1688836560729,"71 km SSE of Perryville, Alaska",reviewed,0,56,earthquake,1.9, Alaska,-158.9037,55.2866,24.9,2023-07-08 17:16:00.729000+00:00,0,red,0
1647300461008,"53 km SE of Adak, Alaska",reviewed,0,39,earthquake,1.6, Alaska,-176.1761,51.4911,32.1,2022-03-14 23:27:41.008000+00:00,0,red,0
1673669417310,"84 km SE of Chignik, Alaska",reviewed,0,81,earthquake,2.3, Alaska,-157.5652,55.6946,28.9,2023-01-14 04:10:17.310000+00:00,0,red,0
1652080752580,"2km WNW of Anderson Springs, CA",reviewed,0,23,earthquake,1.23,California,-122.7178333,38.78,1.85,2022-05-09 07:19:12.580000+00:00,1,blue,1
1675053297480,"1km NNW of The Geysers, CA",reviewed,0,7,earthquake,0.69,California,-122.7601667,38.7895,1.84,2023-01-30 04:34:57.480000+00:00,1,blue,1
1643514701650,"10km NE of Aguanga, CA",reviewed,0,2,earthquake,0.33,California,-116.778,33.4955,3.81,2022-01-30 03:51:41.650000+00:00,1,blue,1
1648610135180,"6 km WSW of Fuig, Puerto Rico",reviewed,0,63,earthquake,2.02, Puerto Rico,-66.9668333333333,17.956,13.89,2022-03-30 03:15:35.180000+00:00,0,red,0
1676626189150,Idaho-Montana border region,reviewed,0,4,earthquake,0.49,Idaho-Montana border region,-111.1096667,44.7393333,8.41,2023-02-17 09:29:49.150000+00:00,1,blue,1
1643921489287,Southern Alaska,reviewed,0,62,earthquake,2.0,Southern Alaska,-154.5371,59.0739,40.6,2022-02-03 20:51:29.287000+00:00,0,red,0
1649632559161,"0 km ENE of Chickaloon, Alaska",reviewed,0,10,earthquake,0.8, Alaska,-148.4607,61.7973,10.0,2022-04-10 23:15:59.161000+00:00,1,blue,1
1672271466710,"6km NNW of The Geysers, CA",reviewed,0,1,earthquake,0.21,California,-122.7915,38.8213333,1.46,2022-12-28 23:51:06.710000+00:00,1,blue,1
1663629953340,"7km NW of The Geysers, CA",automatic,0,14,earthquake,0.96,California,-122.8103333,38.8261681,1.45,2022-09-19 23:25:53.340000+00:00,1,blue,1
1672185429537,"56 km SE of Pedro Bay, Alaska",reviewed,0,68,earthquake,2.1, Alaska,-153.5141,59.3758,90.2,2022-12-27 23:57:09.537000+00:00,0,red,0
1684774666009,Oklahoma,reviewed,0,23,earthquake,1.22,Oklahoma,-97.863,35.18066667,6.85,2023-05-22 16:57:46.009000+00:00,1,blue,1
1684354212720,"5 km SSW of Volcano, Hawaii",reviewed,0,3,earthquake,0.45, Hawaii,-155.2485,19.3933333333333,0.92,2023-05-17 20:10:12.720000+00:00,1,blue,1
1644299147969,"79 km WSW of Nanwalek, Alaska",reviewed,0,50,earthquake,1.8, Alaska,-153.2623,59.1655,78.3,2022-02-08 05:45:47.969000+00:00,0,red,0
1679808234050,"10km NW of The Geysers, CA",automatic,0,19,earthquake,1.12,California,-122.8378296,38.8380013,1.98,2023-03-26 05:23:54.050000+00:00,1,blue,1
1686459736256,"23 km SW of Trapper Creek, Alaska",reviewed,0,26,earthquake,1.3, Alaska,-150.5532,62.1699,7.1,2023-06-11 05:02:16.256000+00:00,1,blue,1
1665353009190,"8km W of Cobb, CA",automatic,0,11,earthquake,0.85,California,-122.8161697,38.8363342,1.47,2022-10-09 22:03:29.190000+00:00,1,blue,1
1673941620263,"88 km NW of Karluk, Alaska",reviewed,0,30,earthquake,1.4, Alaska,-155.3806,58.1908,0.9,2023-01-17 07:47:00.263000+00:00,1,blue,1
1661141052780,"6 km SSW of Indios, Puerto Rico",reviewed,0,102,earthquake,2.57, Puerto Rico,-66.8368333333333,17.941,12.24,2022-08-22 04:04:12.780000+00:00,0,red,0
1645772324690,"4 km S of P?hala, Hawaii",automatic,0,78,earthquake,2.25, Hawaii,-155.475830078125,19.1599998474121,31.1800003051758,2022-02-25 06:58:44.690000+00:00,0,red,0
1664006550421,"82 km W of San Antonio, Chile",reviewed,0,326,earthquake,4.6, Chile,-72.4951,-33.6572,21.876,2022-09-24 08:02:30.421000+00:00,2,green,2
1656591384010,"3 km S of P?hala, Hawaii",automatic,0,50,earthquake,1.79999995, Hawaii,-155.484664916992,19.1679992675781,32.7400016784668,2022-06-30 12:16:24.010000+00:00,0,red,0
1661392279470,"24 km ENE of Adak, Alaska",reviewed,0,20,earthquake,1.15, Alaska,-176.321666666667,51.9775,17.64,2022-08-25 01:51:19.470000+00:00,1,blue,1
1685926771716,"36 km W of Tyonek, Alaska",reviewed,0,19,earthquake,1.1, Alaska,-151.8089,61.0226,78.8,2023-06-05 00:59:31.716000+00:00,0,red,0
1688743496900,"2km NNE of The Geysers, CA",reviewed,0,4,earthquake,0.51,California,-122.75,38.7986667,1.29,2023-07-07 15:24:56.900000+00:00,1,blue,1
1684813337081,"34 km WNW of Willow, Alaska",reviewed,0,22,earthquake,1.2, Alaska,-150.6398,61.8792,67.5,2023-05-23 03:42:17.081000+00:00,0,red,0
1667804917465,"24 km NW of Stanley, Idaho",reviewed,0,35,earthquake,1.5, Idaho,-115.1913,44.3469,10.0,2022-11-07 07:08:37.465000+00:00,1,blue,1
1646439206949,"23 km E of Kirovsk, Russia",reviewed,0,298,earthquake,4.4, Russia,34.2193,67.6379,10.79,2022-03-05 00:13:26.949000+00:00,2,green,2
1671164734720,"5km NW of The Geysers, CA",automatic,0,5,earthquake,0.56,California,-122.7935028,38.8069992,3.59,2022-12-16 04:25:34.720000+00:00,1,blue,1
1642362452946,"78 km ESE of Nikolski, Alaska",reviewed,0,178,earthquake,3.4, Alaska,-167.7144,52.7975,35.0,2022-01-16 19:47:32.946000+00:00,0,red,0
1672830457320,"57 km NW of Toyah, Texas",reviewed,0,81,earthquake,2.3, Texas,-104.2518478,31.65723791,6.697143555000001,2023-01-04 11:07:37.320000+00:00,0,red,0
1657491033481,"Andreanof Islands, Aleutian Islands, Alaska",reviewed,0,246,earthquake,4.0, Aleutian Islands,-175.9573,51.5264,46.278,2022-07-10 22:10:33.481000+00:00,2,green,2
1688889679171,"47 km SSE of Glacier View, Alaska",reviewed,0,22,earthquake,1.2, Alaska,-147.2273,61.428,7.2,2023-07-09 08:01:19.171000+00:00,1,blue,1
1656850307980,"13 km W of Wisdom, Montana",reviewed,0,13,earthquake,0.93, Montana,-113.6216667,45.6203333,7.05,2022-07-03 12:11:47.980000+00:00,1,blue,1
1681148545600,Puerto Rico region,reviewed,0,88,earthquake,2.39,Puerto Rico region,-66.8948333333333,17.9405,9.79,2023-04-10 17:42:25.600000+00:00,0,red,0
1650548840022,"71 km SW of Nanwalek, Alaska",reviewed,0,22,earthquake,1.2, Alaska,-152.874,58.9362,69.2,2022-04-21 13:47:20.022000+00:00,0,red,0
1661039046120,"15km ENE of Coachella, CA",reviewed,0,28,earthquake,1.36,California,-116.0388333,33.7486667,2.76,2022-08-20 23:44:06.120000+00:00,1,blue,1
1688519658060,"4km NNW of Almanor, CA",reviewed,0,66,earthquake,2.07,California,-121.1913333,40.2471667,0.72,2023-07-05 01:14:18.060000+00:00,0,red,0
1666343654992,"63 km SW of Sand Point, Alaska",reviewed,0,56,earthquake,1.9, Alaska,-161.1694,54.9182,40.5,2022-10-21 09:14:14.992000+00:00,0,red,0
1642342283280,"5 km SW of Volcano, Hawaii",reviewed,0,1,earthquake,0.26, Hawaii,-155.267833333333,19.409,1.28,2022-01-16 14:11:23.280000+00:00,1,blue,1
1648603943334,"45 km SSE of Denali National Park, Alaska",reviewed,0,15,earthquake,1.0, Alaska,-151.4194,63.1571,12.8,2022-03-30 01:32:23.334000+00:00,1,blue,1
1662939165465,"10 km NE of Dutch Harbor, Alaska",reviewed,0,129,earthquake,2.9, Alaska,-166.4257,53.9588,16.036,2022-09-11 23:32:45.465000+00:00,0,red,0
1677316019110,"13km WSW of Toms Place, CA",reviewed,0,18,earthquake,1.07,California,-118.8033333,37.4976667,7.79,2023-02-25 09:06:59.110000+00:00,1,blue,1
1650759684804,"28 km SSE of Mina, Nevada",reviewed,0,19,earthquake,1.1, Nevada,-117.986,38.1539,8.2,2022-04-24 00:21:24.804000+00:00,1,blue,1
1650988285770,"6 km ENE of P?hala, Hawaii",reviewed,0,96,earthquake,2.5, Hawaii,-155.423333333333,19.2185,33.26,2022-04-26 15:51:25.770000+00:00,0,red,0
1652262265900,Southern Alaska,reviewed,0,1,earthquake,0.3,Southern Alaska,-152.31,60.9743333333333,13.03,2022-05-11 09:44:25.900000+00:00,1,blue,1
1673318973074,"Kepulauan Babar, Indonesia",reviewed,0,312,earthquake,4.5, Indonesia,129.9937,-7.0226,93.765,2023-01-10 02:49:33.074000+00:00,2,green,2
1649960869760,"11 km ENE of P?hala, Hawaii",reviewed,0,97,earthquake,2.51, Hawaii,-155.385,19.2523333333333,32.22,2022-04-14 18:27:49.760000+00:00,0,red,0
1663479992940,"6km S of Brawley, CA",reviewed,0,52,earthquake,1.83,California,-115.5255,32.928,9.28,2022-09-18 05:46:32.940000+00:00,0,red,0
1658307694275,"52 km W of Tyonek, Alaska",reviewed,0,30,earthquake,1.4, Alaska,-152.0967,61.1402,99.1,2022-07-20 09:01:34.275000+00:00,0,red,0
1669714410843,"7 km SSE of Houston, Alaska",reviewed,0,19,earthquake,1.1, Alaska,-149.756,61.5703,45.9,2022-11-29 09:33:30.843000+00:00,1,blue,1
1686656399290,"32 km SSW of White Mountain, Alaska",reviewed,0,104,earthquake,2.6, Alaska,-163.709,64.4203,24.1,2023-06-13 11:39:59.290000+00:00,0,red,0
1662854935414,"46 km ENE of Kainantu, Papua New Guinea",reviewed,0,326,earthquake,4.6, Papua New Guinea,146.2595,-6.1539,107.788,2022-09-11 00:08:55.414000+00:00,2,green,2
1669519838030,"37 km SW of Trapper Creek, Alaska",reviewed,0,68,earthquake,2.1, Alaska,-150.6741,62.0484,64.7,2022-11-27 03:30:38.030000+00:00,0,red,0
1646057140340,"11km NE of Coso Junction, CA",reviewed,0,35,earthquake,1.51,California,-117.8638333,36.1188333,3.76,2022-02-28 14:05:40.340000+00:00,1,blue,1
1647401144553,South Sandwich Islands region,reviewed,0,284,earthquake,4.3,South Sandwich Islands region,-25.4941,-57.9577,57.17,2022-03-16 03:25:44.553000+00:00,2,green,2
1657846577930,"4km NW of Diamond Bar, CA",reviewed,0,21,earthquake,1.17,California,-117.8443333,34.0543333,12.22,2022-07-15 00:56:17.930000+00:00,1,blue,1
1642682178766,"73 km WNW of Happy Valley, Alaska",reviewed,0,35,earthquake,1.5, Alaska,-152.9854,60.1532,120.5,2022-01-20 12:36:18.766000+00:00,0,red,0
1656273208242,"34 km SE of Mina, Nevada",automatic,0,12,earthquake,0.9, Nevada,-117.828,38.1729,4.3,2022-06-26 19:53:28.242000+00:00,1,blue,1
1642192516072,"66 km SSW of Adak, Alaska",reviewed,0,44,earthquake,1.7, Alaska,-177.0605,51.3362,33.5,2022-01-14 20:35:16.072000+00:00,0,red,0
1683762412817,"Fox Islands, Aleutian Islands, Alaska",reviewed,0,89,earthquake,2.4, Aleutian Islands,-167.0328,53.5075,22.211,2023-05-10 23:46:52.817000+00:00,0,red,0
1662039858458,"29 km SE of Mina, Nevada",automatic,0,4,earthquake,0.5, Nevada,-117.8851,38.1896,4.2,2022-09-01 13:44:18.458000+00:00,1,blue,1
1664463276128,Reykjanes Ridge,reviewed,0,312,earthquake,4.5,Reykjanes Ridge,-35.0125,54.0401,10.0,2022-09-29 14:54:36.128000+00:00,2,green,2
1685597434155,"56 km WNW of Akhiok, Alaska",reviewed,0,50,earthquake,1.8, Alaska,-155.0411,57.126,47.3,2023-06-01 05:30:34.155000+00:00,0,red,0
1657961181715,"20 km SW of Point Possession, Alaska",reviewed,0,35,earthquake,1.5, Alaska,-150.9763,60.8037,58.1,2022-07-16 08:46:21.715000+00:00,0,red,0
1660161969672,"6 km ENE of Coleville, California",reviewed,0,26,earthquake,1.3, California,-119.4428,38.5917,4.3,2022-08-10 20:06:09.672000+00:00,1,blue,1
1651291491300,"64 km W of Adak, Alaska",reviewed,0,6,earthquake,0.64, Alaska,-177.571333333333,51.8386666666667,7.14,2022-04-30 04:04:51.300000+00:00,1,blue,1
1662969071540,"12km NW of Parkfield, CA",reviewed,0,10,earthquake,0.8,California,-120.53,35.9738333,5.07,2022-09-12 07:51:11.540000+00:00,1,blue,1
1688549068040,"50 km ESE of Denali Park, Alaska",reviewed,0,50,earthquake,1.8, Alaska,-147.9769,63.5534,7.2,2023-07-05 09:24:28.040000+00:00,0,red,0
1680100652084,"49 km NE of Kaktovik, Alaska",reviewed,0,168,earthquake,3.3, Alaska,-142.5869,70.4087,13.3,2023-03-29 14:37:32.084000+00:00,0,red,0
1644419474130,"3 km SSE of Magas Arriba, Puerto Rico",reviewed,0,65,earthquake,2.05, Puerto Rico,-66.76,17.9868333333333,13.2,2022-02-09 15:11:14.130000+00:00,0,red,0
1652947517110,"1 km SSW of P?hala, Hawaii",automatic,0,84,earthquake,2.33, Hawaii,-155.484832763672,19.1865005493164,32.7299995422363,2022-05-19 08:05:17.110000+00:00,0,red,0
1689832573640,"5 km WNW of Cobb, CA",automatic,0,8,earthquake,0.7,California,-122.7826691,38.8378334,1.37,2023-07-20 05:56:13.640000+00:00,1,blue,1
1686443105655,"Rat Islands, Aleutian Islands, Alaska",reviewed,0,271,earthquake,4.2, Aleutian Islands,178.3152,52.0007,121.437,2023-06-11 00:25:05.655000+00:00,2,green,2
1688149355120,"23 km NW of Stanley, Idaho",reviewed,0,48,earthquake,1.77, Idaho,-115.1785,44.3338333333333,12.89,2023-06-30 18:22:35.120000+00:00,0,red,0
1647692725923,"90 km SE of D?r?b, Iran",reviewed,0,343,earthquake,4.7, Iran,55.2753,28.2577,10.0,2022-03-19 12:25:25.923000+00:00,2,green,2
1664708881550,"3 km SSE of Indios, Puerto Rico",reviewed,0,86,earthquake,2.37, Puerto Rico,-66.8088333333333,17.9618333333333,15.8,2022-10-02 11:08:01.550000+00:00,0,red,0
1689497271915,"82 km SSW of Sand Point, Alaska",reviewed,0,112,earthquake,2.7, Alaska,-161.0494,54.6618,15.8,2023-07-16 08:47:51.915000+00:00,0,red,0
1673586250407,"84 km ESE of King Cove, Alaska",reviewed,0,121,earthquake,2.8, Alaska,-161.1928,54.6727,35.0,2023-01-13 05:04:10.407000+00:00,0,red,0
1657730988452,"37 km ESE of Skwentna, Alaska",reviewed,0,19,earthquake,1.1, Alaska,-150.7304,61.8689,51.4,2022-07-13 16:49:48.452000+00:00,1,blue,1
1672190983319,"68 km SE of Perryville, Alaska",reviewed,0,89,earthquake,2.4, Alaska,-158.4947,55.4173,6.9,2022-12-28 01:29:43.319000+00:00,0,red,0
1659654020250,"23 km WNW of Volcano, Hawaii",reviewed,0,77,earthquake,2.24, Hawaii,-155.450833333333,19.5066666666667,2.46,2022-08-04 23:00:20.250000+00:00,0,red,0
1673038098140,Washington,reviewed,0,1,earthquake,0.2,Washington,-122.182,46.19983333333333,3.6,2023-01-06 20:48:18.140000+00:00,1,blue,1
1671792956714,Southwest Indian Ridge,reviewed,0,312,earthquake,4.5,Southwest Indian Ridge,49.0183,-38.0975,10.0,2022-12-23 10:55:56.714000+00:00,2,green,2
1663480480230,"81 km E of Yujing, Taiwan",reviewed,0,327,earthquake,4.6, Taiwan,121.2548,23.1318,10.0,2022-09-18 05:54:40.230000+00:00,2,green,2
1643952606285,"2 km SSE of Trapper Creek, Alaska",reviewed,0,15,earthquake,1.0, Alaska,-150.2119,62.2951,20.1,2022-02-04 05:30:06.285000+00:00,1,blue,1
1678485806031,"51 km W of Anchor Point, Alaska",reviewed,0,44,earthquake,1.7, Alaska,-152.7472,59.8264,83.3,2023-03-10 22:03:26.031000+00:00,0,red,0
1677965333751,"18 km NNW of Beluga, Alaska",reviewed,0,50,earthquake,1.8, Alaska,-151.1655,61.301,57.7,2023-03-04 21:28:53.751000+00:00,0,red,0
1682482028630,"2km W of Anderson Springs, CA",reviewed,0,9,earthquake,0.75,California,-122.7153333,38.7775,1.92,2023-04-26 04:07:08.630000+00:00,1,blue,1
1654647513985,"3 km WSW of Point Possession, Alaska",reviewed,0,39,earthquake,1.6, Alaska,-150.7474,60.9085,13.3,2022-06-08 00:18:33.985000+00:00,1,blue,1
1641616709589,"18 km WNW of Galena, Alaska",reviewed,0,26,earthquake,1.3, Alaska,-157.298,64.7711,13.4,2022-01-08 04:38:29.589000+00:00,1,blue,1
1671191463227,Northern California,reviewed,0,10,earthquake,0.8,Northern California,-121.0668,40.1098,2.7,2022-12-16 11:51:03.227000+00:00,1,blue,1
1670534153150,"37 km NNE of Amboy, Washington",reviewed,0,5,earthquake,0.5700000000000001, Washington,-122.20266666666669,46.2005,2.81,2022-12-08 21:15:53.150000+00:00,1,blue,1
1684766890165,"7 km WNW of Hoehne, Colorado",reviewed,0,68,earthquake,2.1, Colorado,-104.4671,37.2973,5.554,2023-05-22 14:48:10.165000+00:00,0,red,0
1657920566409,"41 km SE of Blenheim, New Zealand",reviewed,0,285,earthquake,4.3, New Zealand,174.3265,-41.7596,10.0,2022-07-15 21:29:26.409000+00:00,2,green,2
1666961246910,"3km SSE of Lake Henshaw, CA",reviewed,0,65,earthquake,2.05,California,-116.7513333,33.217,10.34,2022-10-28 12:47:26.910000+00:00,0,red,0
1642672812501,"27 km WNW of Stanley, Idaho",reviewed,0,96,earthquake,2.5, Idaho,-115.217,44.3507,10.0,2022-01-20 10:00:12.501000+00:00,0,red,0
1647099631310,"4km SE of Redlands, CA",reviewed,0,25,earthquake,1.28,California,-117.1555,34.0261667,9.63,2022-03-12 15:40:31.310000+00:00,1,blue,1
1684963712340,"7km WNW of Cobb, CA",automatic,0,2,earthquake,0.36,California,-122.7990036,38.8376656,1.92,2023-05-24 21:28:32.340000+00:00,1,blue,1
1663352734200,Washington,reviewed,0,1,earthquake,0.28,Washington,-120.01933333333334,47.71966666666667,4.67,2022-09-16 18:25:34.200000+00:00,1,blue,1
1684584188130,"5 km SSW of Volcano, Hawaii",reviewed,0,29,earthquake,1.38, Hawaii,-155.25,19.3923333333333,1.67,2023-05-20 12:03:08.130000+00:00,1,blue,1
1664380682680,"4km E of Brea, CA",reviewed,0,18,earthquake,1.07,California,-117.8525,33.92,12.76,2022-09-28 15:58:02.680000+00:00,1,blue,1
1659532223127,"57 km ENE of Luganville, Vanuatu",reviewed,0,259,earthquake,4.1, Vanuatu,167.6667,-15.3498,128.732,2022-08-03 13:10:23.127000+00:00,2,green,2
1666711745255,"50 km NNW of Aleneva, Alaska",reviewed,0,44,earthquake,1.7, Alaska,-153.3575,58.4477,60.5,2022-10-25 15:29:05.255000+00:00,0,red,0
1673732226854,"18 km NNE of Eureka Roadhouse, Alaska",reviewed,0,15,earthquake,1.0, Alaska,-147.0564,62.0981,44.1,2023-01-14 21:37:06.854000+00:00,1,blue,1
1653078708680,"15km ENE of Coso Junction, CA",reviewed,0,16,earthquake,1.03,California,-117.799,36.0995,9.2,2022-05-20 20:31:48.680000+00:00,1,blue,1
1650565763062,"39 km ESE of Cordova, Alaska",reviewed,0,19,earthquake,1.1, Alaska,-145.1533,60.3503,19.3,2022-04-21 18:29:23.062000+00:00,1,blue,1
1682799881070,"3km SSW of Heber, CA",reviewed,0,56,earthquake,1.9,California,-115.5411667,32.7063333,7.15,2023-04-29 20:24:41.070000+00:00,0,red,0
1652845945111,"227 km SSE of Katsuura, Japan",reviewed,0,483,earthquake,5.6, Japan,141.4573,33.3301,13.0,2022-05-18 03:52:25.111000+00:00,2,green,2
1653559466390,"62 km WNW of Nanwalek, Alaska",reviewed,0,15,earthquake,1.0, Alaska,-152.9731,59.5351,92.4,2022-05-26 10:04:26.390000+00:00,0,red,0
1652850784941,"131 km SE of Akutan, Alaska",reviewed,0,168,earthquake,3.3, Alaska,-164.6307,53.1673,4.19,2022-05-18 05:13:04.941000+00:00,0,red,0
1643264728564,"3 km E of Big Lake, Alaska",reviewed,0,26,earthquake,1.3, Alaska,-149.8802,61.5256,38.6,2022-01-27 06:25:28.564000+00:00,1,blue,1
1671777166970,"4km WNW of The Geysers, CA",automatic,0,9,earthquake,0.76,California,-122.8003311,38.7915001,3.03,2022-12-23 06:32:46.970000+00:00,1,blue,1
